-- phpMyAdmin SQL Dump
-- version 4.9.7
-- https://www.phpmyadmin.net/
--
-- Host: localhost:3306
-- Generation Time: Jan 07, 2022 at 11:13 AM
-- Server version: 5.7.23-23
-- PHP Version: 7.3.32

SET SQL_MODE = "NO_AUTO_VALUE_ON_ZERO";
SET AUTOCOMMIT = 0;
START TRANSACTION;
SET time_zone = "+00:00";


/*!40101 SET @OLD_CHARACTER_SET_CLIENT=@@CHARACTER_SET_CLIENT */;
/*!40101 SET @OLD_CHARACTER_SET_RESULTS=@@CHARACTER_SET_RESULTS */;
/*!40101 SET @OLD_COLLATION_CONNECTION=@@COLLATION_CONNECTION */;
/*!40101 SET NAMES utf8mb4 */;

--
-- Database: `mimtedu_doctor_db`
--

-- --------------------------------------------------------

--
-- Table structure for table `tbl_admin`
--

CREATE TABLE `tbl_admin` (
  `Admin_Id` int(11) NOT NULL,
  `Admin_Username` varchar(100) NOT NULL,
  `Admin_Password` varchar(100) NOT NULL,
  `Admin_Check` varchar(10) NOT NULL
) ENGINE=InnoDB DEFAULT CHARSET=utf8mb4;

--
-- Dumping data for table `tbl_admin`
--

INSERT INTO `tbl_admin` (`Admin_Id`, `Admin_Username`, `Admin_Password`, `Admin_Check`) VALUES
(1, 'admin', '1234', 'SUPER'),
(2, 'subadmin', '123', 'SUB');

-- --------------------------------------------------------

--
-- Table structure for table `tbl_advice`
--

CREATE TABLE `tbl_advice` (
  `Advice_Id` int(11) NOT NULL,
  `Advice_Details` text NOT NULL,
  `Advice_Code` int(50) NOT NULL,
  `Advice_Status` varchar(2) NOT NULL,
  `Advice_Date` datetime(6) NOT NULL DEFAULT CURRENT_TIMESTAMP(6)
) ENGINE=InnoDB DEFAULT CHARSET=utf8mb4;

--
-- Dumping data for table `tbl_advice`
--

INSERT INTO `tbl_advice` (`Advice_Id`, `Advice_Details`, `Advice_Code`, `Advice_Status`, `Advice_Date`) VALUES
(5, 'CZHH powder  ---    দিনে দুবার মাখতে পারেন', 13, '1', '2021-09-22 20:53:59.793879'),
(6, 'Nebulisation with levolin(0.31) respules 1/2 +1ml NS -two times with a gap of 20 mins', 2, '1', '2021-09-22 20:54:07.029659'),
(8, 'Physiotherapy  &  Early stimulation করাতে হবে যেভাবে বলা হল সেভাবে।', 12, '1', '2021-10-08 17:15:26.949980'),
(12, 'Nebulisation with levolin(0.63)respule ', 11, '1', '2021-10-20 05:40:40.305766'),
(13, 'Dermadew B Bar Soap  - সপ্তাহে তিন বার মাখাতে হবে ।', 9, '1', '2021-10-20 05:44:07.511739'),
(14, 'Lactoddex HMF Sachet --One sachet with 25 ml of expressed breast milk to be taken two times daily.', 10, '1', '2021-10-20 05:44:29.069296'),
(15, 'পেট খারাপের সময় দুধ জাতিয় খাবার যেমন ল্যাকটোজেন,সেরেলাক, গরুর দুধ খাবে না, তবে মায়ের দুধ খাবে। গলা ভাত, খিচুড়ি মুড়ি, মেরি বিস্কুট, ডালিয়া খেতে পারে।NESTUM জলে গুলে খেতে পারে।Zerolac milk  --30 ml জলে 1 চামচ করে খেতে পারে।', 8, '1', '2021-10-20 05:45:00.154858'),
(16, 'Dermadew baby lotion- দিনে দুবার মাখাতে হবে।', 5, '1', '2021-10-20 06:01:41.652119'),
(17, 'Use hemalaya baby lotion,baby oil,baby soap,baby shampoo.,', 6, '1', '2021-10-20 06:02:13.819005'),
(20, 'চার সপ্তাহের মাথায় চোখের পরিক্ষা ROP Screening করাতে হবে।', 14, '1', '2021-10-24 04:02:35.461377'),
(21, 'চোখে কাজল দেবে না, মাথা নেড়া করবে না,চান করার আগে বাচ্চার তেল মালিশ করতে পারবেন,চান করার পর মাথায় তেল লাগাবে না।', 4, '1', '2021-10-27 16:22:52.343581'),
(22, 'ছয় মাস শুধু বুকের দুধ খাওয়াবেন, দুই ঘণ্টা পর পর,দুধ খাবার পর ঢেকুর তোলাতে হবে।', 3, '1', '2021-10-27 16:28:55.862515'),
(23, 'Nebulisation with levolin(0.31) respule', 1, '1', '2021-11-12 20:29:14.374809'),
(24, 'শাকসবজি বেশি করে খেতে হবে, বাড়িতে রান্না করা খাবার খেতে হবে, দোকানের জিনিস চোকলেট, চানাচুর চিপস্ খাবে না,আর রোজ পটিতে বসার অভ্যাস করতে হবে।', 16, '1', '2021-11-12 20:35:34.995855');

-- --------------------------------------------------------

--
-- Table structure for table `tbl_advice_for_generate_prescription`
--

CREATE TABLE `tbl_advice_for_generate_prescription` (
  `AG_Id` int(11) NOT NULL,
  `User_Id` int(11) NOT NULL,
  `Advice_Id` int(11) NOT NULL,
  `AM_ID` int(11) NOT NULL,
  `Qty` int(11) NOT NULL,
  `Day` int(11) NOT NULL,
  `AG_Suggest` text NOT NULL,
  `AG_Date` datetime(6) NOT NULL DEFAULT CURRENT_TIMESTAMP(6)
) ENGINE=InnoDB DEFAULT CHARSET=utf8mb4;

--
-- Dumping data for table `tbl_advice_for_generate_prescription`
--

INSERT INTO `tbl_advice_for_generate_prescription` (`AG_Id`, `User_Id`, `Advice_Id`, `AM_ID`, `Qty`, `Day`, `AG_Suggest`, `AG_Date`) VALUES
(8, 3, 5, 0, 0, 0, 'Digis ADD', '2021-09-22 20:54:24.386771'),
(10, 4, 6, 0, 0, 0, 'Digis ADD', '2021-09-22 16:43:41.380214'),
(11, 2, 5, 0, 0, 0, 'Only rest', '2021-09-23 06:15:03.074353'),
(12, 6, 5, 0, 0, 0, 'test', '2021-10-08 06:29:25.740968'),
(13, 9, 8, 0, 0, 0, 'test', '2021-10-14 04:25:45.182326'),
(14, 10, 5, 0, 0, 0, '', '2021-10-18 05:14:10.980442'),
(15, 11, 8, 0, 0, 0, 'ddd', '2021-10-18 18:01:50.220178'),
(24, 19, 6, 0, 0, 0, '', '2021-10-25 17:30:12.723040'),
(25, 19, 13, 0, 0, 0, '', '2021-10-25 17:30:18.811959'),
(26, 19, 12, 0, 0, 0, '', '2021-10-25 17:31:12.147854'),
(27, 20, 6, 0, 0, 0, '', '2021-10-25 17:41:59.879112'),
(28, 20, 13, 0, 0, 0, '', '2021-10-25 17:42:23.534605'),
(29, 20, 6, 0, 0, 0, '', '2021-10-25 17:53:43.599216'),
(31, 18, 6, 0, 0, 0, '', '2021-10-27 16:05:38.784916'),
(32, 22, 17, 0, 0, 0, '', '2021-10-27 16:14:33.741312'),
(33, 22, 20, 0, 0, 0, '', '2021-10-27 16:41:03.639970'),
(34, 23, 20, 0, 0, 0, '', '2021-10-27 16:58:10.403026'),
(35, 23, 21, 0, 0, 0, '', '2021-10-27 17:05:51.486810'),
(36, 26, 22, 0, 0, 0, '', '2021-10-29 12:24:08.494925'),
(37, 26, 22, 0, 0, 0, '', '2021-10-29 16:46:57.950928'),
(38, 27, 22, 0, 0, 0, '', '2021-10-30 15:06:34.850387'),
(39, 27, 16, 0, 0, 0, '', '2021-10-30 15:06:41.360315'),
(42, 18, 22, 0, 0, 0, '', '2021-11-03 16:32:31.295925'),
(44, 18, 8, 0, 0, 0, '', '2021-11-05 18:27:28.501444'),
(49, 37, 6, 0, 0, 0, '', '2021-11-09 05:33:00.267298'),
(50, 54, 16, 0, 0, 0, '', '2021-11-09 06:54:20.459198'),
(51, 54, 13, 0, 0, 0, '', '2021-11-09 06:54:25.639873'),
(52, 58, 12, 0, 0, 0, '', '2021-11-09 07:12:38.978897'),
(53, 64, 12, 0, 0, 0, '', '2021-11-09 07:46:48.548957'),
(54, 70, 16, 0, 0, 0, '', '2021-11-09 08:11:28.666299'),
(55, 70, 13, 0, 0, 0, '', '2021-11-09 08:11:32.866405'),
(56, 74, 12, 0, 0, 0, '', '2021-11-09 08:31:31.549447'),
(57, 80, 12, 0, 0, 0, '', '2021-11-09 08:54:25.048724'),
(58, 87, 6, 0, 0, 0, '', '2021-11-09 10:09:21.369695'),
(59, 96, 12, 0, 0, 0, '', '2021-11-09 10:46:48.340676'),
(60, 97, 12, 0, 0, 0, '', '2021-11-09 10:55:22.504451'),
(61, 101, 12, 0, 0, 0, '', '2021-11-09 11:16:09.136397'),
(62, 106, 16, 0, 0, 0, '', '2021-11-09 12:51:17.431536'),
(63, 106, 13, 0, 0, 0, '', '2021-11-09 12:51:23.488821'),
(64, 111, 16, 0, 0, 0, '', '2021-11-09 13:20:12.797777'),
(65, 115, 12, 0, 0, 0, '', '2021-11-10 05:01:41.266412'),
(66, 116, 12, 0, 0, 0, '', '2021-11-10 05:04:33.078407'),
(67, 129, 6, 0, 0, 0, '', '2021-11-10 06:21:21.362678'),
(68, 130, 12, 0, 0, 0, '', '2021-11-10 06:24:23.735737'),
(69, 132, 12, 0, 0, 0, '', '2021-11-10 06:34:55.539998'),
(70, 133, 12, 0, 0, 0, '', '2021-11-10 06:38:08.587197'),
(71, 138, 6, 0, 0, 0, '', '2021-11-10 07:03:22.463066'),
(72, 139, 17, 0, 0, 0, '', '2021-11-10 07:04:29.204229'),
(73, 140, 12, 0, 0, 0, '', '2021-11-10 07:08:45.912959'),
(74, 144, 12, 0, 0, 0, '', '2021-11-10 07:24:46.536043'),
(75, 152, 12, 0, 0, 0, '', '2021-11-10 07:57:54.083010'),
(76, 157, 17, 0, 0, 0, '', '2021-11-10 08:18:26.978677'),
(77, 158, 6, 0, 0, 0, '', '2021-11-10 08:30:26.039317'),
(78, 161, 12, 0, 0, 0, '', '2021-11-10 08:45:06.748296'),
(79, 166, 17, 0, 0, 0, '', '2021-11-10 09:07:35.141272'),
(80, 167, 17, 0, 0, 0, '', '2021-11-10 09:48:48.363574'),
(81, 172, 12, 0, 0, 0, '', '2021-11-10 10:15:37.743267'),
(82, 181, 6, 0, 0, 0, '', '2021-11-10 10:58:53.233492'),
(83, 188, 12, 0, 0, 0, '', '2021-11-10 11:30:40.758808'),
(84, 193, 12, 0, 0, 0, '', '2021-11-10 12:55:15.972707'),
(85, 200, 12, 0, 0, 0, '', '2021-11-11 05:07:59.892607'),
(86, 203, 12, 0, 0, 0, '', '2021-11-11 05:22:36.666775'),
(87, 209, 17, 0, 0, 0, '', '2021-11-11 05:54:53.597073'),
(88, 211, 17, 0, 0, 0, '', '2021-11-11 05:59:49.939602'),
(89, 215, 6, 0, 0, 0, '', '2021-11-11 06:33:30.961124'),
(90, 216, 17, 0, 0, 0, '', '2021-11-11 06:41:53.601500'),
(91, 220, 17, 0, 0, 0, '', '2021-11-11 07:10:06.045685'),
(92, 221, 17, 0, 0, 0, '', '2021-11-11 07:16:32.217783'),
(93, 222, 17, 0, 0, 0, '', '2021-11-11 07:23:18.917336'),
(94, 224, 17, 0, 0, 0, '', '2021-11-11 07:40:41.905245'),
(95, 228, 12, 0, 0, 0, '', '2021-11-11 07:57:01.484922'),
(96, 226, 12, 0, 0, 0, '', '2021-11-11 08:01:05.416609'),
(97, 231, 12, 0, 0, 0, '', '2021-11-11 08:11:20.107764'),
(98, 233, 17, 0, 0, 0, '', '2021-11-11 08:21:41.140373'),
(99, 238, 17, 0, 0, 0, '', '2021-11-11 08:48:05.713190'),
(100, 239, 12, 0, 0, 0, '', '2021-11-11 08:50:09.576195'),
(101, 241, 17, 0, 0, 0, '', '2021-11-11 08:56:40.568240'),
(102, 246, 12, 0, 0, 0, '', '2021-11-11 11:51:13.662558'),
(103, 247, 17, 0, 0, 0, '', '2021-11-11 12:07:37.647596'),
(104, 255, 12, 0, 0, 0, '', '2021-11-12 05:11:06.596215'),
(105, 259, 17, 0, 0, 0, '', '2021-11-12 05:24:48.760459'),
(106, 260, 12, 0, 0, 0, '', '2021-11-12 05:31:36.448295'),
(107, 261, 17, 0, 0, 0, '', '2021-11-12 05:37:29.958449'),
(108, 263, 12, 0, 0, 0, '', '2021-11-12 05:47:34.154570'),
(110, 268, 12, 0, 0, 0, '', '2021-11-12 06:06:27.059003'),
(111, 272, 12, 0, 0, 0, '', '2021-11-12 06:24:28.441684'),
(112, 275, 17, 0, 0, 0, '', '2021-11-12 06:36:09.062420'),
(113, 289, 12, 0, 0, 0, '', '2021-11-12 08:11:10.696473'),
(114, 291, 13, 0, 0, 0, '', '2021-11-12 08:23:40.985855'),
(115, 302, 12, 0, 0, 0, '', '2021-11-12 09:54:51.408211'),
(116, 309, 6, 0, 0, 0, '', '2021-11-12 10:18:44.045771'),
(117, 308, 17, 0, 0, 0, '', '2021-11-12 10:25:46.587054'),
(118, 306, 12, 0, 0, 0, '', '2021-11-12 10:34:34.237307'),
(119, 312, 12, 0, 0, 0, '', '2021-11-12 10:37:24.311326'),
(121, 314, 12, 0, 0, 0, '', '2021-11-12 11:03:22.838444'),
(122, 315, 12, 0, 0, 0, '', '2021-11-12 11:05:43.842690'),
(123, 319, 15, 0, 0, 0, '', '2021-11-12 11:24:02.225685'),
(124, 321, 17, 0, 0, 0, '', '2021-11-12 11:32:02.425072'),
(125, 325, 17, 0, 0, 0, '', '2021-11-12 11:52:07.507168'),
(127, 331, 13, 0, 0, 0, '', '2021-11-12 13:19:32.127042'),
(128, 337, 17, 0, 0, 0, '', '2021-11-13 04:56:47.847211'),
(129, 338, 24, 0, 0, 0, '', '2021-11-13 05:02:27.674755'),
(130, 340, 6, 0, 0, 0, '', '2021-11-13 05:14:17.441677'),
(131, 342, 23, 0, 0, 0, '', '2021-11-13 05:21:18.720725'),
(132, 345, 17, 0, 0, 0, '', '2021-11-13 05:40:32.660652'),
(133, 355, 23, 0, 0, 0, '', '2021-11-13 06:29:43.084748'),
(134, 362, 17, 0, 0, 0, '', '2021-11-13 07:06:36.873458'),
(135, 364, 24, 0, 0, 0, '', '2021-11-13 07:13:46.122164'),
(136, 365, 16, 0, 0, 0, '', '2021-11-13 07:17:02.779500'),
(137, 365, 24, 0, 0, 0, '', '2021-11-13 07:18:07.060347'),
(138, 369, 24, 0, 0, 0, '', '2021-11-13 07:45:18.100672'),
(139, 370, 23, 0, 0, 0, '', '2021-11-13 07:48:53.031360'),
(140, 373, 17, 0, 0, 0, '', '2021-11-13 08:06:47.099698'),
(141, 374, 17, 0, 0, 0, '', '2021-11-13 08:09:55.366644'),
(142, 375, 23, 0, 0, 0, '', '2021-11-13 08:21:08.729203'),
(143, 378, 17, 0, 0, 0, '', '2021-11-13 08:32:55.259520'),
(144, 381, 17, 0, 0, 0, '', '2021-11-13 08:51:30.485722'),
(145, 390, 17, 0, 0, 0, '', '2021-11-13 10:07:42.303743'),
(146, 391, 23, 0, 0, 0, '', '2021-11-13 10:11:33.738101'),
(147, 393, 12, 0, 0, 0, '', '2021-11-13 10:18:50.333409'),
(148, 398, 12, 0, 0, 0, '', '2021-11-13 10:48:29.725579'),
(150, 401, 24, 0, 0, 0, '', '2021-11-13 11:05:04.740195'),
(151, 408, 17, 0, 0, 0, '', '2021-11-13 11:58:59.700982'),
(152, 420, 23, 0, 0, 0, '', '2021-11-15 05:04:44.075990'),
(153, 432, 17, 0, 0, 0, '', '2021-11-15 05:57:32.275657'),
(154, 434, 6, 0, 0, 0, '', '2021-11-15 06:05:25.638447'),
(155, 435, 23, 0, 0, 0, '', '2021-11-15 06:10:10.592480'),
(156, 436, 22, 0, 0, 0, '', '2021-11-15 06:13:18.007672'),
(157, 436, 17, 0, 0, 0, '', '2021-11-15 06:13:22.168379'),
(158, 446, 17, 0, 0, 0, '', '2021-11-15 07:10:03.513094'),
(160, 447, 13, 0, 0, 0, '', '2021-11-15 07:18:48.234476'),
(161, 448, 23, 0, 0, 0, '', '2021-11-15 07:22:16.978513'),
(162, 450, 17, 0, 0, 0, '', '2021-11-15 07:31:20.122139'),
(163, 451, 17, 0, 0, 0, '', '2021-11-15 07:36:53.817159'),
(164, 451, 13, 0, 0, 0, '', '2021-11-15 07:36:58.513690'),
(165, 457, 6, 0, 0, 0, '', '2021-11-15 08:01:17.091720'),
(166, 464, 23, 0, 0, 0, '', '2021-11-15 08:33:00.734620'),
(167, 465, 17, 0, 0, 0, '', '2021-11-15 08:38:01.488528'),
(168, 468, 12, 0, 0, 0, '', '2021-11-15 08:49:53.362672'),
(169, 473, 17, 0, 0, 0, '', '2021-11-15 10:15:21.137531'),
(170, 478, 6, 0, 0, 0, '', '2021-11-15 10:45:19.516964'),
(171, 482, 17, 0, 0, 0, '', '2021-11-15 11:12:27.188735'),
(172, 486, 12, 0, 0, 0, '', '2021-11-15 11:26:44.988867'),
(173, 487, 23, 0, 0, 0, '', '2021-11-15 11:45:32.057643'),
(174, 499, 23, 0, 0, 0, '', '2021-11-15 13:13:07.567243'),
(175, 501, 24, 0, 0, 0, '', '2021-11-15 13:21:43.092671'),
(176, 506, 13, 0, 0, 0, '', '2021-11-15 13:43:25.008837'),
(177, 506, 16, 0, 0, 0, '', '2021-11-15 13:44:02.652079'),
(178, 507, 23, 0, 0, 0, '', '2021-11-15 13:50:44.043487'),
(179, 508, 17, 0, 0, 0, '', '2021-11-15 14:00:54.943686'),
(180, 512, 21, 0, 0, 0, '', '2021-11-15 14:36:43.921130'),
(181, 512, 17, 0, 0, 0, '', '2021-11-15 14:37:58.941756'),
(182, 529, 12, 0, 0, 0, '', '2021-11-16 06:31:14.444880'),
(183, 530, 24, 0, 0, 0, '', '2021-11-16 06:36:38.584673'),
(184, 531, 24, 0, 0, 0, '', '2021-11-16 06:41:21.137520'),
(185, 533, 23, 0, 0, 0, '', '2021-11-16 07:02:37.650688'),
(186, 534, 6, 0, 0, 0, '', '2021-11-16 07:06:23.582743'),
(187, 535, 17, 0, 0, 0, '', '2021-11-16 07:37:20.664718'),
(188, 537, 8, 0, 0, 0, '', '2021-11-16 07:41:23.724859'),
(189, 538, 8, 0, 0, 0, '', '2021-11-16 07:47:44.690679'),
(190, 545, 17, 0, 0, 0, '', '2021-11-16 08:20:20.524453'),
(191, 544, 17, 0, 0, 0, '', '2021-11-16 08:23:40.342198'),
(192, 549, 23, 0, 0, 0, '', '2021-11-16 08:44:22.788836'),
(193, 551, 23, 0, 0, 0, '', '2021-11-16 08:49:23.913271'),
(194, 552, 17, 0, 0, 0, '', '2021-11-16 08:55:38.956906'),
(195, 558, 17, 0, 0, 0, '', '2021-11-16 10:13:24.716717'),
(196, 562, 23, 0, 0, 0, '', '2021-11-16 10:38:46.380212'),
(197, 567, 23, 0, 0, 0, '', '2021-11-16 11:16:25.683800'),
(198, 582, 8, 0, 0, 0, '', '2021-11-17 05:03:32.963312'),
(199, 585, 24, 0, 0, 0, '', '2021-11-17 05:21:58.566801'),
(200, 586, 23, 0, 0, 0, '', '2021-11-17 05:26:08.285383'),
(201, 590, 22, 0, 0, 0, '', '2021-11-17 05:49:35.775018'),
(202, 590, 21, 0, 0, 0, '', '2021-11-17 05:49:38.883471'),
(203, 590, 17, 0, 0, 0, '', '2021-11-17 05:49:44.530962'),
(204, 593, 17, 0, 0, 0, '', '2021-11-17 06:03:53.619776'),
(205, 595, 6, 0, 0, 0, '', '2021-11-17 06:16:34.451751'),
(206, 595, 17, 0, 0, 0, '', '2021-11-17 06:17:13.856711'),
(207, 600, 17, 0, 0, 0, '', '2021-11-17 06:45:03.414281'),
(208, 603, 23, 0, 0, 0, '', '2021-11-17 06:58:49.856658'),
(209, 606, 23, 0, 0, 0, '', '2021-11-17 07:10:53.874774'),
(210, 608, 23, 0, 0, 0, '', '2021-11-17 07:20:41.347415'),
(211, 611, 23, 0, 0, 0, '', '2021-11-17 07:35:50.034888'),
(212, 612, 6, 0, 0, 0, '', '2021-11-17 07:41:18.667269'),
(213, 613, 24, 0, 0, 0, '', '2021-11-17 07:45:42.236750'),
(214, 614, 24, 0, 0, 0, '', '2021-11-17 07:55:03.506256'),
(215, 617, 24, 0, 0, 0, '', '2021-11-17 08:07:43.388611'),
(216, 618, 17, 0, 0, 0, '', '2021-11-17 08:16:17.667599'),
(217, 619, 24, 0, 0, 0, '', '2021-11-17 08:21:02.678073'),
(218, 619, 17, 0, 0, 0, '', '2021-11-17 08:22:00.091473'),
(219, 620, 24, 0, 0, 0, '', '2021-11-17 08:29:01.701764'),
(220, 621, 16, 0, 0, 0, '', '2021-11-17 08:31:34.834189'),
(221, 623, 13, 0, 0, 0, '', '2021-11-17 08:37:34.141798'),
(222, 622, 21, 0, 0, 0, '', '2021-11-17 08:41:12.120960'),
(223, 622, 22, 0, 0, 0, '', '2021-11-17 08:41:19.398468'),
(224, 625, 6, 0, 0, 0, '', '2021-11-17 08:51:46.448294'),
(225, 626, 16, 0, 0, 0, '', '2021-11-17 08:59:53.035825'),
(226, 627, 24, 0, 0, 0, '', '2021-11-17 09:02:20.431851'),
(227, 632, 17, 0, 0, 0, '', '2021-11-17 10:20:45.353416'),
(228, 631, 23, 0, 0, 0, '', '2021-11-17 10:26:39.337960'),
(229, 633, 23, 0, 0, 0, '', '2021-11-17 10:29:23.602201'),
(230, 628, 23, 0, 0, 0, '', '2021-11-17 10:43:38.793293'),
(231, 642, 24, 0, 0, 0, '', '2021-11-17 11:24:07.115050'),
(232, 643, 24, 0, 0, 0, '', '2021-11-17 11:28:55.649437'),
(233, 649, 23, 0, 0, 0, '', '2021-11-17 12:00:08.736163'),
(234, 650, 16, 0, 0, 0, '', '2021-11-17 12:05:59.407686'),
(235, 650, 13, 0, 0, 0, '', '2021-11-17 12:06:35.049104'),
(236, 652, 17, 0, 0, 0, '', '2021-11-17 12:59:50.546446'),
(238, 653, 12, 0, 0, 0, '', '2021-11-17 13:05:51.667380'),
(239, 660, 23, 0, 0, 0, '', '2021-11-18 05:21:02.111708'),
(240, 664, 23, 0, 0, 0, '', '2021-11-18 05:43:46.323737'),
(241, 671, 24, 0, 0, 0, '', '2021-11-18 06:23:18.898748'),
(242, 672, 17, 0, 0, 0, '', '2021-11-18 06:27:06.458999'),
(243, 674, 12, 0, 0, 0, '', '2021-11-18 06:38:25.238882'),
(244, 676, 23, 0, 0, 0, '', '2021-11-18 06:48:32.357647'),
(245, 682, 23, 0, 0, 0, '', '2021-11-18 07:23:48.435070'),
(246, 687, 23, 0, 0, 0, '', '2021-11-18 07:48:29.659695'),
(247, 690, 6, 0, 0, 0, '', '2021-11-18 07:58:28.469491'),
(248, 693, 6, 0, 0, 0, '', '2021-11-18 08:16:11.739793'),
(249, 696, 12, 0, 0, 0, '', '2021-11-18 08:28:57.275674'),
(250, 697, 6, 0, 0, 0, '', '2021-11-18 08:33:20.764667'),
(251, 700, 12, 0, 0, 0, '', '2021-11-18 08:45:14.702195'),
(252, 703, 24, 0, 0, 0, '', '2021-11-18 10:11:24.695909'),
(253, 706, 23, 0, 0, 0, '', '2021-11-18 10:31:27.052024'),
(254, 708, 22, 0, 0, 0, '', '2021-11-18 10:38:02.098561'),
(255, 708, 21, 0, 0, 0, '', '2021-11-18 10:38:04.752990'),
(256, 708, 17, 0, 0, 0, '', '2021-11-18 10:38:47.623181'),
(257, 712, 23, 0, 0, 0, '', '2021-11-18 10:57:23.536146'),
(258, 723, 12, 0, 0, 0, '', '2021-11-18 11:59:22.340409'),
(259, 722, 23, 0, 0, 0, '', '2021-11-18 12:03:20.558426'),
(260, 730, 16, 0, 0, 0, '', '2021-11-18 13:25:20.918144'),
(261, 733, 23, 0, 0, 0, '', '2021-11-18 13:33:11.227093'),
(262, 734, 17, 0, 0, 0, '', '2021-11-18 13:38:55.967032'),
(263, 735, 12, 0, 0, 0, '', '2021-11-18 13:43:49.159914'),
(269, 741, 6, 0, 0, 0, '', '2021-11-18 18:12:47.670821'),
(284, 747, 22, 0, 0, 0, '', '2021-11-19 05:04:52.482097'),
(286, 749, 23, 0, 0, 0, '', '2021-11-19 05:11:21.818188'),
(287, 754, 23, 0, 0, 0, '', '2021-11-19 05:34:13.532108'),
(288, 757, 17, 0, 0, 0, '', '2021-11-19 05:49:57.084695'),
(291, 761, 17, 0, 0, 0, '', '2021-11-19 06:17:14.485745'),
(292, 762, 17, 0, 0, 0, '', '2021-11-19 06:22:15.238407'),
(293, 763, 16, 0, 0, 0, '', '2021-11-19 06:27:45.929488'),
(294, 774, 8, 0, 0, 0, '', '2021-11-19 07:19:59.367332'),
(295, 774, 20, 0, 0, 0, '', '2021-11-19 07:22:15.284897'),
(296, 777, 16, 0, 0, 0, '', '2021-11-19 07:34:29.746580'),
(297, 782, 17, 0, 0, 0, '', '2021-11-19 08:11:56.187158'),
(298, 783, 23, 0, 0, 0, '', '2021-11-19 08:23:37.028312'),
(299, 784, 17, 0, 0, 0, '', '2021-11-19 08:28:39.145455'),
(300, 785, 23, 0, 0, 0, '', '2021-11-19 08:37:23.003172'),
(301, 789, 24, 0, 0, 0, '', '2021-11-19 08:49:16.409219'),
(302, 791, 16, 0, 0, 0, '', '2021-11-19 09:01:51.705465'),
(303, 793, 22, 0, 0, 0, '', '2021-11-19 09:44:33.865430'),
(304, 793, 21, 0, 0, 0, '', '2021-11-19 09:44:38.389679'),
(305, 798, 23, 0, 0, 0, '', '2021-11-19 10:09:44.164949'),
(306, 799, 23, 0, 0, 0, '', '2021-11-19 10:14:28.415056'),
(307, 800, 6, 0, 0, 0, '', '2021-11-19 10:19:54.730074'),
(308, 801, 23, 0, 0, 0, '', '2021-11-19 10:23:14.508795'),
(309, 802, 17, 0, 0, 0, '', '2021-11-19 10:28:08.491773'),
(310, 803, 17, 0, 0, 0, '', '2021-11-19 10:33:25.243772'),
(311, 804, 22, 0, 0, 0, '', '2021-11-19 10:39:47.681171'),
(312, 804, 17, 0, 0, 0, '', '2021-11-19 10:40:33.931986'),
(313, 806, 23, 0, 0, 0, '', '2021-11-19 10:48:16.387698'),
(314, 807, 6, 0, 0, 0, '', '2021-11-19 10:54:29.331469'),
(315, 811, 16, 0, 0, 0, '', '2021-11-19 11:16:57.808518'),
(316, 810, 17, 0, 0, 0, '', '2021-11-19 11:22:19.481974'),
(317, 812, 24, 0, 0, 0, '', '2021-11-19 11:28:07.302850'),
(318, 814, 23, 0, 0, 0, '', '2021-11-19 11:42:12.840716'),
(319, 827, 12, 0, 0, 0, '', '2021-11-19 13:17:51.360166'),
(320, 839, 12, 0, 0, 0, '', '2021-11-20 05:34:15.147441'),
(321, 843, 6, 0, 0, 0, '', '2021-11-20 05:53:12.128634'),
(322, 846, 12, 0, 0, 0, '', '2021-11-20 06:16:39.839858'),
(323, 846, 24, 0, 0, 0, '', '2021-11-20 06:17:24.729334'),
(324, 850, 17, 0, 0, 0, '', '2021-11-20 06:36:19.765359'),
(325, 853, 6, 0, 0, 0, '', '2021-11-20 06:41:24.051438'),
(326, 854, 23, 0, 0, 0, '', '2021-11-20 06:48:44.659088'),
(327, 858, 17, 0, 0, 0, '', '2021-11-20 07:09:17.743434'),
(328, 862, 17, 0, 0, 0, '', '2021-11-20 07:28:03.781438'),
(329, 866, 12, 0, 0, 0, '', '2021-11-20 07:46:52.241348'),
(330, 870, 23, 0, 0, 0, '', '2021-11-20 08:06:44.848507'),
(331, 871, 23, 0, 0, 0, '', '2021-11-20 08:09:51.184869'),
(332, 872, 23, 0, 0, 0, '', '2021-11-20 08:13:31.479886'),
(333, 874, 6, 0, 0, 0, '', '2021-11-20 08:20:42.293362'),
(334, 876, 17, 0, 0, 0, '', '2021-11-20 08:25:40.892359'),
(335, 879, 23, 0, 0, 0, '', '2021-11-20 08:33:24.316913'),
(336, 880, 17, 0, 0, 0, '', '2021-11-20 08:49:32.793916'),
(337, 881, 17, 0, 0, 0, '', '2021-11-20 08:56:10.910436'),
(338, 884, 23, 0, 0, 0, '', '2021-11-20 09:45:38.358320'),
(339, 887, 23, 0, 0, 0, '', '2021-11-20 10:02:08.028033'),
(340, 889, 23, 0, 0, 0, '', '2021-11-20 10:09:17.231090'),
(341, 890, 12, 0, 0, 0, '', '2021-11-20 10:11:38.774201'),
(342, 895, 16, 0, 0, 0, '', '2021-11-20 10:36:42.531677'),
(343, 895, 23, 0, 0, 0, '', '2021-11-20 10:37:25.437312'),
(344, 896, 23, 0, 0, 0, '', '2021-11-20 10:47:07.633000'),
(345, 898, 17, 0, 0, 0, '', '2021-11-20 11:08:46.011083'),
(346, 905, 12, 0, 0, 0, '', '2021-11-20 11:36:56.118346'),
(347, 913, 12, 0, 0, 0, '', '2021-11-20 13:25:09.507188'),
(348, 919, 6, 0, 0, 0, '', '2021-11-20 13:55:37.067606'),
(349, 30, 23, 0, 0, 0, 'Two times with a gap of 20 mins', '2022-01-02 16:24:44.019124');

-- --------------------------------------------------------

--
-- Table structure for table `tbl_advice_medicine`
--

CREATE TABLE `tbl_advice_medicine` (
  `AM_ID` int(11) NOT NULL,
  `AM_Name` text NOT NULL,
  `AM_Status` varchar(2) NOT NULL,
  `AM_Date` datetime(6) NOT NULL DEFAULT CURRENT_TIMESTAMP(6)
) ENGINE=InnoDB DEFAULT CHARSET=utf8mb4;

--
-- Dumping data for table `tbl_advice_medicine`
--

INSERT INTO `tbl_advice_medicine` (`AM_ID`, `AM_Name`, `AM_Status`, `AM_Date`) VALUES
(2, 'test', '1', '2021-11-09 10:33:09.027667'),
(3, 'test1', '1', '2021-11-09 10:33:12.068562');

-- --------------------------------------------------------

--
-- Table structure for table `tbl_digis`
--

CREATE TABLE `tbl_digis` (
  `Digis_Id` int(11) NOT NULL,
  `Digis_Name` text NOT NULL,
  `Digis_Code` int(50) NOT NULL,
  `Digis_Menu` varchar(20) NOT NULL,
  `Digis_Status` varchar(2) NOT NULL,
  `Digis_Date` datetime(6) NOT NULL DEFAULT CURRENT_TIMESTAMP(6)
) ENGINE=InnoDB DEFAULT CHARSET=utf8mb4;

--
-- Dumping data for table `tbl_digis`
--

INSERT INTO `tbl_digis` (`Digis_Id`, `Digis_Name`, `Digis_Code`, `Digis_Menu`, `Digis_Status`, `Digis_Date`) VALUES
(2, 'Acute Glomerulo Nephritis', 1, 'Menu-1', '1', '2021-09-16 23:22:50.152927'),
(3, 'Oral Ulcer', 150, 'Menu-2', '1', '2021-09-16 23:22:59.533568'),
(5, 'Acute Exassaration of Bronchil asthma	', 3, 'Menu-1', '1', '2021-09-20 22:34:05.914065'),
(6, 'Acute Colitis	', 4, 'Menu-1', '1', '2021-09-20 22:34:21.520275'),
(7, 'Nephrotic Syndrome	', 140, 'Menu-2', '1', '2021-10-18 05:10:51.819371'),
(8, 'Chronic Allergic Bronchitis	', 39, 'Menu-1', '1', '2021-10-20 07:18:22.241842'),
(9, 'Fever', 60, 'Menu-1', '1', '2021-10-20 07:18:40.920266'),
(10, 'Fanctional Constipation', 63, 'Menu-1', '1', '2021-10-20 07:19:14.670339'),
(11, 'Anaemia', 9, 'Menu-1', '1', '2021-10-20 07:19:35.800773'),
(12, 'Viral Fever', 220, 'Menu-2', '1', '2021-10-20 07:21:00.718739'),
(13, 'Atopic Dermatitis', 2, 'Menu-1', '1', '2021-10-20 07:21:18.476159'),
(14, 'Seboric Dermatitis', 190, 'Menu-2', '1', '2021-10-20 07:21:38.165798'),
(15, 'Acute Gastritis', 7, 'Menu-1', '1', '2021-10-20 07:21:57.628790'),
(16, 'Chronic Gastritis', 38, 'Menu-1', '1', '2021-10-20 07:22:13.147535'),
(17, 'Acute Urticaria', 5, 'Menu-1', '1', '2021-10-20 07:22:32.239026'),
(18, 'Chronic Urticaria', 34, 'Menu-1', '1', '2021-10-20 07:23:11.209576'),
(19, 'U T I', 210, 'Menu-2', '1', '2021-10-20 07:23:34.360203'),
(20, 'Chronic Gastroenteritis', 36, 'Menu-1', '1', '2021-10-20 07:24:01.936228'),
(21, 'Scabies', 191, 'Menu-2', '1', '2021-10-20 07:24:21.903318'),
(22, 'Oral Thrush', 151, 'Menu-2', '1', '2021-10-20 07:24:39.569077'),
(23, 'Laryngomalasia', 120, 'Menu-2', '1', '2021-10-20 07:25:00.028670'),
(24, 'Geographic Tongue', 74, 'Menu-1', '1', '2021-10-20 07:25:18.032546'),
(25, 'Phemosis', 161, 'Menu-2', '1', '2021-10-20 07:25:32.484958'),
(26, 'F T T', 61, 'Menu-1', '1', '2021-10-20 07:25:47.438193'),
(27, 'Whyzee LRTI', 230, 'Menu-2', '1', '2021-10-20 07:27:10.723197'),
(28, 'Lower RTI', 124, 'Menu-2', '1', '2021-10-20 07:27:31.072618'),
(29, 'Upper RTI', 211, 'Menu-2', '1', '2021-10-20 07:27:52.982777'),
(30, 'Infectious Contagious', 90, 'Menu-1', '1', '2021-10-20 07:28:31.097089'),
(31, 'Post Diarreal Indigesion', 160, 'Menu-2', '1', '2021-10-20 07:28:50.411713'),
(32, 'Infantile Colic', 91, 'Menu-1', '1', '2021-10-20 07:29:07.887766'),
(33, 'Septicemia', 192, 'Menu-2', '1', '2021-10-20 07:29:26.126053'),
(34, 'Neonatal Jaundice', 143, 'Menu-2', '1', '2021-10-20 07:29:47.188079'),
(35, 'Abdominal Distention', 8, 'Menu-1', '1', '2021-10-20 07:30:07.964692'),
(36, 'Growth Pain', 70, 'Menu-1', '1', '2021-10-20 07:30:24.290577'),
(37, 'Cerebral Palsy', 35, 'Menu-1', '1', '2021-10-20 07:30:53.029188'),
(38, 'Delayed Devlopmental Milestone', 50, 'Menu-1', '1', '2021-10-20 07:31:09.108073'),
(39, 'Specific Language Delay', 193, 'Menu-2', '1', '2021-10-20 07:31:37.642748'),
(40, 'Scizure Disorder', 195, 'Menu-2', '1', '2021-10-20 07:31:55.456421'),
(41, 'Febrile Convulsion', 65, 'Menu-1', '1', '2021-10-20 07:32:36.777528'),
(42, 'Head Injury/RTA/Trauma by fall', 83, 'Menu-1', '1', '2021-10-20 07:37:58.504054'),
(43, 'Acute Gastroenteritis', 6, 'Menu-1', '1', '2021-10-20 07:38:37.509920'),
(44, 'Pain Abdomen', 162, 'Menu-2', '1', '2021-10-20 07:38:55.916662'),
(45, 'Preterm LBW', 163, 'Menu-2', '1', '2021-10-20 07:39:18.841360'),
(46, 'Balanitis', 30, 'Menu-1', '1', '2021-10-20 07:40:04.642947'),
(47, 'Bleeding Disorder', 26, 'Menu-1', '1', '2021-10-20 07:40:34.336709'),
(48, 'Overactive Bladder', 155, 'Menu-2', '1', '2021-10-20 07:41:02.827475'),
(49, 'VSD/ASD', 222, 'Menu-2', '1', '2021-10-20 07:41:27.757424'),
(50, 'Lobar Pneumonia', 122, 'Menu-2', '1', '2021-10-20 07:41:46.994245'),
(51, 'Conjunctivitis', 37, 'Menu-1', '1', '2021-10-20 07:42:18.568693'),
(52, 'Umbilical Discharge(sepsis)', 212, 'Menu-2', '1', '2021-10-20 07:42:39.209020'),
(53, 'Birth Asphyxia', 27, 'Menu-1', '1', '2021-10-20 07:42:59.669786'),
(54, 'Acute Hepatitis', 10, 'Menu-1', '1', '2021-10-20 07:43:18.297526'),
(55, 'Bronchopneumonia', 25, 'Menu-1', '1', '2021-10-20 07:44:09.716996'),
(56, 'Epistaxis', 54, 'Menu-1', '1', '2021-10-20 07:44:25.868587'),
(57, 'Acute Tonsilitis	', 13, 'Menu-1', '1', '2021-10-20 07:45:17.600713'),
(58, 'Acute Pharyngitis', 11, 'Menu-1', '1', '2021-10-20 07:46:16.204666'),
(59, 'Ear Discharge(AOM)', 57, 'Menu-1', '1', '2021-10-20 07:46:32.148095'),
(60, 'Breath Holding Spells', 29, 'Menu-1', '1', '2021-10-20 07:47:07.769739'),
(61, 'Gingivitis', 72, 'Menu-1', '1', '2021-10-20 07:47:26.616081'),
(62, 'Thalacemia', 200, 'Menu-2', '1', '2021-10-20 07:47:53.044933'),
(63, 'Poor Appetite', 164, 'Menu-2', '1', '2021-10-20 07:48:08.914716'),
(64, 'Measles', 131, 'Menu-2', '1', '2021-10-20 07:48:31.177759'),
(65, 'Mumps', 132, 'Menu-2', '1', '2021-10-20 07:49:05.747048'),
(66, 'Cervical Lymphadenitis', 33, 'Menu-1', '1', '2021-10-20 07:49:22.008413'),
(67, 'Masenteric Lymphadenitis', 130, 'Menu-2', '1', '2021-10-20 07:49:40.525869'),
(68, 'Kernicterus', 110, 'Menu-1', '1', '2021-10-20 07:50:00.360302'),
(69, 'Abscess', 12, 'Menu-1', '1', '2021-10-20 07:50:49.963163'),
(70, 'Varicella', 221, 'Menu-2', '1', '2021-10-20 07:51:05.547274'),
(71, 'Anxity Disorder', 14, 'Menu-1', '1', '2021-10-20 07:51:30.808770'),
(72, 'Headache/Vertigo', 81, 'Menu-1', '1', '2021-10-20 07:51:50.981763'),
(73, 'Black Out', 24, 'Menu-1', '1', '2021-10-20 07:52:08.589581'),
(74, 'Chest Pain', 32, 'Menu-1', '1', '2021-10-20 07:52:30.008509'),
(75, 'Increase frequency of stool.', 92, 'Menu-1', '1', '2021-10-20 07:52:47.105455'),
(76, 'Hypovitaminosis D', 80, 'Menu-1', '1', '2021-10-20 07:53:03.751306'),
(77, 'Hypothyroidism', 85, 'Menu-1', '1', '2021-10-20 07:53:19.082405');

-- --------------------------------------------------------

--
-- Table structure for table `tbl_digis_for_generate_prescription`
--

CREATE TABLE `tbl_digis_for_generate_prescription` (
  `DG_Id` int(11) NOT NULL,
  `User_Id` int(11) NOT NULL,
  `Digis_Id` int(11) NOT NULL,
  `DG_Suggest` text NOT NULL,
  `DG_Date` datetime(6) NOT NULL DEFAULT CURRENT_TIMESTAMP(6)
) ENGINE=InnoDB DEFAULT CHARSET=utf8mb4;

--
-- Dumping data for table `tbl_digis_for_generate_prescription`
--

INSERT INTO `tbl_digis_for_generate_prescription` (`DG_Id`, `User_Id`, `Digis_Id`, `DG_Suggest`, `DG_Date`) VALUES
(16, 3, 2, 'Digis ADD', '2021-09-21 23:48:40.723660'),
(17, 3, 6, 'Test 2', '2021-09-21 23:48:49.416296'),
(18, 3, 3, 'yyty', '2021-09-21 23:48:56.891800'),
(19, 4, 2, 'Test', '2021-09-22 16:43:17.578469'),
(21, 4, 3, 'ggg', '2021-09-22 17:58:35.867760'),
(22, 2, 2, 'Fever is Very high', '2021-09-23 06:14:28.236798'),
(23, 2, 6, 'no', '2021-09-23 06:14:35.976646'),
(25, 6, 2, 'test', '2021-10-08 06:29:32.731573'),
(26, 6, 6, 'test', '2021-10-08 06:29:40.020952'),
(28, 10, 2, 'Advice', '2021-10-18 05:13:34.132268'),
(29, 10, 6, 'Advice', '2021-10-18 05:13:41.881674'),
(37, 16, 30, '', '2021-10-25 16:00:16.627764'),
(38, 16, 34, '', '2021-10-25 16:00:22.093154'),
(39, 19, 30, '', '2021-10-25 17:28:43.465179'),
(40, 19, 31, '', '2021-10-25 17:31:17.478947'),
(41, 19, 2, '', '2021-10-25 17:32:06.117734'),
(42, 20, 31, '', '2021-10-25 17:41:19.794925'),
(43, 18, 36, 'ss', '2021-10-27 16:05:18.728075'),
(44, 22, 12, '', '2021-10-27 16:13:34.768225'),
(45, 22, 12, '5', '2021-10-27 16:13:45.658867'),
(46, 23, 6, '', '2021-10-27 16:36:32.956759'),
(47, 23, 11, '', '2021-10-27 16:36:38.226878'),
(48, 22, 8, '', '2021-10-27 16:54:44.974750'),
(50, 24, 32, '', '2021-10-27 17:38:46.510318'),
(51, 25, 7, '', '2021-10-28 17:48:49.142666'),
(52, 25, 38, '', '2021-10-28 17:55:24.342204'),
(53, 26, 43, 'ddd', '2021-10-29 11:33:39.776524'),
(54, 26, 31, '', '2021-10-29 12:30:34.250537'),
(55, 27, 30, '', '2021-10-29 17:00:33.211448'),
(59, 18, 32, '', '2021-11-03 16:31:21.734843'),
(62, 18, 6, '', '2021-11-06 17:51:15.698964'),
(66, 30, 27, '', '2021-11-09 04:50:21.880661'),
(67, 31, 26, '', '2021-11-09 04:55:40.457230'),
(68, 32, 43, '', '2021-11-09 05:01:20.132129'),
(69, 33, 27, '', '2021-11-09 05:07:22.519453'),
(70, 34, 9, '', '2021-11-09 05:13:53.700516'),
(71, 34, 61, '', '2021-11-09 05:14:38.267691'),
(72, 35, 28, '', '2021-11-09 05:20:21.884846'),
(73, 36, 27, '', '2021-11-09 05:26:33.605795'),
(74, 37, 27, '', '2021-11-09 05:31:45.803252'),
(76, 38, 26, '', '2021-11-09 05:35:30.226950'),
(77, 38, 10, '', '2021-11-09 05:35:40.687145'),
(78, 38, 27, '', '2021-11-09 05:37:09.621484'),
(79, 39, 27, '', '2021-11-09 05:41:41.408171'),
(80, 40, 35, '', '2021-11-09 05:48:38.862108'),
(81, 40, 32, '', '2021-11-09 05:49:47.944106'),
(82, 41, 6, '', '2021-11-09 05:50:41.586903'),
(83, 43, 15, '', '2021-11-09 05:56:21.620309'),
(84, 42, 26, '', '2021-11-09 06:02:54.822244'),
(85, 44, 8, '', '2021-11-09 06:07:55.614987'),
(86, 45, 29, '', '2021-11-09 06:13:31.192189'),
(87, 46, 27, '', '2021-11-09 06:15:49.972081'),
(88, 48, 12, '', '2021-11-09 06:21:51.097574'),
(89, 47, 28, '', '2021-11-09 06:24:56.934883'),
(90, 47, 35, '', '2021-11-09 06:26:50.898348'),
(91, 49, 29, '', '2021-11-09 06:29:08.128073'),
(92, 49, 23, '', '2021-11-09 06:30:29.859680'),
(93, 50, 27, '', '2021-11-09 06:33:59.275026'),
(94, 51, 25, '', '2021-11-09 06:41:24.207293'),
(95, 52, 27, '', '2021-11-09 06:43:27.727097'),
(96, 53, 29, '', '2021-11-09 06:49:01.522373'),
(97, 54, 15, '', '2021-11-09 06:52:11.144075'),
(98, 54, 9, '', '2021-11-09 06:52:18.681697'),
(99, 55, 33, '', '2021-11-09 06:59:30.982616'),
(100, 56, 27, '', '2021-11-09 07:03:37.189985'),
(101, 57, 35, '', '2021-11-09 07:08:00.070182'),
(102, 58, 27, '', '2021-11-09 07:11:58.970947'),
(103, 59, 27, '', '2021-11-09 07:18:59.632672'),
(104, 60, 9, '', '2021-11-09 07:24:23.960918'),
(105, 61, 35, '', '2021-11-09 07:32:03.822710'),
(106, 62, 23, '', '2021-11-09 07:36:24.320530'),
(107, 63, 45, '', '2021-11-09 07:41:50.682408'),
(108, 64, 27, '', '2021-11-09 07:46:02.195765'),
(109, 65, 28, '', '2021-11-09 07:50:53.398341'),
(110, 66, 28, '', '2021-11-09 07:54:26.871837'),
(111, 67, 9, '', '2021-11-09 08:00:20.038569'),
(112, 68, 28, '', '2021-11-09 08:02:50.550637'),
(113, 69, 43, '', '2021-11-09 08:06:36.925406'),
(114, 70, 26, '', '2021-11-09 08:09:47.223970'),
(115, 70, 17, '', '2021-11-09 08:10:34.729287'),
(116, 71, 28, '', '2021-11-09 08:17:31.540003'),
(117, 72, 26, '', '2021-11-09 08:20:13.304658'),
(118, 73, 28, '', '2021-11-09 08:27:54.398504'),
(119, 74, 8, '', '2021-11-09 08:30:20.369278'),
(120, 76, 27, '', '2021-11-09 08:37:33.501889'),
(121, 77, 27, '', '2021-11-09 08:41:17.583090'),
(122, 78, 35, '', '2021-11-09 08:45:35.400419'),
(123, 79, 23, '', '2021-11-09 08:50:44.288486'),
(124, 80, 27, '', '2021-11-09 08:53:24.739690'),
(125, 81, 35, '', '2021-11-09 08:57:39.290252'),
(126, 82, 15, '', '2021-11-09 09:07:17.955208'),
(127, 83, 27, '', '2021-11-09 09:43:57.107456'),
(128, 84, 27, '', '2021-11-09 09:49:11.880032'),
(129, 85, 32, '', '2021-11-09 09:52:29.553683'),
(130, 86, 28, '', '2021-11-09 09:58:37.654587'),
(131, 87, 27, '', '2021-11-09 10:07:24.381394'),
(132, 88, 27, '', '2021-11-09 10:13:12.898275'),
(133, 89, 27, '', '2021-11-09 10:18:12.234032'),
(134, 90, 27, '', '2021-11-09 10:22:57.858678'),
(135, 92, 28, '', '2021-11-09 10:27:59.052042'),
(136, 91, 26, '', '2021-11-09 10:31:48.743395'),
(137, 94, 28, '', '2021-11-09 10:34:40.430118'),
(138, 93, 28, '', '2021-11-09 10:37:40.253243'),
(139, 95, 28, '', '2021-11-09 10:41:40.601668'),
(140, 96, 27, '', '2021-11-09 10:46:17.321007'),
(141, 97, 27, '', '2021-11-09 10:54:21.746670'),
(142, 98, 28, '', '2021-11-09 10:58:23.705291'),
(143, 99, 27, '', '2021-11-09 11:02:43.576821'),
(144, 100, 28, '', '2021-11-09 11:07:34.501684'),
(145, 101, 8, '', '2021-11-09 11:13:11.767677'),
(146, 102, 43, '', '2021-11-09 12:31:35.850166'),
(147, 103, 28, '', '2021-11-09 12:36:16.757679'),
(148, 104, 40, '', '2021-11-09 12:41:39.267670'),
(149, 105, 28, '', '2021-11-09 12:47:04.543973'),
(150, 106, 13, '', '2021-11-09 12:51:48.553179'),
(151, 107, 28, '', '2021-11-09 12:56:08.263328'),
(152, 108, 43, '', '2021-11-09 13:03:26.341642'),
(153, 109, 28, '', '2021-11-09 13:08:48.042930'),
(155, 110, 9, '', '2021-11-09 13:13:46.805565'),
(156, 111, 13, '', '2021-11-09 13:19:39.981685'),
(157, 112, 43, '', '2021-11-09 13:24:16.319789'),
(158, 113, 43, '', '2021-11-10 04:54:09.889778'),
(159, 114, 9, '', '2021-11-10 04:57:32.875380'),
(160, 115, 27, '', '2021-11-10 04:59:41.309045'),
(162, 116, 8, '', '2021-11-10 05:02:39.629959'),
(163, 117, 27, '', '2021-11-10 05:05:46.911538'),
(164, 118, 26, '', '2021-11-10 05:08:35.165953'),
(165, 118, 28, '', '2021-11-10 05:08:38.901224'),
(166, 119, 28, '', '2021-11-10 05:14:13.511756'),
(167, 119, 11, '', '2021-11-10 05:16:22.828807'),
(168, 120, 27, '', '2021-11-10 05:17:32.711829'),
(169, 121, 8, '', '2021-11-10 05:24:36.990643'),
(170, 122, 23, '', '2021-11-10 05:36:08.486413'),
(171, 123, 35, '', '2021-11-10 05:38:54.707102'),
(172, 124, 29, '', '2021-11-10 05:46:23.849935'),
(173, 124, 22, '', '2021-11-10 05:47:43.017444'),
(174, 125, 9, '', '2021-11-10 05:48:59.456339'),
(175, 125, 41, '', '2021-11-10 05:49:08.551086'),
(176, 126, 35, '', '2021-11-10 05:55:19.644169'),
(177, 126, 53, '', '2021-11-10 06:01:07.304508'),
(178, 127, 26, '', '2021-11-10 06:06:53.306694'),
(179, 128, 28, '', '2021-11-10 06:10:58.972044'),
(180, 128, 35, '', '2021-11-10 06:13:26.280110'),
(181, 129, 27, '', '2021-11-10 06:18:41.885838'),
(182, 130, 27, '', '2021-11-10 06:22:47.932386'),
(183, 131, 11, '', '2021-11-10 06:26:02.623954'),
(184, 131, 28, '', '2021-11-10 06:27:27.845242'),
(185, 132, 27, '', '2021-11-10 06:34:14.833698'),
(186, 133, 11, '', '2021-11-10 06:36:13.943322'),
(187, 133, 27, '', '2021-11-10 06:36:32.734775'),
(188, 134, 35, '', '2021-11-10 06:42:42.397837'),
(189, 135, 8, '', '2021-11-10 06:46:24.776889'),
(190, 136, 26, '', '2021-11-10 06:52:07.369332'),
(192, 136, 2, 'H/o', '2021-11-10 06:52:31.972254'),
(193, 137, 28, '', '2021-11-10 06:56:50.914047'),
(194, 138, 27, '', '2021-11-10 07:00:17.713634'),
(196, 138, 11, '', '2021-11-10 07:02:14.352245'),
(197, 139, 14, '', '2021-11-10 07:04:51.538279'),
(198, 140, 8, '', '2021-11-10 07:07:43.533873'),
(199, 141, 28, '', '2021-11-10 07:11:11.426682'),
(200, 141, 8, '', '2021-11-10 07:12:47.673463'),
(201, 142, 8, '', '2021-11-10 07:14:45.320579'),
(202, 143, 28, '', '2021-11-10 07:19:41.046929'),
(203, 143, 10, '', '2021-11-10 07:19:44.610970'),
(204, 144, 27, '', '2021-11-10 07:23:24.442135'),
(205, 145, 9, '', '2021-11-10 07:28:29.083447'),
(206, 146, 35, '', '2021-11-10 07:32:36.405472'),
(207, 147, 28, '', '2021-11-10 07:37:23.800457'),
(208, 147, 8, '', '2021-11-10 07:37:32.551647'),
(209, 148, 28, '', '2021-11-10 07:42:04.686677'),
(210, 149, 28, '', '2021-11-10 07:46:24.858962'),
(211, 150, 15, '', '2021-11-10 07:49:43.082931'),
(212, 150, 27, '', '2021-11-10 07:53:46.187751'),
(213, 151, 14, '', '2021-11-10 07:54:50.632868'),
(214, 151, 10, '', '2021-11-10 07:55:55.217006'),
(215, 152, 27, '', '2021-11-10 07:57:16.387821'),
(216, 154, 25, '', '2021-11-10 08:02:07.601089'),
(217, 153, 35, '', '2021-11-10 08:07:26.618358'),
(218, 155, 15, '', '2021-11-10 08:14:26.902012'),
(219, 157, 45, '', '2021-11-10 08:18:35.286156'),
(220, 156, 45, '', '2021-11-10 08:25:19.019347'),
(221, 158, 27, '', '2021-11-10 08:28:19.986836'),
(222, 159, 8, '', '2021-11-10 08:33:54.519805'),
(223, 160, 9, '', '2021-11-10 08:37:35.393095'),
(224, 161, 27, '', '2021-11-10 08:43:52.430573'),
(225, 162, 8, '', '2021-11-10 08:47:42.568677'),
(226, 163, 23, '', '2021-11-10 08:56:47.156731'),
(227, 164, 9, '', '2021-11-10 08:59:07.500511'),
(228, 164, 28, '', '2021-11-10 08:59:11.735841'),
(229, 165, 27, '', '2021-11-10 09:03:42.731225'),
(230, 165, 9, '', '2021-11-10 09:03:45.472677'),
(232, 166, 35, '', '2021-11-10 09:07:18.015220'),
(233, 166, 23, '', '2021-11-10 09:08:28.812013'),
(234, 168, 28, '', '2021-11-10 09:53:30.842208'),
(235, 169, 35, '', '2021-11-10 09:56:17.861364'),
(236, 169, 22, '', '2021-11-10 09:57:46.596706'),
(237, 170, 28, '', '2021-11-10 10:01:22.905019'),
(238, 171, 8, '', '2021-11-10 10:06:38.573467'),
(239, 172, 8, '', '2021-11-10 10:13:55.712134'),
(240, 172, 41, '', '2021-11-10 10:15:51.115804'),
(241, 173, 23, '', '2021-11-10 10:17:42.600919'),
(242, 174, 9, '', '2021-11-10 10:20:49.619761'),
(243, 174, 28, '', '2021-11-10 10:22:17.610676'),
(244, 176, 23, '', '2021-11-10 10:27:00.506211'),
(245, 177, 28, '', '2021-11-10 10:30:19.763264'),
(246, 175, 44, '', '2021-11-10 10:34:12.706700'),
(247, 178, 49, '', '2021-11-10 10:42:39.438507'),
(248, 179, 29, '', '2021-11-10 10:48:16.611770'),
(249, 179, 22, '', '2021-11-10 10:50:06.657660'),
(250, 180, 70, '', '2021-11-10 10:54:07.533802'),
(251, 181, 27, '', '2021-11-10 10:57:21.611087'),
(252, 182, 8, '', '2021-11-10 11:03:24.576194'),
(253, 183, 12, '', '2021-11-10 11:08:40.982687'),
(254, 184, 14, '', '2021-11-10 11:13:47.723658'),
(255, 185, 28, '', '2021-11-10 11:15:44.098358'),
(256, 186, 3, '', '2021-11-10 11:22:26.636615'),
(257, 187, 57, '', '2021-11-10 11:26:44.845140'),
(258, 188, 8, '', '2021-11-10 11:29:05.985126'),
(259, 191, 29, '', '2021-11-10 11:50:13.222839'),
(260, 193, 8, '', '2021-11-10 12:53:30.142809'),
(261, 194, 28, '', '2021-11-10 12:58:29.936836'),
(262, 195, 29, '', '2021-11-10 13:13:06.109159'),
(263, 196, 28, '', '2021-11-11 04:48:45.877607'),
(264, 196, 9, '', '2021-11-11 04:49:36.006364'),
(265, 197, 28, '', '2021-11-11 04:54:29.035144'),
(266, 198, 8, '', '2021-11-11 04:57:38.517536'),
(267, 199, 10, '', '2021-11-11 05:01:49.347247'),
(268, 200, 27, '', '2021-11-11 05:09:17.280788'),
(269, 202, 75, '', '2021-11-11 05:16:01.797357'),
(270, 203, 27, '', '2021-11-11 05:22:21.420682'),
(271, 204, 42, '', '2021-11-11 05:27:43.726447'),
(272, 204, 28, '', '2021-11-11 05:28:56.112248'),
(273, 205, 71, '', '2021-11-11 05:34:47.621836'),
(274, 206, 72, '', '2021-11-11 05:38:35.753403'),
(275, 206, 27, '', '2021-11-11 05:42:04.822547'),
(276, 207, 43, '', '2021-11-11 05:45:43.080867'),
(277, 208, 12, '', '2021-11-11 05:50:35.144838'),
(278, 211, 35, '', '2021-11-11 05:59:37.759642'),
(279, 211, 23, '', '2021-11-11 06:01:36.981503'),
(280, 210, 28, '', '2021-11-11 06:02:51.543619'),
(281, 213, 10, '', '2021-11-11 06:22:26.105369'),
(282, 214, 9, '', '2021-11-11 06:25:40.958603'),
(283, 214, 26, '', '2021-11-11 06:28:36.072099'),
(284, 215, 8, '', '2021-11-11 06:32:07.624860'),
(285, 216, 23, '', '2021-11-11 06:38:34.868042'),
(286, 216, 35, '', '2021-11-11 06:39:53.149388'),
(287, 217, 28, '', '2021-11-11 06:46:27.075500'),
(288, 218, 42, '', '2021-11-11 06:53:53.993292'),
(289, 219, 28, '', '2021-11-11 07:03:15.781861'),
(290, 220, 29, '', '2021-11-11 07:08:51.697159'),
(291, 221, 51, '', '2021-11-11 07:15:20.853845'),
(292, 221, 35, '', '2021-11-11 07:15:24.752672'),
(293, 222, 75, '', '2021-11-11 07:22:22.763606'),
(294, 222, 23, '', '2021-11-11 07:23:42.711681'),
(295, 223, 35, '', '2021-11-11 07:25:33.565231'),
(296, 224, 45, '', '2021-11-11 07:36:07.321828'),
(297, 224, 40, '', '2021-11-11 07:36:59.340678'),
(298, 225, 43, '', '2021-11-11 07:43:11.112950'),
(299, 227, 44, '', '2021-11-11 07:45:42.959009'),
(300, 227, 15, '', '2021-11-11 07:47:04.166678'),
(301, 229, 28, '', '2021-11-11 07:52:56.950531'),
(302, 228, 27, '', '2021-11-11 07:56:47.416341'),
(303, 226, 27, '', '2021-11-11 08:00:37.301191'),
(304, 230, 8, '', '2021-11-11 08:05:26.849867'),
(305, 231, 9, '', '2021-11-11 08:08:16.308015'),
(306, 231, 8, '', '2021-11-11 08:09:33.001679'),
(307, 233, 35, '', '2021-11-11 08:16:56.833295'),
(308, 234, 8, '', '2021-11-11 08:24:14.958650'),
(309, 235, 35, '', '2021-11-11 08:28:45.773032'),
(310, 235, 49, '', '2021-11-11 08:31:20.784464'),
(311, 236, 35, '', '2021-11-11 08:35:50.438715'),
(312, 237, 28, '', '2021-11-11 08:39:58.127403'),
(313, 238, 13, '', '2021-11-11 08:45:45.937595'),
(314, 239, 27, '', '2021-11-11 08:49:10.074990'),
(315, 241, 35, '', '2021-11-11 08:55:08.616115'),
(316, 240, 75, '', '2021-11-11 09:02:29.902570'),
(317, 242, 66, '', '2021-11-11 09:09:07.433081'),
(318, 243, 43, '', '2021-11-11 09:46:17.347741'),
(319, 244, 43, '', '2021-11-11 09:59:21.967677'),
(320, 245, 32, '', '2021-11-11 10:06:55.489653'),
(321, 246, 8, '', '2021-11-11 11:50:18.181974'),
(322, 248, 28, '', '2021-11-11 11:56:03.184446'),
(323, 249, 8, '', '2021-11-11 12:00:39.602494'),
(324, 247, 28, '', '2021-11-11 12:08:13.262509'),
(325, 250, 25, '', '2021-11-11 12:18:37.040415'),
(326, 251, 9, '', '2021-11-11 12:21:30.567802'),
(327, 252, 27, '', '2021-11-12 04:54:54.225139'),
(328, 253, 75, '', '2021-11-12 04:57:30.552036'),
(329, 254, 19, '', '2021-11-12 05:02:04.075041'),
(330, 255, 27, '', '2021-11-12 05:11:31.657043'),
(331, 256, 48, '', '2021-11-12 05:14:05.176540'),
(332, 256, 28, '', '2021-11-12 05:15:23.775987'),
(333, 257, 43, '', '2021-11-12 05:18:06.420560'),
(334, 257, 28, '', '2021-11-12 05:20:27.753826'),
(335, 258, 26, '', '2021-11-12 05:22:03.372616'),
(336, 259, 23, '', '2021-11-12 05:27:14.846177'),
(337, 260, 27, '', '2021-11-12 05:30:24.360655'),
(338, 261, 45, '', '2021-11-12 05:36:21.772111'),
(339, 262, 27, '', '2021-11-12 05:40:32.239265'),
(340, 263, 27, '', '2021-11-12 05:48:54.955977'),
(341, 264, 3, '', '2021-11-12 05:51:11.814235'),
(342, 264, 61, '', '2021-11-12 05:51:28.026915'),
(343, 266, 28, '', '2021-11-12 05:55:32.733765'),
(344, 265, 27, '', '2021-11-12 05:58:39.034666'),
(345, 265, 26, '', '2021-11-12 05:59:33.294015'),
(346, 267, 27, '', '2021-11-12 06:02:57.448150'),
(347, 268, 8, '', '2021-11-12 06:05:38.532684'),
(348, 269, 49, '', '2021-11-12 06:10:04.374690'),
(349, 269, 8, '', '2021-11-12 06:10:12.727581'),
(350, 270, 23, '', '2021-11-12 06:15:08.700208'),
(351, 271, 43, '', '2021-11-12 06:17:52.972386'),
(352, 272, 11, '', '2021-11-12 06:22:39.583727'),
(353, 272, 27, '', '2021-11-12 06:22:42.655505'),
(354, 273, 8, '', '2021-11-12 06:27:11.726995'),
(355, 274, 28, '', '2021-11-12 06:29:54.754601'),
(356, 275, 8, '', '2021-11-12 06:33:46.738693'),
(357, 276, 12, '', '2021-11-12 06:38:19.529676'),
(358, 276, 8, '', '2021-11-12 06:39:59.137106'),
(359, 277, 28, '', '2021-11-12 06:43:11.892824'),
(360, 278, 35, '', '2021-11-12 06:46:12.103580'),
(361, 279, 26, '', '2021-11-12 06:51:59.042845'),
(362, 281, 29, '', '2021-11-12 06:55:30.576682'),
(363, 281, 35, '', '2021-11-12 06:55:34.990790'),
(364, 282, 35, '', '2021-11-12 06:59:04.579372'),
(365, 282, 22, '', '2021-11-12 06:59:10.396704'),
(366, 280, 8, '', '2021-11-12 07:04:03.519007'),
(367, 283, 75, '', '2021-11-12 07:07:12.672684'),
(368, 284, 27, '', '2021-11-12 07:12:58.842354'),
(369, 285, 27, 'Follow-up ', '2021-11-12 07:15:38.212526'),
(370, 286, 28, '', '2021-11-12 07:22:28.065673'),
(371, 287, 27, '', '2021-11-12 07:23:58.557717'),
(372, 288, 75, '', '2021-11-12 08:03:20.005366'),
(373, 289, 8, '', '2021-11-12 08:08:25.716196'),
(374, 290, 26, '', '2021-11-12 08:12:29.926657'),
(375, 290, 9, 'Recurrent Attack ', '2021-11-12 08:12:53.835572'),
(376, 291, 28, '', '2021-11-12 08:23:11.437341'),
(377, 292, 8, '', '2021-11-12 08:26:33.020234'),
(378, 293, 27, '', '2021-11-12 08:30:19.557575'),
(379, 294, 42, '', '2021-11-12 08:39:53.641175'),
(380, 296, 10, '', '2021-11-12 08:45:48.010768'),
(381, 295, 9, '', '2021-11-12 08:50:15.262767'),
(382, 298, 29, '', '2021-11-12 08:53:16.265901'),
(383, 299, 35, '', '2021-11-12 08:57:11.590963'),
(384, 300, 35, '', '2021-11-12 09:07:04.931666'),
(385, 301, 35, '', '2021-11-12 09:11:14.631121'),
(386, 297, 28, '', '2021-11-12 09:50:26.084760'),
(387, 302, 27, '', '2021-11-12 09:53:36.033802'),
(388, 303, 28, '', '2021-11-12 10:01:15.259923'),
(389, 304, 26, '', '2021-11-12 10:06:24.957145'),
(390, 305, 44, '', '2021-11-12 10:10:58.813696'),
(391, 309, 27, '', '2021-11-12 10:18:00.095023'),
(392, 308, 27, '', '2021-11-12 10:22:31.198291'),
(393, 308, 23, '', '2021-11-12 10:23:59.157906'),
(394, 307, 27, '', '2021-11-12 10:27:37.908070'),
(395, 306, 27, '', '2021-11-12 10:32:13.200412'),
(396, 312, 27, '', '2021-11-12 10:39:37.418543'),
(397, 311, 43, '', '2021-11-12 10:43:06.855824'),
(398, 313, 9, '', '2021-11-12 10:47:39.406946'),
(399, 313, 26, '', '2021-11-12 10:48:53.844775'),
(400, 310, 27, '', '2021-11-12 10:52:30.198714'),
(401, 314, 27, '', '2021-11-12 11:01:28.631461'),
(402, 315, 27, '', '2021-11-12 11:05:39.956056'),
(403, 316, 27, '', '2021-11-12 11:10:47.033320'),
(404, 317, 23, '', '2021-11-12 11:13:33.119209'),
(405, 318, 23, '', '2021-11-12 11:17:05.558578'),
(406, 318, 10, '', '2021-11-12 11:17:10.189416'),
(407, 318, 22, '', '2021-11-12 11:17:18.759716'),
(408, 319, 8, '', '2021-11-12 11:22:05.515995'),
(409, 320, 12, '', '2021-11-12 11:27:17.440489'),
(410, 321, 51, '', '2021-11-12 11:31:11.739069'),
(411, 322, 27, '', '2021-11-12 11:35:22.697804'),
(412, 323, 28, '', '2021-11-12 11:40:26.813075'),
(413, 324, 45, '', '2021-11-12 11:47:46.691686'),
(414, 325, 28, '', '2021-11-12 11:54:58.206231'),
(415, 326, 9, '', '2021-11-12 12:55:55.823895'),
(416, 327, 28, '', '2021-11-12 12:59:44.064950'),
(417, 328, 28, '', '2021-11-12 13:03:54.654607'),
(418, 329, 9, '', '2021-11-12 13:05:39.582603'),
(419, 329, 58, '', '2021-11-12 13:08:34.174397'),
(420, 330, 9, '', '2021-11-12 13:11:55.576965'),
(421, 331, 13, '', '2021-11-12 13:18:45.154680'),
(422, 332, 28, '', '2021-11-12 13:21:24.776669'),
(423, 333, 42, '', '2021-11-12 13:27:21.593826'),
(424, 334, 28, '', '2021-11-12 13:30:27.520016'),
(425, 335, 9, '', '2021-11-12 13:34:41.358244'),
(426, 336, 28, '', '2021-11-12 13:40:07.081710'),
(427, 336, 13, '', '2021-11-12 13:42:30.519314'),
(428, 337, 27, '', '2021-11-13 04:56:21.999465'),
(429, 338, 15, '', '2021-11-13 05:02:12.585048'),
(430, 339, 8, '', '2021-11-13 05:06:24.070980'),
(431, 340, 27, '', '2021-11-13 05:11:18.910432'),
(432, 341, 27, '', '2021-11-13 05:17:08.666685'),
(433, 342, 27, 'Follow-up ', '2021-11-13 05:20:59.599880'),
(434, 343, 27, '', '2021-11-13 05:27:21.773201'),
(435, 344, 28, '', '2021-11-13 05:30:39.074369'),
(436, 345, 35, '', '2021-11-13 05:40:45.884366'),
(437, 346, 28, '', '2021-11-13 05:46:59.478753'),
(438, 348, 27, '', '2021-11-13 05:50:02.819461'),
(439, 347, 35, '', '2021-11-13 05:55:06.603659'),
(440, 349, 28, '', '2021-11-13 05:58:10.924541'),
(441, 350, 75, '', '2021-11-13 06:03:05.783993'),
(442, 351, 28, '', '2021-11-13 06:13:20.781082'),
(443, 352, 26, '', '2021-11-13 06:19:12.137425'),
(444, 353, 29, '', '2021-11-13 06:22:27.859027'),
(445, 354, 27, '', '2021-11-13 06:26:23.408766'),
(446, 355, 8, '', '2021-11-13 06:30:02.399024'),
(447, 356, 35, '', '2021-11-13 06:33:29.764959'),
(449, 357, 9, 'Recurrent Attack ', '2021-11-13 06:36:59.288417'),
(450, 357, 44, '', '2021-11-13 06:38:34.432819'),
(451, 358, 35, '', '2021-11-13 06:41:30.555992'),
(452, 359, 75, '', '2021-11-13 06:48:37.921148'),
(453, 360, 43, '', '2021-11-13 06:54:08.098985'),
(454, 361, 27, '', '2021-11-13 06:57:51.832231'),
(455, 362, 28, '', '2021-11-13 07:05:56.839960'),
(456, 363, 27, '', '2021-11-13 07:08:49.738492'),
(457, 363, 8, '', '2021-11-13 07:08:57.034678'),
(458, 364, 3, '', '2021-11-13 07:12:20.482668'),
(459, 365, 14, '', '2021-11-13 07:16:46.296711'),
(460, 366, 27, '', '2021-11-13 07:23:13.579868'),
(461, 367, 9, '', '2021-11-13 07:29:43.423957'),
(462, 368, 22, '', '2021-11-13 07:35:26.434677'),
(463, 368, 28, '', '2021-11-13 07:36:18.454316'),
(464, 369, 27, '', '2021-11-13 07:41:08.053524'),
(465, 369, 10, '', '2021-11-13 07:41:22.368988'),
(466, 370, 27, '', '2021-11-13 07:47:55.784421'),
(467, 371, 28, '', '2021-11-13 07:55:01.518667'),
(468, 372, 27, '', '2021-11-13 07:59:35.309898'),
(469, 373, 35, '', '2021-11-13 08:02:59.744705'),
(470, 374, 35, '', '2021-11-13 08:09:58.838451'),
(471, 375, 27, '', '2021-11-13 08:19:18.738757'),
(472, 377, 28, '', '2021-11-13 08:23:25.816551'),
(473, 376, 16, '', '2021-11-13 08:28:58.996313'),
(474, 378, 27, '', '2021-11-13 08:32:57.933853'),
(475, 379, 26, '', '2021-11-13 08:39:16.109390'),
(476, 380, 43, '', '2021-11-13 08:43:47.924676'),
(477, 381, 35, '', '2021-11-13 08:49:37.870729'),
(478, 381, 22, '', '2021-11-13 08:51:17.690562'),
(479, 382, 28, '', '2021-11-13 08:54:27.747393'),
(480, 383, 48, '', '2021-11-13 08:59:12.537262'),
(481, 383, 10, '', '2021-11-13 08:59:17.762214'),
(482, 384, 27, '', '2021-11-13 09:04:51.784698'),
(483, 385, 37, '', '2021-11-13 09:08:56.781683'),
(484, 386, 28, '', '2021-11-13 09:51:19.356716'),
(485, 388, 44, '', '2021-11-13 09:59:17.931367'),
(486, 389, 8, '', '2021-11-13 10:02:37.086772'),
(487, 390, 34, '', '2021-11-13 10:06:52.348668'),
(488, 390, 51, '', '2021-11-13 10:06:59.859765'),
(489, 391, 8, '', '2021-11-13 10:09:50.727377'),
(490, 392, 27, '', '2021-11-13 10:13:43.570909'),
(491, 393, 27, '', '2021-11-13 10:17:12.954134'),
(492, 394, 35, '', '2021-11-13 10:22:11.542065'),
(493, 395, 28, '', '2021-11-13 10:29:42.828937'),
(494, 396, 27, '', '2021-11-13 10:34:34.126080'),
(495, 397, 8, '', '2021-11-13 10:42:56.974173'),
(496, 398, 8, '', '2021-11-13 10:46:33.689693'),
(497, 400, 28, '', '2021-11-13 10:57:16.046896'),
(498, 401, 28, '', '2021-11-13 11:04:12.786673'),
(499, 401, 10, '', '2021-11-13 11:04:24.006945'),
(500, 402, 74, '', '2021-11-13 11:13:12.829669'),
(501, 403, 29, '', '2021-11-13 11:17:32.557349'),
(502, 404, 43, '', '2021-11-13 11:19:47.005915'),
(503, 406, 44, '', '2021-11-13 11:35:53.167023'),
(504, 407, 8, '', '2021-11-13 11:40:35.698138'),
(505, 405, 26, '', '2021-11-13 11:43:39.326288'),
(506, 405, 26, '', '2021-11-13 11:45:22.007553'),
(507, 408, 21, '', '2021-11-13 11:58:41.618924'),
(508, 409, 28, '', '2021-11-13 12:02:00.472396'),
(509, 410, 28, '', '2021-11-13 12:05:53.559478'),
(510, 411, 29, '', '2021-11-13 12:13:04.205884'),
(511, 412, 28, '', '2021-11-13 12:18:04.272681'),
(512, 413, 23, '', '2021-11-13 12:26:05.099174'),
(513, 414, 26, '', '2021-11-13 12:30:55.214886'),
(514, 415, 28, '', '2021-11-13 12:56:39.124342'),
(515, 424, 35, '', '2021-11-15 04:50:09.315663'),
(516, 423, 8, '', '2021-11-15 04:54:52.509175'),
(517, 421, 35, '', '2021-11-15 04:59:12.252515'),
(518, 420, 27, '', '2021-11-15 05:04:12.376485'),
(519, 419, 27, '', '2021-11-15 05:07:06.549746'),
(520, 418, 34, '', '2021-11-15 05:11:03.745675'),
(521, 417, 27, '', '2021-11-15 05:18:10.578286'),
(522, 425, 27, '', '2021-11-15 05:22:02.740770'),
(523, 427, 28, '', '2021-11-15 05:35:27.866183'),
(524, 428, 8, '', '2021-11-15 05:40:38.380832'),
(525, 429, 23, '', '2021-11-15 05:44:24.980518'),
(526, 430, 27, '', '2021-11-15 05:47:01.922431'),
(527, 431, 8, '', '2021-11-15 05:52:16.823404'),
(528, 432, 35, '', '2021-11-15 05:53:56.996191'),
(529, 432, 28, '', '2021-11-15 05:54:06.489302'),
(530, 433, 8, '', '2021-11-15 06:01:01.074809'),
(531, 434, 27, '', '2021-11-15 06:03:51.165992'),
(532, 435, 27, '', '2021-11-15 06:07:35.730182'),
(533, 436, 26, '', '2021-11-15 06:14:56.721855'),
(534, 438, 28, '', '2021-11-15 06:19:03.907684'),
(535, 438, 26, '', '2021-11-15 06:19:52.698260'),
(536, 437, 19, '', '2021-11-15 06:23:10.409030'),
(537, 439, 27, '', '2021-11-15 06:28:51.174905'),
(538, 439, 23, '', '2021-11-15 06:30:59.966502'),
(539, 440, 26, '', '2021-11-15 06:35:33.889963'),
(540, 440, 44, '', '2021-11-15 06:35:42.759918'),
(541, 441, 23, '', '2021-11-15 06:41:31.225743'),
(542, 442, 35, '', '2021-11-15 06:48:23.898006'),
(543, 443, 9, '', '2021-11-15 06:57:13.342677'),
(544, 443, 26, '', '2021-11-15 06:59:30.883239'),
(545, 444, 27, '', '2021-11-15 07:03:47.663438'),
(546, 445, 9, 'Recurrent Attack ', '2021-11-15 07:07:35.468448'),
(547, 446, 28, '', '2021-11-15 07:09:43.348255'),
(548, 447, 17, '', '2021-11-15 07:17:19.546070'),
(549, 448, 28, '', '2021-11-15 07:22:13.089492'),
(550, 449, 10, '', '2021-11-15 07:26:22.140794'),
(551, 450, 27, '', '2021-11-15 07:32:37.331079'),
(552, 450, 35, '', '2021-11-15 07:34:09.881888'),
(553, 451, 28, '', '2021-11-15 07:36:47.384728'),
(554, 452, 43, '', '2021-11-15 07:38:59.776048'),
(555, 452, 11, '', '2021-11-15 07:39:08.076789'),
(556, 453, 8, '', '2021-11-15 07:45:01.845333'),
(557, 454, 9, '10 days ', '2021-11-15 07:47:41.838424'),
(558, 455, 21, '', '2021-11-15 07:54:24.680103'),
(559, 457, 43, '', '2021-11-15 07:58:39.229832'),
(560, 457, 49, '', '2021-11-15 07:59:18.810253'),
(561, 456, 35, '', '2021-11-15 08:03:55.255882'),
(562, 458, 69, '', '2021-11-15 08:09:02.071683'),
(563, 459, 35, '', '2021-11-15 08:11:38.222070'),
(564, 460, 43, '', '2021-11-15 08:17:16.100897'),
(565, 460, 28, '', '2021-11-15 08:17:19.133387'),
(566, 462, 35, '', '2021-11-15 08:23:06.671366'),
(567, 461, 29, '', '2021-11-15 08:26:47.281429'),
(568, 463, 35, '', '2021-11-15 08:29:21.716736'),
(569, 464, 27, '', '2021-11-15 08:33:05.048184'),
(570, 465, 45, '', '2021-11-15 08:38:06.714268'),
(571, 466, 11, '', '2021-11-15 08:39:31.463675'),
(572, 466, 28, '', '2021-11-15 08:42:17.210355'),
(573, 467, 27, '', '2021-11-15 08:45:15.639050'),
(574, 468, 27, '', '2021-11-15 08:50:05.765040'),
(575, 469, 28, '', '2021-11-15 08:53:11.708186'),
(576, 470, 27, '', '2021-11-15 08:59:44.417986'),
(577, 471, 35, '', '2021-11-15 09:07:57.283743'),
(578, 472, 28, '', '2021-11-15 09:12:32.413106'),
(579, 473, 28, '', '2021-11-15 10:17:14.597236'),
(580, 473, 35, '', '2021-11-15 10:17:38.033977'),
(581, 474, 29, '', '2021-11-15 10:23:38.744853'),
(582, 474, 23, '', '2021-11-15 10:23:43.126262'),
(583, 475, 43, '', '2021-11-15 10:30:22.466936'),
(584, 476, 8, '', '2021-11-15 10:34:44.186077'),
(585, 477, 28, '', '2021-11-15 10:39:46.785706'),
(586, 478, 27, '', '2021-11-15 10:43:51.479533'),
(587, 479, 8, '', '2021-11-15 10:47:48.540646'),
(588, 480, 12, '', '2021-11-15 10:52:15.020012'),
(589, 481, 27, '', '2021-11-15 10:58:27.456671'),
(590, 483, 28, '', '2021-11-15 11:05:15.522579'),
(591, 482, 35, '', '2021-11-15 11:11:14.619651'),
(592, 484, 8, '', '2021-11-15 11:16:24.664078'),
(593, 485, 28, '', '2021-11-15 11:21:30.243977'),
(594, 486, 8, '', '2021-11-15 11:26:38.205305'),
(595, 488, 26, '', '2021-11-15 11:38:24.235705'),
(596, 487, 27, '', '2021-11-15 11:45:37.298680'),
(597, 489, 28, '', '2021-11-15 11:49:04.517929'),
(598, 491, 8, '', '2021-11-15 11:52:13.562891'),
(599, 490, 28, '', '2021-11-15 11:56:09.053544'),
(600, 492, 58, '', '2021-11-15 12:00:14.468223'),
(601, 493, 43, '', '2021-11-15 12:08:48.980681'),
(602, 494, 8, '', '2021-11-15 12:13:55.671977'),
(603, 495, 35, '', '2021-11-15 12:20:29.426730'),
(604, 496, 8, '', '2021-11-15 12:27:56.724587'),
(605, 497, 26, '', '2021-11-15 13:03:56.327524'),
(606, 498, 28, '', '2021-11-15 13:08:24.378714'),
(607, 499, 27, '', '2021-11-15 13:12:40.769033'),
(608, 500, 12, '', '2021-11-15 13:16:14.780841'),
(609, 501, 42, '', '2021-11-15 13:20:48.221681'),
(610, 502, 28, '', '2021-11-15 13:24:53.320563'),
(611, 503, 15, '', '2021-11-15 13:28:39.864463'),
(612, 504, 27, '', '2021-11-15 13:32:56.830656'),
(613, 505, 28, '', '2021-11-15 13:38:58.706039'),
(614, 506, 13, '', '2021-11-15 13:44:06.477211'),
(615, 507, 27, '', '2021-11-15 13:50:28.014021'),
(616, 508, 28, '', '2021-11-15 13:58:19.114686'),
(617, 509, 17, '', '2021-11-15 14:05:03.918485'),
(618, 510, 43, '', '2021-11-15 14:10:47.587274'),
(619, 513, 54, 'Follow-up ', '2021-11-15 14:20:20.436778'),
(620, 511, 13, '', '2021-11-15 14:27:33.678584'),
(621, 512, 26, '', '2021-11-15 14:36:50.641922'),
(622, 514, 44, '4days ', '2021-11-16 05:09:03.567102'),
(623, 515, 43, '', '2021-11-16 05:14:49.850673'),
(624, 515, 11, '', '2021-11-16 05:15:42.488528'),
(625, 516, 8, '', '2021-11-16 05:18:56.481122'),
(626, 518, 26, '', '2021-11-16 05:25:12.109860'),
(627, 517, 43, '', '2021-11-16 05:28:04.250012'),
(629, 519, 9, 'Recurrent Attack ', '2021-11-16 05:35:53.426686'),
(630, 520, 43, '', '2021-11-16 05:41:38.398654'),
(631, 521, 27, '', '2021-11-16 05:47:16.890173'),
(632, 522, 27, '', '2021-11-16 05:54:37.883428'),
(633, 524, 35, '', '2021-11-16 06:00:38.752122'),
(634, 523, 40, '', '2021-11-16 06:06:11.410902'),
(635, 525, 29, '', '2021-11-16 06:11:02.949685'),
(636, 526, 15, '', '2021-11-16 06:15:48.877226'),
(637, 527, 35, '', '2021-11-16 06:20:59.768800'),
(638, 528, 8, '', '2021-11-16 06:25:00.962160'),
(639, 529, 8, '', '2021-11-16 06:31:52.576050'),
(640, 530, 29, '', '2021-11-16 06:35:40.105062'),
(641, 531, 10, '', '2021-11-16 06:40:55.935883'),
(642, 532, 13, '', '2021-11-16 06:47:27.728484'),
(643, 533, 27, '', '2021-11-16 07:00:33.661240'),
(644, 534, 27, '', '2021-11-16 07:05:17.792185'),
(645, 534, 14, '', '2021-11-16 07:05:20.767683'),
(646, 536, 27, '', '2021-11-16 07:29:59.746729'),
(647, 535, 29, '', '2021-11-16 07:36:32.565670'),
(648, 537, 37, '', '2021-11-16 07:41:02.008261'),
(649, 538, 37, '', '2021-11-16 07:48:39.974636'),
(650, 540, 28, '', '2021-11-16 07:55:11.380674'),
(651, 539, 15, '', '2021-11-16 08:01:25.208431'),
(652, 541, 11, '', '2021-11-16 08:03:49.251988'),
(653, 541, 43, '', '2021-11-16 08:05:27.060175'),
(654, 543, 29, '', '2021-11-16 08:11:21.681814'),
(655, 542, 8, '', '2021-11-16 08:15:26.611062'),
(656, 545, 28, '', '2021-11-16 08:19:34.761724'),
(657, 544, 8, '', '2021-11-16 08:22:54.782362'),
(658, 546, 31, '', '2021-11-16 08:26:12.843961'),
(659, 547, 42, '', '2021-11-16 08:30:26.272714'),
(660, 548, 26, '', '2021-11-16 08:34:43.740749'),
(661, 549, 27, '', '2021-11-16 08:42:42.936828'),
(662, 551, 8, '', '2021-11-16 08:47:40.039783'),
(663, 550, 3, '', '2021-11-16 08:52:17.344776'),
(664, 552, 35, '', '2021-11-16 08:57:54.305115'),
(665, 552, 51, 'Infective', '2021-11-16 08:58:09.518206'),
(666, 553, 35, '', '2021-11-16 09:04:13.877483'),
(667, 554, 29, '', '2021-11-16 09:47:14.587193'),
(668, 555, 9, '', '2021-11-16 09:52:47.786936'),
(669, 557, 35, '', '2021-11-16 10:00:09.897911'),
(670, 556, 28, '', '2021-11-16 10:06:46.781918'),
(671, 558, 35, '', '2021-11-16 10:13:13.979290'),
(672, 559, 75, '', '2021-11-16 10:20:01.448899'),
(673, 560, 7, 'Recurrent Attack ', '2021-11-16 10:25:30.847226'),
(674, 561, 28, '', '2021-11-16 10:30:14.636895'),
(675, 562, 27, '', '2021-11-16 10:37:43.920187'),
(676, 563, 8, '', '2021-11-16 10:45:02.296094'),
(677, 565, 35, '', '2021-11-16 10:51:52.287652'),
(678, 564, 9, '', '2021-11-16 10:58:11.812282'),
(679, 566, 27, '', '2021-11-16 11:03:22.063359'),
(680, 568, 9, '', '2021-11-16 11:08:49.491756'),
(681, 567, 28, '', '2021-11-16 11:11:40.891786'),
(682, 569, 21, '', '2021-11-16 11:22:03.643908'),
(683, 570, 44, '', '2021-11-16 11:27:56.256068'),
(684, 571, 9, 'Recurrent Attack ', '2021-11-16 11:34:18.343029'),
(685, 573, 9, '', '2021-11-16 11:41:58.371672'),
(686, 573, 43, '', '2021-11-16 11:44:06.436815'),
(687, 572, 27, '', '2021-11-16 11:48:59.615497'),
(688, 574, 61, '', '2021-11-16 11:54:59.108576'),
(689, 574, 28, '', '2021-11-16 11:55:03.140250'),
(690, 575, 12, '', '2021-11-16 12:05:03.301367'),
(691, 576, 28, '', '2021-11-16 12:15:08.519140'),
(692, 577, 27, '', '2021-11-16 12:19:13.300448'),
(693, 577, 8, '', '2021-11-16 12:22:14.978937'),
(694, 578, 26, '', '2021-11-16 12:27:13.770858'),
(695, 579, 28, '', '2021-11-16 13:24:20.933327'),
(696, 579, 26, '', '2021-11-16 13:27:03.623123'),
(697, 580, 19, '', '2021-11-17 04:52:13.031205'),
(698, 581, 28, '', '2021-11-17 04:57:52.596235'),
(699, 582, 37, '', '2021-11-17 05:03:28.461491'),
(700, 583, 43, '', '2021-11-17 05:09:36.419675'),
(701, 584, 43, '', '2021-11-17 05:14:53.350661'),
(702, 585, 26, '', '2021-11-17 05:20:31.540974'),
(703, 586, 27, '', '2021-11-17 05:24:22.135476'),
(704, 587, 27, '', '2021-11-17 05:29:06.955791'),
(705, 588, 28, '', '2021-11-17 05:39:05.267995'),
(706, 589, 8, '', '2021-11-17 05:43:46.013569'),
(707, 590, 29, '', '2021-11-17 05:48:22.880569'),
(708, 591, 28, '', '2021-11-17 05:53:30.496451'),
(709, 592, 14, '', '2021-11-17 05:59:28.764846'),
(710, 593, 30, '', '2021-11-17 06:02:05.656748'),
(711, 594, 35, '', '2021-11-17 06:11:45.890409'),
(712, 595, 27, '', '2021-11-17 06:17:25.295436'),
(713, 596, 28, '', '2021-11-17 06:22:16.606859'),
(714, 597, 75, '', '2021-11-17 06:26:55.141692'),
(715, 598, 27, '', '2021-11-17 06:32:29.454045'),
(716, 599, 20, '', '2021-11-17 06:37:15.199124'),
(717, 600, 28, 'Follow-up ', '2021-11-17 06:44:01.964419'),
(718, 601, 28, '', '2021-11-17 06:49:55.272098'),
(719, 602, 26, '', '2021-11-17 06:53:34.592448'),
(720, 603, 8, '', '2021-11-17 06:58:17.582428'),
(721, 605, 27, '', '2021-11-17 07:06:14.937396'),
(722, 605, 42, '', '2021-11-17 07:06:21.924003'),
(723, 606, 8, '', '2021-11-17 07:09:24.604206'),
(724, 607, 8, '', '2021-11-17 07:14:35.080477'),
(725, 608, 8, '', '2021-11-17 07:19:28.460183'),
(726, 609, 28, '', '2021-11-17 07:28:06.532336'),
(727, 610, 28, '', '2021-11-17 07:31:16.378836'),
(728, 611, 8, '', '2021-11-17 07:34:55.856919'),
(729, 612, 27, '', '2021-11-17 07:39:46.543093'),
(730, 613, 44, '', '2021-11-17 07:44:37.348132'),
(731, 614, 26, '', '2021-11-17 07:54:04.299297'),
(732, 615, 29, '', '2021-11-17 07:58:28.439844'),
(733, 616, 28, '', '2021-11-17 08:02:39.288115'),
(734, 617, 28, '', '2021-11-17 08:06:35.759236'),
(735, 618, 22, '', '2021-11-17 08:15:35.573700'),
(736, 619, 10, '', '2021-11-17 08:20:59.158535'),
(737, 621, 28, '', '2021-11-17 08:31:39.768808'),
(738, 623, 21, '', '2021-11-17 08:36:33.693314'),
(739, 622, 51, 'Infective', '2021-11-17 08:40:31.468371'),
(740, 624, 42, '', '2021-11-17 08:44:39.235241'),
(741, 625, 27, '', '2021-11-17 08:51:07.137242'),
(742, 625, 26, '', '2021-11-17 08:52:24.584391'),
(743, 626, 61, '', '2021-11-17 08:58:15.848208'),
(744, 626, 9, '', '2021-11-17 08:58:27.490681'),
(745, 627, 27, '', '2021-11-17 09:02:05.798026'),
(746, 629, 28, '', '2021-11-17 10:03:34.030429'),
(747, 630, 28, '', '2021-11-17 10:13:56.391635'),
(748, 632, 27, '', '2021-11-17 10:20:32.985837'),
(749, 631, 27, '', '2021-11-17 10:26:19.262745'),
(750, 633, 8, '', '2021-11-17 10:29:04.089912'),
(751, 635, 27, '', '2021-11-17 10:34:14.632056'),
(752, 628, 8, '', '2021-11-17 10:42:19.710273'),
(753, 636, 23, '', '2021-11-17 10:51:32.417749'),
(754, 637, 26, '', '2021-11-17 10:57:17.326014'),
(755, 638, 9, 'With cervical lymphadenitis', '2021-11-17 11:03:19.042016'),
(756, 639, 8, '', '2021-11-17 11:05:55.484121'),
(757, 640, 8, '', '2021-11-17 11:10:54.365683'),
(758, 644, 42, '', '2021-11-17 11:15:19.720212'),
(759, 641, 26, '', '2021-11-17 11:20:06.502687'),
(760, 642, 27, '', '2021-11-17 11:23:23.905233'),
(761, 643, 29, '', '2021-11-17 11:27:58.289617'),
(762, 643, 24, '', '2021-11-17 11:29:22.511437'),
(763, 645, 8, '', '2021-11-17 11:34:03.146680'),
(764, 646, 35, '', '2021-11-17 11:45:02.643677'),
(765, 647, 10, '', '2021-11-17 11:51:47.926662'),
(767, 648, 44, 'Fuctional', '2021-11-17 11:57:09.539453'),
(768, 649, 8, '', '2021-11-17 12:00:11.969600'),
(769, 650, 28, '', '2021-11-17 12:04:32.524328'),
(770, 651, 59, '', '2021-11-17 12:10:48.167679'),
(771, 652, 35, '', '2021-11-17 12:54:57.226534'),
(772, 653, 27, '', '2021-11-17 13:04:01.671606'),
(773, 654, 43, '', '2021-11-17 13:08:26.961807'),
(774, 655, 61, '', '2021-11-18 04:52:46.477342'),
(775, 656, 33, '', '2021-11-18 05:00:20.970000'),
(776, 657, 43, '', '2021-11-18 05:03:51.234697'),
(777, 658, 38, '', '2021-11-18 05:09:04.958888'),
(778, 660, 27, '', '2021-11-18 05:19:51.068094'),
(779, 661, 11, '', '2021-11-18 05:22:58.225475'),
(780, 661, 43, '', '2021-11-18 05:24:31.296176'),
(781, 662, 43, '', '2021-11-18 05:30:24.241243'),
(782, 663, 22, '', '2021-11-18 05:37:39.269251'),
(783, 663, 9, '15 days ', '2021-11-18 05:39:23.246695'),
(784, 664, 8, '', '2021-11-18 05:43:49.433149'),
(785, 665, 28, '', '2021-11-18 05:46:56.634483'),
(786, 666, 8, '', '2021-11-18 05:51:02.198775'),
(787, 667, 10, '', '2021-11-18 05:56:56.482416'),
(788, 668, 29, '', '2021-11-18 06:02:15.170916'),
(789, 669, 11, '', '2021-11-18 06:03:58.840388'),
(790, 669, 31, '', '2021-11-18 06:05:12.919070'),
(791, 670, 22, '', '2021-11-18 06:12:41.431688'),
(792, 671, 36, '', '2021-11-18 06:21:50.459326'),
(793, 672, 63, '', '2021-11-18 06:29:23.427674'),
(794, 673, 25, '', '2021-11-18 06:34:04.732112'),
(795, 674, 8, '', '2021-11-18 06:36:57.139552'),
(796, 675, 27, '', '2021-11-18 06:42:55.213224'),
(797, 676, 27, '', '2021-11-18 06:48:27.448998'),
(798, 678, 28, '', '2021-11-18 06:53:00.903866'),
(799, 677, 10, '', '2021-11-18 06:57:28.735715'),
(800, 679, 8, '', '2021-11-18 07:01:08.208519'),
(802, 680, 42, '', '2021-11-18 07:05:35.618058'),
(803, 681, 27, '', '2021-11-18 07:11:12.003912'),
(804, 682, 27, '', '2021-11-18 07:22:52.655043'),
(805, 683, 8, '', '2021-11-18 07:31:45.082639'),
(806, 684, 7, 'First attack ', '2021-11-18 07:36:47.828665'),
(807, 685, 28, '', '2021-11-18 07:40:04.841300'),
(808, 685, 22, '', '2021-11-18 07:41:48.209114'),
(809, 686, 23, '', '2021-11-18 07:42:47.822874'),
(810, 687, 27, '', '2021-11-18 07:48:14.729693'),
(811, 688, 9, 'Recurrent Attack ', '2021-11-18 07:51:40.719489'),
(812, 689, 28, '', '2021-11-18 07:55:01.000587'),
(813, 690, 27, '', '2021-11-18 07:58:35.118996'),
(814, 691, 9, '', '2021-11-18 08:02:22.051974'),
(815, 692, 54, '', '2021-11-18 08:09:27.196049'),
(816, 693, 27, '', '2021-11-18 08:15:42.294602'),
(817, 694, 47, '', '2021-11-18 08:20:03.247432'),
(818, 695, 48, '', '2021-11-18 08:22:56.161218'),
(819, 696, 27, '', '2021-11-18 08:28:25.350907'),
(820, 697, 27, '', '2021-11-18 08:31:37.327044'),
(821, 697, 22, '', '2021-11-18 08:31:40.376702'),
(822, 698, 9, 'Recurrent Attack ', '2021-11-18 08:36:51.320052'),
(823, 699, 32, '', '2021-11-18 08:39:53.081589'),
(824, 700, 27, '', '2021-11-18 08:45:21.089669'),
(825, 701, 27, '', '2021-11-18 10:00:04.411496'),
(826, 702, 9, '', '2021-11-18 10:07:06.073805'),
(827, 703, 29, '', '2021-11-18 10:09:45.345110'),
(828, 704, 26, '', '2021-11-18 10:16:36.518592'),
(829, 705, 27, '', '2021-11-18 10:21:02.064037'),
(830, 707, 27, '', '2021-11-18 10:25:58.666881'),
(831, 706, 27, '', '2021-11-18 10:30:40.344382'),
(832, 708, 35, '', '2021-11-18 10:36:23.569029'),
(833, 709, 8, '', '2021-11-18 10:42:22.472755'),
(834, 710, 15, '', '2021-11-18 10:46:55.027995'),
(835, 711, 27, '', '2021-11-18 10:52:00.047671'),
(836, 711, 43, '', '2021-11-18 10:52:03.109024'),
(837, 712, 27, '', '2021-11-18 10:56:58.792420'),
(838, 713, 41, '', '2021-11-18 11:00:59.510058'),
(840, 714, 30, '', '2021-11-18 11:09:05.227589'),
(841, 714, 27, '', '2021-11-18 11:09:12.320032'),
(842, 715, 8, '', '2021-11-18 11:14:04.544884'),
(843, 717, 28, '', '2021-11-18 11:26:49.529961'),
(844, 720, 28, '', '2021-11-18 11:39:59.848136'),
(845, 719, 10, '', '2021-11-18 11:43:47.675586'),
(847, 718, 14, '', '2021-11-18 11:50:35.775072'),
(848, 721, 29, '', '2021-11-18 11:54:26.974645'),
(849, 723, 8, '', '2021-11-18 11:57:55.365720'),
(850, 722, 27, '', '2021-11-18 12:02:06.423416'),
(851, 724, 48, '', '2021-11-18 12:47:54.151089'),
(852, 725, 3, '', '2021-11-18 12:52:46.410237'),
(853, 726, 27, '', '2021-11-18 12:57:15.546343'),
(854, 727, 12, 'With myositis', '2021-11-18 13:01:49.760013'),
(855, 728, 28, '', '2021-11-18 13:06:31.040507'),
(856, 729, 29, '', '2021-11-18 13:11:42.427296'),
(857, 731, 28, '', '2021-11-18 13:19:37.736721'),
(858, 731, 43, '', '2021-11-18 13:21:07.204496'),
(859, 730, 9, '', '2021-11-18 13:23:47.863332'),
(860, 732, 35, '', '2021-11-18 13:29:42.956280'),
(861, 732, 23, '', '2021-11-18 13:30:32.224779'),
(862, 733, 27, '', '2021-11-18 13:33:08.109249'),
(863, 734, 35, '', '2021-11-18 13:38:58.520175'),
(864, 735, 27, '', '2021-11-18 13:43:32.578450'),
(865, 741, 69, '', '2021-11-18 18:13:07.373002'),
(866, 745, 27, '', '2021-11-19 04:50:19.535402'),
(867, 746, 52, '', '2021-11-19 04:57:36.944359'),
(868, 747, 35, '', '2021-11-19 05:02:21.457351'),
(870, 749, 11, '', '2021-11-19 05:10:18.430830'),
(871, 749, 8, '', '2021-11-19 05:10:22.608904'),
(872, 750, 28, '', '2021-11-19 05:14:48.527709'),
(873, 751, 8, '', '2021-11-19 05:20:16.268198'),
(874, 752, 28, '', '2021-11-19 05:23:51.759515'),
(875, 753, 27, '', '2021-11-19 05:27:59.867109'),
(876, 754, 11, '', '2021-11-19 05:33:14.552014'),
(877, 754, 27, '', '2021-11-19 05:35:17.788292'),
(878, 755, 9, '', '2021-11-19 05:38:06.997302'),
(879, 756, 35, '', '2021-11-19 05:43:01.064707'),
(880, 757, 14, '', '2021-11-19 05:50:00.548933'),
(881, 757, 23, '', '2021-11-19 05:51:24.184753'),
(882, 758, 8, '', '2021-11-19 05:56:54.143171'),
(883, 759, 27, '', '2021-11-19 06:05:49.542387'),
(884, 760, 56, '', '2021-11-19 06:10:39.063327'),
(885, 761, 35, '', '2021-11-19 06:16:20.374574'),
(886, 762, 35, '', '2021-11-19 06:21:39.005219'),
(887, 763, 27, '', '2021-11-19 06:26:04.379380'),
(888, 765, 8, '', '2021-11-19 06:30:36.072144'),
(889, 764, 8, '', '2021-11-19 06:35:03.501227'),
(890, 766, 28, '', '2021-11-19 06:42:05.294851'),
(891, 768, 28, '', '2021-11-19 06:53:39.707739'),
(892, 769, 43, '', '2021-11-19 07:00:20.622402'),
(893, 770, 8, '', '2021-11-19 07:03:44.278151'),
(894, 771, 8, '', '2021-11-19 07:06:10.544835'),
(895, 772, 44, '', '2021-11-19 07:10:31.461642'),
(896, 773, 35, '', '2021-11-19 07:17:07.432275'),
(897, 774, 37, '', '2021-11-19 07:20:26.072673'),
(898, 775, 21, '', '2021-11-19 07:27:45.117161'),
(899, 776, 27, '', '2021-11-19 07:30:38.974959'),
(900, 777, 17, '', '2021-11-19 07:34:21.854873'),
(901, 778, 35, '', '2021-11-19 07:58:10.357836'),
(902, 779, 12, '', '2021-11-19 08:00:45.318643'),
(903, 780, 9, '', '2021-11-19 08:04:10.710686'),
(904, 781, 43, '', '2021-11-19 08:09:00.571114'),
(905, 782, 35, '', '2021-11-19 08:12:05.211684'),
(906, 783, 8, '', '2021-11-19 08:23:06.381674'),
(907, 784, 35, '', '2021-11-19 08:27:41.476801'),
(908, 786, 42, '', '2021-11-19 08:31:21.207589'),
(909, 785, 27, '', '2021-11-19 08:37:04.078752'),
(910, 787, 9, '', '2021-11-19 08:40:00.629525'),
(911, 788, 27, '', '2021-11-19 08:46:30.224921'),
(912, 789, 28, '', '2021-11-19 08:49:00.400646'),
(913, 790, 70, '', '2021-11-19 08:54:36.427798'),
(914, 791, 14, '', '2021-11-19 09:01:07.194125'),
(915, 792, 28, '', '2021-11-19 09:06:00.467432'),
(916, 793, 35, '', '2021-11-19 09:44:43.610035'),
(917, 794, 35, '', '2021-11-19 09:49:12.984051'),
(918, 795, 11, '', '2021-11-19 09:58:09.532721'),
(919, 796, 42, '', '2021-11-19 10:01:30.322638'),
(920, 797, 26, '', '2021-11-19 10:05:05.292338'),
(921, 797, 48, '', '2021-11-19 10:06:18.077110'),
(922, 798, 8, '', '2021-11-19 10:09:32.375356'),
(923, 799, 28, '', '2021-11-19 10:14:08.688307'),
(924, 800, 27, '', '2021-11-19 10:19:17.560272'),
(925, 801, 27, '', '2021-11-19 10:22:48.202825'),
(926, 802, 35, '', '2021-11-19 10:25:20.979756'),
(927, 803, 35, '', '2021-11-19 10:33:37.355335'),
(928, 804, 35, '', '2021-11-19 10:39:05.916888'),
(929, 805, 35, '', '2021-11-19 10:44:06.643033'),
(930, 806, 27, '', '2021-11-19 10:47:54.977981'),
(931, 807, 27, '', '2021-11-19 10:54:07.287527'),
(932, 808, 28, '', '2021-11-19 10:59:30.078366'),
(933, 809, 35, '', '2021-11-19 11:10:14.990915'),
(934, 811, 28, '', '2021-11-19 11:16:06.657149'),
(935, 810, 35, '', '2021-11-19 11:21:11.176117'),
(936, 812, 44, '', '2021-11-19 11:27:35.443561'),
(937, 813, 27, '', '2021-11-19 11:36:54.057315'),
(938, 814, 27, '', '2021-11-19 11:39:22.517974'),
(940, 814, 8, '', '2021-11-19 11:40:18.124918'),
(941, 815, 27, '', '2021-11-19 11:44:18.968595'),
(942, 815, 35, '', '2021-11-19 11:44:22.894444'),
(943, 818, 20, '', '2021-11-19 11:57:42.921699'),
(944, 818, 8, '', '2021-11-19 11:59:12.386767'),
(945, 819, 15, '', '2021-11-19 12:02:02.097508'),
(946, 822, 30, '', '2021-11-19 12:11:29.203473'),
(947, 821, 29, '', '2021-11-19 12:15:29.630335'),
(948, 823, 26, '', '2021-11-19 12:19:36.588033'),
(949, 824, 35, '', '2021-11-19 13:02:14.410993'),
(950, 824, 27, '', '2021-11-19 13:04:40.820437'),
(951, 825, 44, '', '2021-11-19 13:07:26.184976'),
(952, 826, 8, '', '2021-11-19 13:11:51.510591'),
(953, 827, 27, '', '2021-11-19 13:17:05.738941'),
(954, 828, 28, '', '2021-11-19 13:22:24.807510'),
(955, 829, 28, '', '2021-11-19 13:25:56.840934'),
(956, 831, 8, '', '2021-11-20 04:55:37.649667'),
(958, 833, 28, '', '2021-11-20 05:02:16.585469'),
(959, 834, 8, '', '2021-11-20 05:05:53.721458'),
(960, 836, 27, '', '2021-11-20 05:10:16.707448'),
(961, 835, 28, '', '2021-11-20 05:15:16.113451'),
(962, 837, 28, '', '2021-11-20 05:20:42.541506'),
(963, 838, 42, '', '2021-11-20 05:27:06.751953'),
(964, 839, 8, '', '2021-11-20 05:33:59.362013'),
(965, 840, 8, '', '2021-11-20 05:39:41.617612'),
(966, 841, 43, '', '2021-11-20 05:43:14.396880'),
(967, 842, 28, '', '2021-11-20 05:48:26.612452'),
(968, 843, 22, '', '2021-11-20 05:50:36.407693'),
(969, 843, 27, '', '2021-11-20 05:52:08.269774'),
(970, 844, 9, 'With chill and rigor ', '2021-11-20 05:58:31.661689'),
(971, 845, 27, '', '2021-11-20 06:03:40.470156'),
(972, 847, 28, '', '2021-11-20 06:12:15.096246'),
(973, 847, 35, '', '2021-11-20 06:12:46.738421'),
(974, 846, 27, '', '2021-11-20 06:16:05.409488'),
(975, 848, 27, '', '2021-11-20 06:20:48.812663'),
(976, 849, 26, '', '2021-11-20 06:25:52.138927'),
(977, 851, 31, '', '2021-11-20 06:29:34.013219'),
(978, 850, 35, '', '2021-11-20 06:35:55.845292'),
(979, 853, 27, '', '2021-11-20 06:40:57.341861'),
(980, 852, 8, '', '2021-11-20 06:44:42.164102'),
(981, 854, 26, '', '2021-11-20 06:47:33.998249'),
(982, 854, 27, '', '2021-11-20 06:47:37.537216'),
(983, 855, 27, '', '2021-11-20 06:51:29.678676'),
(984, 856, 43, '', '2021-11-20 06:55:36.066727'),
(985, 857, 28, '', '2021-11-20 06:59:34.874118'),
(986, 857, 39, '', '2021-11-20 07:02:08.059959'),
(987, 858, 35, '', '2021-11-20 07:08:33.129182'),
(988, 858, 22, '', '2021-11-20 07:10:16.457568'),
(989, 859, 27, '', '2021-11-20 07:13:27.085920'),
(990, 860, 44, '', '2021-11-20 07:15:20.116452'),
(991, 860, 41, '', '2021-11-20 07:17:45.045952'),
(992, 861, 43, '', '2021-11-20 07:22:05.874899'),
(993, 862, 45, '', '2021-11-20 07:27:02.542261'),
(994, 863, 27, '', '2021-11-20 07:31:28.871244'),
(995, 864, 15, '', '2021-11-20 07:36:20.929879'),
(996, 865, 8, '', '2021-11-20 07:41:26.661598'),
(997, 866, 8, '', '2021-11-20 07:45:40.141086'),
(998, 867, 35, '', '2021-11-20 07:51:26.076521'),
(999, 868, 27, '', '2021-11-20 07:57:12.585285'),
(1000, 869, 27, '', '2021-11-20 08:02:58.093491'),
(1001, 870, 27, '', '2021-11-20 08:06:48.253747'),
(1002, 871, 27, '', '2021-11-20 08:09:17.732398'),
(1003, 872, 27, '', '2021-11-20 08:13:28.022147'),
(1004, 873, 8, '', '2021-11-20 08:15:43.833126'),
(1005, 874, 27, '', '2021-11-20 08:20:46.897319'),
(1006, 876, 35, '', '2021-11-20 08:24:42.822803'),
(1007, 875, 8, '', '2021-11-20 08:28:55.519326'),
(1008, 879, 8, '', '2021-11-20 08:32:38.700457'),
(1009, 877, 29, '', '2021-11-20 08:40:10.804817'),
(1010, 878, 26, '', '2021-11-20 08:43:42.352106'),
(1011, 880, 35, '', '2021-11-20 08:48:44.161030'),
(1012, 881, 35, '', '2021-11-20 08:55:31.974066'),
(1013, 882, 44, '', '2021-11-20 08:59:36.678494'),
(1014, 883, 72, '', '2021-11-20 09:41:03.569029'),
(1015, 884, 28, '', '2021-11-20 09:45:31.781445'),
(1016, 885, 28, '', '2021-11-20 09:51:58.698043'),
(1017, 886, 29, '', '2021-11-20 09:56:59.236685'),
(1018, 887, 27, '', '2021-11-20 10:01:35.862000'),
(1019, 888, 27, '', '2021-11-20 10:05:00.261766'),
(1020, 889, 27, '', '2021-11-20 10:08:20.055461'),
(1021, 890, 27, '', '2021-11-20 10:10:28.141023'),
(1022, 892, 20, '', '2021-11-20 10:19:19.161742'),
(1023, 893, 27, '', '2021-11-20 10:24:18.939714'),
(1024, 894, 28, '', '2021-11-20 10:31:54.703174'),
(1025, 894, 9, '', '2021-11-20 10:33:41.340157'),
(1026, 895, 27, '', '2021-11-20 10:36:34.225739'),
(1027, 896, 27, '', '2021-11-20 10:45:47.849671'),
(1028, 897, 35, '', '2021-11-20 10:55:58.704338'),
(1029, 899, 28, '', '2021-11-20 11:01:28.324007'),
(1030, 898, 51, 'Infective', '2021-11-20 11:07:32.891392'),
(1031, 900, 28, '', '2021-11-20 11:12:14.549736'),
(1032, 901, 43, '', '2021-11-20 11:16:37.626466'),
(1033, 902, 28, '', '2021-11-20 11:21:14.069142'),
(1034, 903, 23, '', '2021-11-20 11:25:45.119714'),
(1035, 904, 44, '', '2021-11-20 11:34:18.587643'),
(1036, 905, 27, '', '2021-11-20 11:37:30.759299'),
(1037, 906, 27, '', '2021-11-20 11:45:29.615819'),
(1039, 907, 13, '', '2021-11-20 11:55:35.690919'),
(1040, 908, 28, '', '2021-11-20 12:00:18.086568'),
(1041, 909, 8, '', '2021-11-20 12:05:13.800129'),
(1042, 911, 26, '', '2021-11-20 12:58:11.285013'),
(1043, 910, 28, '', '2021-11-20 13:06:12.908468'),
(1044, 917, 15, '', '2021-11-20 13:11:12.605365'),
(1045, 916, 8, '', '2021-11-20 13:20:36.091047'),
(1046, 913, 27, '', '2021-11-20 13:24:02.571452'),
(1047, 912, 43, '', '2021-11-20 13:28:20.196082'),
(1048, 914, 27, '', '2021-11-20 13:33:22.033955'),
(1049, 915, 9, 'Recurrent Attack ', '2021-11-20 13:39:26.724457'),
(1050, 918, 15, '', '2021-11-20 13:48:30.560039'),
(1051, 919, 27, '', '2021-11-20 13:54:07.667250');

-- --------------------------------------------------------

--
-- Table structure for table `tbl_dosage_type`
--

CREATE TABLE `tbl_dosage_type` (
  `Dosage_Id` int(11) NOT NULL,
  `Dosage_Name` text NOT NULL,
  `Dosage_Status` varchar(2) NOT NULL,
  `Dosage_Date` datetime(6) NOT NULL DEFAULT CURRENT_TIMESTAMP(6)
) ENGINE=InnoDB DEFAULT CHARSET=utf8mb4;

--
-- Dumping data for table `tbl_dosage_type`
--

INSERT INTO `tbl_dosage_type` (`Dosage_Id`, `Dosage_Name`, `Dosage_Status`, `Dosage_Date`) VALUES
(1, 'once daily before food for', '1', '2021-10-24 16:15:36.909271'),
(4, 'as needed for fever/pain every 4 to 6 hourly for', '1', '2021-10-24 16:15:37.550324'),
(12, 'thrice daily half hour after milk for', '1', '2021-10-24 16:15:38.972503'),
(16, 'four times daily after milk for abdominal distension/pain or as needed for', '1', '2021-10-24 16:15:39.683738'),
(18, 'twice daily half hour after milk for', '1', '2021-10-24 16:15:39.928068'),
(20, 'twice daily half hour after milk for', '1', '2021-10-24 16:15:40.117022'),
(22, 'as needed or every 8 hourly before feeding for vomiting for', '1', '2021-10-24 16:15:40.405202'),
(23, 'once daily half hour after milk for', '1', '2021-10-24 16:15:40.482909'),
(26, 'as needed or every 4 hourly for nasaal congesion for', '1', '2021-10-24 16:15:40.896757'),
(27, 'as needed or every 8 hourly before feeding for vomiting for', '1', '2021-10-24 16:15:40.972495'),
(34, 'once daily half hour after milk for', '1', '2021-10-24 16:15:41.516113'),
(35, 'twice daily before food for', '1', '2021-10-24 16:15:41.597761'),
(36, 'after every stool or as much as child take for', '1', '2021-10-24 16:15:41.693854'),
(39, 'thrice daily after food for', '1', '2021-10-24 16:15:42.051226'),
(41, 'twice daily after food for', '1', '2021-10-24 16:15:42.183281'),
(45, 'at early morning in empty stomac for', '1', '2021-10-24 16:15:42.472220'),
(46, 'as needed for vomiting every 8 hourly before feeding for', '1', '2021-10-24 16:15:42.538928'),
(47, 'at early morning in empty stomac for', '1', '2021-10-24 16:15:42.605679'),
(48, 'as needed or every 8 hourly before feeding for vomiting for', '1', '2021-10-24 16:15:42.928377'),
(51, 'once daily after food for', '1', '2021-10-24 16:15:43.228404'),
(52, 'once daily half hour after milk for', '1', '2021-10-24 16:15:43.294618'),
(53, 'once daily half hour after milk for', '1', '2021-10-24 16:15:43.372293'),
(55, 'onec daily half hour before food at evening for', '1', '2021-10-24 16:15:43.539025'),
(56, 'onec daily half hour before food at evening for', '1', '2021-10-24 16:15:43.616836'),
(58, 'as needed for fever/pain every 6 hourly for', '1', '2021-10-24 16:15:43.850161'),
(61, '4 hourly with MiniZerostat Spacer & Infant/Baby Musk for', '1', '2021-10-24 16:15:44.083232'),
(62, 'twice daily with MiniZerostat Spacer & Baby Musk for', '1', '2021-10-24 16:15:44.171887'),
(63, 'twice daily with MiniZerostat Spacer & Baby Musk for', '1', '2021-10-24 16:15:44.238586'),
(64, 'apply thrice daily for', '1', '2021-10-24 16:15:44.305212'),
(66, 'twice daily before food for', '1', '2021-10-24 16:15:44.506227'),
(67, 'once daily before food for', '1', '2021-10-24 16:15:44.571975'),
(70, 'onec daily half hour before food at evening for', '1', '2021-10-24 16:15:44.771969'),
(71, 'at early morning in empty stomac for', '1', '2021-10-24 16:15:44.838615'),
(74, 'at bed time and dose to be modified according to stool consistency for', '1', '2021-10-24 16:15:45.106321'),
(75, 'apply thrice daily for', '1', '2021-10-24 16:15:45.261814'),
(76, 'apply twice daily for', '1', '2021-10-24 16:15:45.328068'),
(77, 'apply thrice daily for', '1', '2021-10-24 16:15:45.661048'),
(78, 'apply three times per week for', '1', '2021-10-24 16:15:45.783783'),
(79, 'four times daily half hour before milk for', '1', '2021-10-24 16:15:45.906468'),
(80, 'four times daily after milk for', '1', '2021-10-24 16:15:46.005945'),
(81, 'apply thrice daily for', '1', '2021-10-24 16:15:46.083757'),
(82, 'apply over whole body at night--repeat after', '1', '2021-10-24 16:15:46.150424'),
(83, 'apply twice daily for', '1', '2021-10-24 16:15:46.239304'),
(84, 'apply twice daily for', '1', '2021-10-24 16:15:46.361937'),
(85, '4 hourly in both eye for', '1', '2021-10-24 16:15:46.472738'),
(86, 'three time in both ear for', '1', '2021-10-24 16:15:46.539368'),
(87, 'apply thrice daily for', '1', '2021-10-24 16:15:46.605989'),
(88, 'apply thrice daily for', '1', '2021-10-24 16:15:46.672745'),
(89, 'apply twice daily for', '1', '2021-10-24 16:15:46.738896'),
(90, 'apply after every stool or minimum four times for', '1', '2021-10-24 16:15:46.827816'),
(92, 'twice daily after food for', '1', '2021-10-24 16:15:47.184315'),
(93, 'if needed with fever twice daily for', '1', '2021-10-24 16:15:47.317553'),
(94, 'at bed time for', '1', '2021-10-24 16:15:47.405089'),
(95, 'at bed time-repeat same dose after', '1', '2021-10-24 16:15:47.471701'),
(96, 'every weeks after food for', '1', '2021-10-24 16:15:47.538451'),
(97, 'twice daily after food for', '1', '2021-10-24 16:15:47.605179'),
(99, 'thrice daily after food for', '1', '2021-10-24 16:15:47.738442'),
(100, 'thrice daily after food for', '1', '2021-10-24 16:15:47.805179'),
(101, 'thrice daily after food for', '1', '2021-10-24 16:15:47.871809'),
(102, 'once daily after food for', '1', '2021-10-24 16:15:47.938531'),
(104, 'thrice daily after food for', '1', '2021-10-24 16:15:48.305365'),
(105, 'thrice daily with half glass of water after food for', '1', '2021-10-24 16:15:48.427445'),
(106, 'thrice daily after food for', '1', '2021-10-24 16:15:48.528128'),
(108, 'thrice daily after food for', '1', '2021-10-24 16:15:49.038572'),
(109, 'once daily after food for', '1', '2021-10-24 16:15:49.151054'),
(110, 'thrice daily after food for', '1', '2021-10-24 16:15:49.327460'),
(111, 'thrice daily after food for', '1', '2021-10-24 16:15:49.428156'),
(112, 'thrice daily after food for', '1', '2021-10-24 16:15:49.494740'),
(113, 'as needed for fever/pain every 6 hourly for', '1', '2021-10-24 16:15:49.561457'),
(114, 'twice daily after food for', '1', '2021-10-24 16:15:49.650278'),
(115, 'twice daily after food for', '1', '2021-10-24 16:15:49.716983'),
(116, 'thrice daily after food for', '1', '2021-10-24 16:15:49.806609'),
(118, 'as needed or every 6 hourly for pain abdomen for', '1', '2021-10-24 16:15:50.572062'),
(121, 'after each feed every two hourly for', '1', '2021-10-24 16:15:51.639308'),
(123, 'once daily half hour before feed for', '1', '2021-10-24 16:15:51.806013'),
(127, 'twice daily after food for', '1', '2021-10-24 16:15:52.117860'),
(129, 'twice daily after food for', '1', '2021-10-24 16:15:52.427922'),
(131, 'thrice daily after food for', '1', '2021-10-24 16:15:52.583124'),
(133, 'thrice daily half hour after milk for', '1', '2021-10-24 16:15:52.917862'),
(134, 'once daily half hour after milk for', '1', '2021-10-24 16:15:53.184537'),
(135, 'once daily half hour before feed for', '1', '2021-10-24 16:15:53.684713'),
(136, 'once daily after food for', '1', '2021-10-24 16:15:53.984631'),
(137, 'apply thrice daily for', '1', '2021-10-24 16:15:54.105389'),
(139, 'apply thrice daily for', '1', '2021-10-24 16:15:54.548315'),
(140, 'apply thrice daily for', '1', '2021-10-24 16:15:54.795838'),
(141, 'thrice daily before food for', '1', '2021-10-24 16:15:54.973584'),
(142, 'at early morning in empty stomac for', '1', '2021-10-24 16:15:55.439174'),
(144, 'at early morning in empty stomac for', '1', '2021-10-24 16:15:55.818258'),
(148, 'thrice daily after food for', '1', '2021-10-24 16:15:57.129547'),
(149, 'once daily before food for', '1', '2021-10-24 16:15:57.395903'),
(150, 'once daily half hour after milk for', '1', '2021-10-24 16:15:57.929344'),
(151, 'once daily half hour after milk for', '1', '2021-10-24 16:15:58.479570'),
(152, 'twice daily half hour after milk for', '1', '2021-10-24 16:15:58.972545'),
(154, 'thrice daily after food for', '1', '2021-10-24 16:15:59.929311'),
(155, 'thrice daily after food for', '1', '2021-10-24 16:16:00.307309'),
(156, 'twice daily before food for', '1', '2021-10-24 16:16:00.607220'),
(157, 'twice daily before food for', '1', '2021-10-24 16:16:01.176926'),
(158, 'thrice daily after food for', '1', '2021-10-24 16:16:01.429306'),
(159, 'once daily half hour after milk for', '1', '2021-10-24 16:16:01.724212'),
(161, 'four times daily after milk for abdominal distension/pain or as needed for', '1', '2021-10-24 16:16:02.672578'),
(162, 'at early morning in empty stomac for', '1', '2021-10-24 16:16:03.281487'),
(163, 'twice daily after food for', '1', '2021-10-24 16:16:03.950606'),
(164, 'at bed time for', '1', '2021-10-24 16:16:04.221597'),
(166, 'once daily with half glass of water after food for', '1', '2021-10-24 16:16:04.727888'),
(167, 'once on alternate day after food for', '1', '2021-10-24 16:16:05.096227'),
(168, 'once on alternate day after food for', '1', '2021-10-24 16:16:05.550732'),
(169, 'at early morning in empty stomac for', '1', '2021-10-24 16:16:05.796408'),
(170, 'at bed time and dose to be modified according to stool consistency for', '1', '2021-10-24 16:16:05.996273'),
(172, 'once daily half hour after milk for', '1', '2021-10-24 16:16:06.195065'),
(174, 'once daily after food for', '1', '2021-10-24 16:16:06.328360'),
(175, '4 hourly in both eye for', '1', '2021-10-24 16:16:06.401849'),
(178, 'once daily at bed time for', '1', '2021-10-24 16:16:06.729553'),
(179, 'thrice daily after food for', '1', '2021-10-24 16:16:06.795076'),
(180, 'thrice daily in both nose for', '1', '2021-10-24 16:16:06.927940'),
(181, 'once daily at bed time for', '1', '2021-10-24 16:16:07.263746'),
(182, 'three time in both ear for', '1', '2021-10-24 16:16:07.339575'),
(183, 'thrice daily with half glass of water after food for', '1', '2021-10-24 16:16:07.406397'),
(185, 'রোজ একবার খাবার পর', '1', '2021-10-30 17:58:16.598640'),
(186, ' দিনে একবার খাবার আগে', '1', '2021-10-30 17:58:39.229215'),
(187, ' দিনে একবার খাবার আধ ঘণ্টা আগে', '1', '2021-10-30 17:59:37.343606'),
(188, ' দিনে দুবার খাবার পর', '1', '2021-10-30 18:01:15.393337'),
(189, ' দিনে দুবার খাবার আগে', '1', '2021-10-30 18:02:38.923670'),
(190, ' দিনে দুবার খাবার আধ ঘন্টা পরে', '1', '2021-10-30 18:04:31.778118'),
(191, ' দিনে তিনবার খাবার পর', '1', '2021-10-30 18:05:27.868547'),
(192, ' দিনে দুবার দুধ খাবার আধ ঘন্টা পর', '1', '2021-10-30 18:06:18.727459'),
(193, ' দিনে তিনবার দুধ খাবার আধ ঘন্টা  পর', '1', '2021-10-30 18:09:07.778965'),
(194, ' দিনে দুবার লাগাতে হবে', '1', '2021-10-30 18:10:04.539267'),
(195, ' দিনে তিনবার লাগাতে হবে', '1', '2021-10-30 18:11:30.797150'),
(196, ' দিনে দুবার খাবার‌ আধ ঘন্টা আগে', '1', '2021-10-30 18:57:27.265156'),
(197, ' দিনে তিনবার খাবার আধ ঘন্টা আগে', '1', '2021-10-30 18:58:00.272163'),
(198, ' রাতে খাওয়ার পর \"একবার‌ই', '1', '2021-10-30 19:00:19.097307'),
(199, 'রাতে খাওয়ার পর,এক‌ই পরিমাণ আবার \"চোদ্দো দিন পর', '1', '2021-10-30 19:04:32.260573'),
(200, 'জ্বর / গা হাত পা ব্যাথা, মাথা ব্যাথা হলে 4-6 ঘন্টা পর পর দেওয়া যাবে,\"যখন প্রয়োজন', '1', '2021-11-07 03:25:39.765646'),
(201, '(ফোটা)করে চোখে দিতে হবে 4 ঘন্টা পর পর', '1', '2021-11-09 11:42:10.602768'),
(202, '(ফোটা) করে দুই কানে দিনে‌ তিনবার', '1', '2021-11-09 11:44:08.847775'),
(203, 'বমি ভাব/বমি হলে (বমির ওষুধ খাবার পর আধ ঘন্টা কিছু খাবে না) দিনে তিনবার  দেওয়া যাবে,\"যখন প্রয়োজন', '1', '2021-11-09 11:47:06.187761'),
(204, 'পেটে ব্যাথা, গা মোচোর,কান্না করলে দিনে চারবার দুধ খাবার পর \"প্রয়োজনে', '1', '2021-11-09 12:00:58.105276'),
(205, 'রাতে খাওয়ার পর এবং পায়খানা শক্ত বা নরম বুঝে দুবার বা তিনবার  \"প্রয়োজনে', '1', '2021-11-09 12:08:22.598767'),
(206, 'একদিন পর পর খাবার পর ', '1', '2021-11-09 12:12:12.775775'),
(207, 'সকালে খালি পেটে খাবার আধ ঘন্টা আগে', '1', '2021-11-09 12:13:54.695841'),
(208, '3 ঘন্টা পর পর 3 দিন\"Zerostat Spacer\" ও Baby Musk(ছয় মাসের উপর)/Infant Musk(ছয় মাসের নিচে) এর সাথে, তারপর 4 ঘন্টা পর পর ', '1', '2021-11-10 12:16:41.746065'),
(210, 'জ্বরের ঔষধ (paracetamol)খেয়েও জ্বর না কমলে বা তিন চার ঘন্টার আগে জ্বর চলে এলে \"প্রয়োজনে', '1', '2021-11-11 11:30:17.949373'),
(211, '(ফোটা)করে প্রত্যেক বার দুধ খাবার পর দুই ঘণ্টা পর পর', '1', '2021-11-11 11:35:17.055009'),
(212, ' অর্ধেক গ্লাস জল বা ফলের রস এর সাথে দিনে একবার এবং পায়খানা শক্ত বা নরম বুঝে দুবার বা তিনবার', '1', '2021-11-11 11:39:46.513770'),
(213, ' গলা থেকে পা পর্যন্ত পুরো শরীরে লাগাতে হবে রাতে ঘুমাতে যাওয়ার আগে। লাগানোর আগে জামাকাপড় গরম জলে ধুয়ে নিন।একি ভাবে আবার\" সাত দিন পর', '1', '2021-11-12 16:15:47.990783'),
(214, 'দিনে চারবার খাবার পর', '1', '2021-11-12 16:27:38.000182'),
(215, 'প্রত্যেক বার পায়খানা করার পর এবং পায়খানা বেশি হলে আরও বেশি \"প্রয়োজন  ', '1', '2021-11-12 16:35:51.615898'),
(216, 'দিনে দুবার সকালে এবং রাতে \"Zerostat Spacer\" ও Baby Musk (ছয় মাসের উপর)/lnfant Musk (ছয় মাসের নিচে)এর সাথে', '1', '2021-11-12 16:57:16.810754'),
(217, 'দুধ খাবার আধ ঘন্টা পর দিনে একবার \"এক বছর পর্যন্ত', '1', '2021-11-12 17:00:50.742775'),
(218, 'দিনে তিনবার 15ml জলের সাথে খাবার আধ ঘন্টা পর', '1', '2021-11-12 17:22:39.837018'),
(219, 'পেটে ব্যাথা হলে দিনে চারবার ছয় ঘণ্টা পর পর দেওয়া যাবে, \"প্রয়োজনে', '1', '2021-11-12 17:37:21.131908'),
(220, 'দিনে দুবার দুধ খাবার আধ ঘন্টা আগে', '1', '2021-11-12 17:42:16.192766'),
(221, 'দিন তিনবার দুধ খাবার আধ ঘন্টা আগে', '1', '2021-11-12 17:43:06.762767'),
(222, '(ফোটা) দুধ খাবার পর দিনে চারবার মুখে দিতে হবে ', '1', '2021-11-12 17:57:43.737413'),
(223, '(ফোটা) দুধ খাবার আধ ঘন্টা আগে দিনে চারবার মুখে দিতে হবে', '1', '2021-11-12 17:58:53.815631'),
(224, 'দিনে একবার অর্ধেক গ্লাস জলের সাথে খাবার আধ ঘণ্টা আগে', '1', '2021-11-12 18:02:08.983725'),
(225, ' দিনে একবার রাতে খাবার পর', '1', '2021-11-12 18:07:00.478940'),
(226, 'জ্বর থাকলে জ্বরের  ওষুধের সাথে (জ্বর না থাকলে খাওয়াবেন না) দিনে দুবার ', '1', '2021-11-12 18:19:57.053763'),
(227, 'দিনে একবার  রাতের খাবার আগে ', '1', '2021-11-12 18:44:48.918824'),
(228, 'দিনে একবার দুধ খাবার আধ ঘন্টা পর', '1', '2021-11-12 18:50:51.502968'),
(229, 'দিনে একবার দুধ খাবার আধ ঘন্টা আগে', '1', '2021-11-12 18:52:22.775992'),
(230, 'সপ্তাহে তিন দিন সাম্পু করতে হবে ', '1', '2021-11-12 18:59:35.936654'),
(231, 'সপ্তাহে একবার করে খেতে হবে খাবার পর ', '1', '2021-11-12 19:00:48.753527'),
(232, '(ফোটা)করে নাক বন্ধ হলে বার বার দেওয়া যাবে, দুই ঘণ্টা পর পর ও দেওয়া যাবে, \"প্রয়োজনে ', '1', '2021-11-12 19:14:23.687778'),
(233, 'পায়খানা করার পর পায়খানার রাস্তা হাল্কা করে মুছে প্রত্যেক বার লাগাতে হবে , পায়খানা কম হলেও চারবার লাগাতে হবে পায়খানার রাস্তা লাল হ‌ওয়ার জন্য।', '1', '2021-11-12 20:17:38.441412'),
(234, 'রাতে খাবার পর', '1', '2021-11-12 20:54:04.892345'),
(235, 'কাশি বা শ্বাসকষ্ট হলে মাঝে  মধ্যে দিনে চারবার ছয়বার বা বেশি ও  \"Zerostat Spacer\" ও Baby musk(ছয় মাসের উপর)/Infant Musk(ছয় মাসের নিচে) \"প্রয়োজনে', '1', '2021-11-14 15:56:51.318231'),
(236, 'দিনে তিনবার দুধ খাবার  আধ ঘন্টা পর', '1', '2021-11-14 15:58:52.874650'),
(237, '(ফোটা) করে নাক বন্ধ হলে দুই নাকে দিনে তিনবার বা \"প্রয়োজনে ', '1', '2021-11-14 17:46:58.268545'),
(238, 'দিনে তিনবার খাবার পর অর্ধেক গ্লাস জলের সাথে', '1', '2021-11-15 09:48:46.239728'),
(239, 'পায়খানার রাস্তায় দিতে হবে যখন পায়খানা শক্ত হয়ে  যায়, \"প্রয়োজনে', '1', '2021-11-18 19:02:00.990172'),
(240, 'দিনে দুবার খাবার পর \"বন্ধ করতে না বলা পর্যন্ত চলতে থাকতে', '1', '2021-12-04 18:23:53.024324'),
(241, 'জ্বর / গা হাত পা ব্যাথা হলে 6 ঘন্টা পর পর \"যখন প্রয়োজন', '1', '2022-01-02 17:08:38.283270');

-- --------------------------------------------------------

--
-- Table structure for table `tbl_medicine_for_generate_prescription`
--

CREATE TABLE `tbl_medicine_for_generate_prescription` (
  `MG_Id` int(11) NOT NULL,
  `User_Id` int(11) NOT NULL,
  `M_Id` int(11) NOT NULL,
  `MG_medicine` varchar(50) NOT NULL,
  `MG_Day` varchar(50) NOT NULL,
  `MG_Date` datetime(6) NOT NULL DEFAULT CURRENT_TIMESTAMP(6)
) ENGINE=InnoDB DEFAULT CHARSET=utf8mb4;

--
-- Dumping data for table `tbl_medicine_for_generate_prescription`
--

INSERT INTO `tbl_medicine_for_generate_prescription` (`MG_Id`, `User_Id`, `M_Id`, `MG_medicine`, `MG_Day`, `MG_Date`) VALUES
(13, 3, 9, '45', '15', '2021-09-22 20:46:50.694785'),
(14, 4, 9, '45', '4', '2021-09-22 16:43:49.590476'),
(16, 4, 9, 'jjj', 'jj', '2021-09-22 17:58:47.577453'),
(17, 2, 9, '5', '5', '2021-09-23 06:15:16.729093'),
(18, 2, 10, '6', '14', '2021-09-23 06:15:32.439506'),
(19, 6, 9, '24', '5', '2021-10-08 06:29:55.828999'),
(21, 10, 9, '22', '2', '2021-10-18 05:14:01.943675'),
(27, 16, 11, '5', '6', '2021-10-21 18:45:21.165515'),
(28, 16, 14, '3', '6', '2021-10-21 18:46:35.510448'),
(30, 16, 14, '3', '6', '2021-10-21 18:50:40.553275'),
(36, 16, 14, '3', '6', '2021-10-25 16:03:19.495585'),
(37, 19, 15, '3', '6', '2021-10-25 17:29:14.466510'),
(38, 19, 14, '3', '6', '2021-10-25 17:29:46.747076'),
(41, 20, 11, '3', '6', '2021-10-25 17:42:13.990175'),
(43, 22, 9, '3', '6', '2021-10-27 16:12:31.243451'),
(44, 22, 27, '5', 'requred ', '2021-10-27 16:13:08.172007'),
(45, 22, 13, '0.7', '6', '2021-10-27 16:14:19.736182'),
(46, 22, 14, '0.8', '7', '2021-10-27 16:14:47.732869'),
(47, 22, 7, 'dd', '20', '2021-10-27 16:38:54.971250'),
(48, 23, 6, '3', '6', '2021-10-27 16:38:55.501383'),
(49, 23, 33, '3', '7', '2021-10-27 16:40:32.760317'),
(50, 22, 1, '5', '8', '2021-10-27 16:55:24.361420'),
(51, 23, 40, '3', '6', '2021-10-27 17:02:35.642498'),
(57, 24, 41, 'dd', '20', '2021-10-27 17:39:58.941001'),
(61, 25, 27, '3', 'requred ', '2021-10-28 17:48:59.327808'),
(62, 25, 12, '0.7', '6', '2021-10-28 17:49:10.438384'),
(63, 25, 28, '3', '7', '2021-10-28 17:49:19.465065'),
(64, 25, 37, '3', '6', '2021-10-28 17:49:31.320500'),
(65, 25, 35, '3', '7', '2021-10-28 17:49:57.495154'),
(66, 25, 9, '3', '6', '2021-10-28 17:58:58.883828'),
(67, 25, 4, '3', '6', '2021-10-28 17:59:52.605008'),
(68, 25, 29, 'A', '1', '2021-10-29 09:23:59.905249'),
(69, 26, 1, 'R', '12', '2021-10-29 11:33:47.663842'),
(70, 26, 14, 'R', '12', '2021-10-29 11:33:55.029646'),
(72, 26, 31, '5', '7', '2021-10-29 12:30:49.464550'),
(74, 26, 47, '11', '11', '2021-10-29 16:46:37.562024'),
(75, 26, 27, 'dd', '11', '2021-10-29 16:46:48.926129'),
(76, 27, 43, 'dd', '20', '2021-10-29 17:00:01.916338'),
(77, 26, 43, '5', '11', '2021-10-29 17:20:35.275081'),
(78, 27, 128, 'ftb1', '5', '2021-10-30 15:06:56.551476'),
(79, 27, 47, 'jjhj', '7', '2021-10-30 15:07:49.015260'),
(104, 18, 74, '3', '5', '2021-11-06 17:51:10.795247'),
(106, 18, 125, '1', '6', '2021-11-06 17:53:00.554257'),
(107, 18, 55, '4', '7', '2021-11-06 17:53:44.377378'),
(110, 18, 47, '1', '3', '2021-11-06 17:56:04.365683'),
(111, 18, 7, '4', '7', '2021-11-06 17:56:17.350695'),
(112, 18, 4, '1', '7', '2021-11-06 17:56:27.329189'),
(113, 18, 1, '4', '7', '2021-11-06 17:57:22.768153'),
(128, 30, 19, '0.8', '6', '2021-11-09 04:51:04.820760'),
(129, 30, 2, '2', '7', '2021-11-09 04:51:24.359402'),
(130, 30, 13, '0.8', '5', '2021-11-09 04:51:37.355755'),
(131, 30, 21, '1', 'needed ', '2021-11-09 04:52:26.861242'),
(132, 31, 97, '2.5', '30', '2021-11-09 04:55:32.916877'),
(134, 31, 94, '10', 'single ', '2021-11-09 04:56:44.624681'),
(135, 31, 103, '6.5', '60', '2021-11-09 04:57:22.248927'),
(136, 31, 74, '7', 'needed ', '2021-11-09 04:58:13.224997'),
(137, 32, 5, '5.5', 'needed ', '2021-11-09 05:01:57.604371'),
(138, 32, 27, '4', 'needed ', '2021-11-09 05:02:12.017456'),
(139, 32, 28, '2.5', '10', '2021-11-09 05:02:28.557524'),
(140, 32, 29, '5', '10', '2021-11-09 05:03:11.981105'),
(141, 32, 36, '30', 'needed ', '2021-11-09 05:03:40.633077'),
(142, 32, 11, '3.5', '5', '2021-11-09 05:04:17.467721'),
(143, 33, 3, '4', '5', '2021-11-09 05:07:18.518675'),
(144, 33, 41, '1', '5', '2021-11-09 05:07:31.961103'),
(145, 33, 2, '5', '7', '2021-11-09 05:07:46.219204'),
(146, 33, 48, '1.5', 'needed ', '2021-11-09 05:08:01.118814'),
(147, 33, 4, '6', 'needed ', '2021-11-09 05:08:13.454528'),
(148, 33, 94, '10', 'needed ', '2021-11-09 05:09:21.196541'),
(149, 33, 103, '7', '60', '2021-11-09 05:09:35.789132'),
(150, 34, 4, '2.5', 'needed ', '2021-11-09 05:15:44.009283'),
(151, 34, 79, '4', '7', '2021-11-09 05:16:10.935792'),
(152, 34, 31, '5', '28', '2021-11-09 05:16:58.718379'),
(153, 34, 59, '4', '7', '2021-11-09 05:18:20.356676'),
(154, 35, 4, '4.5', 'needed ', '2021-11-09 05:20:39.213364'),
(155, 35, 48, '1', 'needed ', '2021-11-09 05:21:12.322684'),
(156, 35, 10, '3.5', '7', '2021-11-09 05:21:32.491678'),
(158, 35, 1, '4.5', '7', '2021-11-09 05:22:10.739998'),
(159, 35, 62, '2', '90', '2021-11-09 05:23:00.797115'),
(160, 36, 61, '2', '7', '2021-11-09 05:26:28.866441'),
(161, 36, 2, '2', '7', '2021-11-09 05:26:53.047881'),
(162, 36, 26, '1', 'needed ', '2021-11-09 05:27:07.244678'),
(163, 36, 9, '2.5', '6', '2021-11-09 05:27:41.609664'),
(164, 36, 21, '1', 'needed ', '2021-11-09 05:27:57.427817'),
(165, 36, 23, '0.5', 'cont.', '2021-11-09 05:28:26.155237'),
(166, 37, 3, '2', '5', '2021-11-09 05:31:54.402692'),
(167, 37, 1, '3.5', '6', '2021-11-09 05:32:09.103518'),
(168, 37, 7, '4.5', '7', '2021-11-09 05:32:27.802381'),
(169, 37, 48, '1', 'needed ', '2021-11-09 05:32:35.984656'),
(170, 37, 5, '5.5', 'needed ', '2021-11-09 05:32:49.525782'),
(171, 37, 67, '2', '60', '2021-11-09 05:33:27.026492'),
(172, 38, 7, '4', '7', '2021-11-09 05:37:18.776046'),
(173, 38, 9, '5', '6', '2021-11-09 05:37:29.176343'),
(174, 38, 97, '2', '60', '2021-11-09 05:37:49.611605'),
(175, 38, 74, '6.5', 'needed ', '2021-11-09 05:38:29.230847'),
(176, 38, 5, '5', 'needed ', '2021-11-09 05:38:45.547106'),
(177, 38, 31, '5', '60', '2021-11-09 05:39:00.288736'),
(178, 39, 1, '3.5', '7', '2021-11-09 05:42:32.082704'),
(179, 39, 7, '4', '7', '2021-11-09 05:42:40.012032'),
(180, 39, 3, '2.5', '5', '2021-11-09 05:42:51.455735'),
(181, 39, 61, '2', '7', '2021-11-09 05:43:02.682264'),
(182, 39, 5, '5.5', 'needed ', '2021-11-09 05:43:18.160408'),
(183, 39, 26, '1', 'needed ', '2021-11-09 05:43:36.215760'),
(184, 39, 31, '5', '60', '2021-11-09 05:43:51.110262'),
(185, 40, 16, '0.8', 'needed ', '2021-11-09 05:47:04.334988'),
(186, 40, 22, '0.25', 'needed ', '2021-11-09 05:48:07.703464'),
(187, 40, 23, '0.5', 'cont.', '2021-11-09 05:48:23.896171'),
(189, 40, 121, '6', '15', '2021-11-09 05:49:37.928000'),
(190, 41, 48, '1', 'needed ', '2021-11-09 05:50:52.728703'),
(191, 41, 4, '4.5', 'needed ', '2021-11-09 05:51:15.921635'),
(192, 41, 45, '1', '7', '2021-11-09 05:51:32.100798'),
(193, 41, 36, '40', 'needed ', '2021-11-09 05:51:54.588931'),
(194, 41, 42, '1.5', '5', '2021-11-09 05:52:33.484700'),
(195, 41, 29, '6', '7', '2021-11-09 05:53:05.157111'),
(196, 43, 71, '1', '15', '2021-11-09 05:56:41.955142'),
(197, 43, 29, '6.5', '7', '2021-11-09 05:58:36.117057'),
(198, 43, 28, '6.5', '15', '2021-11-09 05:58:54.153337'),
(200, 43, 36, '40', 'needed ', '2021-11-09 06:00:11.196211'),
(201, 43, 173, '1', '5', '2021-11-09 06:00:31.194683'),
(202, 42, 69, '7', '60', '2021-11-09 06:03:14.436915'),
(203, 42, 98, '4', '60', '2021-11-09 06:03:26.815731'),
(204, 42, 71, '1', '10', '2021-11-09 06:04:05.068590'),
(205, 44, 55, '3.5', '60', '2021-11-09 06:08:22.779314'),
(206, 44, 7, '3.5', '7', '2021-11-09 06:08:39.888590'),
(208, 44, 9, '4.5', '6', '2021-11-09 06:09:02.128289'),
(209, 44, 5, '4', 'needed ', '2021-11-09 06:09:11.280181'),
(211, 44, 23, '0.5', 'cont.', '2021-11-09 06:09:48.011859'),
(212, 44, 13, '1', '5', '2021-11-09 06:10:03.101168'),
(213, 45, 19, '0.8', '5', '2021-11-09 06:13:45.693153'),
(214, 45, 54, '0.35', '5', '2021-11-09 06:14:02.640322'),
(215, 45, 7, '3', '5', '2021-11-09 06:14:16.751510'),
(216, 45, 26, '1', 'needed ', '2021-11-09 06:14:24.120673'),
(217, 45, 23, '0.5', 'cont.', '2021-11-09 06:14:41.955335'),
(218, 45, 21, '1', 'needed ', '2021-11-09 06:14:57.398696'),
(219, 46, 61, '2', '7', '2021-11-09 06:17:00.256108'),
(220, 46, 15, '0.8', '6', '2021-11-09 06:17:23.198387'),
(221, 46, 23, '0.5', 'cont.', '2021-11-09 06:18:14.422662'),
(222, 46, 135, '1', '60', '2021-11-09 06:18:39.033273'),
(223, 48, 4, '3.5', 'needed ', '2021-11-09 06:22:03.490661'),
(224, 48, 28, '3.5', '5', '2021-11-09 06:22:18.719143'),
(225, 48, 48, '1', 'needed ', '2021-11-09 06:22:27.610507'),
(226, 48, 42, '1.5', '5', '2021-11-09 06:22:44.473141'),
(227, 47, 16, '0.8', 'needed ', '2021-11-09 06:25:32.906737'),
(228, 47, 19, '0.7', '6', '2021-11-09 06:25:57.133238'),
(229, 47, 14, '1', '5', '2021-11-09 06:26:07.580874'),
(230, 47, 13, '0.65', '5', '2021-11-09 06:26:24.318455'),
(231, 47, 23, '0.5', 'cont.', '2021-11-09 06:26:45.970234'),
(232, 47, 26, '1', 'needed ', '2021-11-09 06:27:05.362285'),
(233, 49, 26, '1', 'needed ', '2021-11-09 06:31:31.314380'),
(234, 49, 23, '0.5', 'cont.', '2021-11-09 06:31:43.386680'),
(235, 49, 21, '0.7', 'needed ', '2021-11-09 06:32:04.175549'),
(236, 50, 50, '2.5', '5', '2021-11-09 06:33:55.825190'),
(237, 50, 154, '4', '7', '2021-11-09 06:34:15.842295'),
(239, 50, 48, '1', 'needed ', '2021-11-09 06:34:46.800002'),
(240, 50, 5, '5', 'needed ', '2021-11-09 06:34:57.676653'),
(241, 50, 31, '5', '60', '2021-11-09 06:35:08.498209'),
(242, 50, 49, '2.5', '6', '2021-11-09 06:35:40.923084'),
(243, 50, 87, '\"', '7', '2021-11-09 06:36:11.167332'),
(244, 51, 44, '1.5', 'needed ', '2021-11-09 06:41:04.193697'),
(245, 51, 88, '\"', '7', '2021-11-09 06:41:40.939129'),
(246, 51, 69, '6.5', '30', '2021-11-09 06:42:02.567066'),
(247, 52, 50, '2.5', '5', '2021-11-09 06:43:46.316521'),
(248, 52, 2, '2.5', '7', '2021-11-09 06:43:57.327082'),
(249, 52, 9, '5', '6', '2021-11-09 06:44:12.249896'),
(250, 52, 48, '0.5', 'needed ', '2021-11-09 06:44:31.223346'),
(251, 52, 61, '2', '7', '2021-11-09 06:44:42.965269'),
(252, 52, 5, '5', 'needed ', '2021-11-09 06:44:51.525859'),
(253, 52, 31, '5', '60', '2021-11-09 06:45:02.298033'),
(254, 52, 24, '0.8', '90', '2021-11-09 06:45:14.797148'),
(255, 53, 26, '1', 'needed ', '2021-11-09 06:48:58.260677'),
(256, 53, 23, '0.5', 'cont.', '2021-11-09 06:49:16.831981'),
(257, 53, 135, '0.6', '90', '2021-11-09 06:49:35.109500'),
(258, 53, 14, '0.6', '5', '2021-11-09 06:49:59.591092'),
(259, 53, 16, '0.6', 'needed ', '2021-11-09 06:50:22.647220'),
(260, 54, 42, '1.5', '5', '2021-11-09 06:53:46.322307'),
(261, 54, 57, '3', '7', '2021-11-09 06:54:10.853501'),
(262, 54, 27, '5', 'needed ', '2021-11-09 06:54:42.130010'),
(263, 54, 28, '4', '7', '2021-11-09 06:54:53.940677'),
(264, 54, 36, '40', 'needed ', '2021-11-09 06:55:04.313688'),
(266, 54, 88, '\"', '7', '2021-11-09 06:56:03.034683'),
(267, 54, 4, '4.5', 'needed ', '2021-11-09 06:56:18.814560'),
(268, 55, 18, '0.65', '6', '2021-11-09 06:59:56.284875'),
(269, 55, 25, '0.5', '10', '2021-11-09 07:00:45.431168'),
(270, 55, 26, '1', 'needed ', '2021-11-09 07:00:54.186391'),
(271, 55, 23, '0.5', 'cont.', '2021-11-09 07:01:14.678467'),
(272, 56, 13, '1', '5', '2021-11-09 07:03:47.193669'),
(273, 56, 37, '2.5', '6', '2021-11-09 07:04:03.996221'),
(274, 56, 2, '2', '7', '2021-11-09 07:04:18.507940'),
(275, 56, 21, '1.3', 'needed ', '2021-11-09 07:04:40.565615'),
(276, 56, 61, '2', '7', '2021-11-09 07:04:50.048738'),
(277, 56, 23, '0.5', 'cont.', '2021-11-09 07:05:07.571345'),
(278, 57, 16, '0.6', 'needed ', '2021-11-09 07:08:15.698312'),
(279, 57, 14, '0.6', '6', '2021-11-09 07:10:19.254420'),
(280, 57, 20, '0.8', '6', '2021-11-09 07:10:38.327661'),
(281, 57, 23, '0.5', 'cont.', '2021-11-09 07:10:58.776457'),
(282, 58, 3, '2', '5', '2021-11-09 07:12:33.976172'),
(283, 58, 2, '3', '7', '2021-11-09 07:13:05.042875'),
(284, 58, 1, '3.5', '6', '2021-11-09 07:13:17.699608'),
(285, 58, 5, '6', 'needed ', '2021-11-09 07:14:52.859843'),
(286, 58, 97, '2.5', '30', '2021-11-09 07:15:08.324911'),
(287, 59, 13, '1', '5', '2021-11-09 07:19:08.006976'),
(288, 59, 21, '1.2', 'needed ', '2021-11-09 07:19:52.025647'),
(289, 59, 2, '2.5', '7', '2021-11-09 07:20:05.631220'),
(290, 59, 22, '0.4', 'needed ', '2021-11-09 07:20:48.844396'),
(291, 59, 49, '3.5', '5', '2021-11-09 07:21:08.075498'),
(292, 60, 157, '2.5', '7', '2021-11-09 07:24:39.163880'),
(293, 60, 5, '5.5', 'needed ', '2021-11-09 07:25:00.297646'),
(294, 60, 29, '4.5', '10', '2021-11-09 07:25:54.152335'),
(295, 60, 27, '4', 'needed ', '2021-11-09 07:26:12.604703'),
(296, 60, 38, '2.5', '6', '2021-11-09 07:28:17.573265'),
(297, 61, 25, '0.5', '10', '2021-11-09 07:32:23.411588'),
(298, 61, 16, '0.5', 'needed ', '2021-11-09 07:32:32.575212'),
(299, 61, 26, '1', 'needed ', '2021-11-09 07:32:57.502091'),
(300, 61, 23, '0.5', 'cont.', '2021-11-09 07:33:15.421562'),
(301, 61, 22, '0.15', 'needed ', '2021-11-09 07:33:33.451407'),
(302, 62, 26, '1', 'needed ', '2021-11-09 07:36:17.869385'),
(303, 62, 2, '2.5', '6', '2021-11-09 07:36:35.817352'),
(304, 62, 23, '0.5', 'cont.', '2021-11-09 07:37:01.844997'),
(305, 62, 16, '1.3', 'needed ', '2021-11-09 07:37:22.903784'),
(306, 62, 21, '1.2', 'needed ', '2021-11-09 07:37:45.892062'),
(307, 63, 68, '1', '90', '2021-11-09 07:41:07.165185'),
(308, 63, 134, '0.5', 'cont.', '2021-11-09 07:41:41.837794'),
(309, 63, 25, '0.4', '10', '2021-11-09 07:42:24.920341'),
(310, 63, 26, '1', 'needed ', '2021-11-09 07:42:38.505044'),
(311, 64, 3, '2.5', '5', '2021-11-09 07:46:12.763072'),
(312, 64, 2, '3', '7', '2021-11-09 07:46:23.360011'),
(313, 64, 1, '4.5', '6', '2021-11-09 07:46:35.751538'),
(314, 64, 4, '4', 'needed ', '2021-11-09 07:47:03.476346'),
(315, 64, 27, '5', 'needed ', '2021-11-09 07:47:13.369156'),
(316, 65, 4, '4.5', 'needed ', '2021-11-09 07:51:05.854972'),
(317, 65, 45, '1', 'needed ', '2021-11-09 07:51:21.450532'),
(318, 65, 1, '1', '6', '2021-11-09 07:51:29.984399'),
(319, 65, 2, '3.5', '6', '2021-11-09 07:51:52.090959'),
(320, 65, 48, '1', 'needed ', '2021-11-09 07:52:32.166753'),
(321, 65, 31, '6.5', '60', '2021-11-09 07:52:47.160401'),
(322, 66, 54, '0.15', '5', '2021-11-09 07:56:40.398421'),
(323, 66, 18, '0.7', '5', '2021-11-09 07:57:02.024962'),
(324, 66, 26, '1', 'needed ', '2021-11-09 07:57:10.658299'),
(325, 66, 23, '0.5', 'cont.', '2021-11-09 07:57:20.516831'),
(326, 66, 15, '0.7', '5', '2021-11-09 07:57:44.529330'),
(327, 67, 54, '0.4', '3', '2021-11-09 07:59:54.193155'),
(328, 67, 21, '1.3', 'needed ', '2021-11-09 08:00:33.922204'),
(329, 67, 59, '2.5', '5', '2021-11-09 08:00:44.152446'),
(330, 67, 22, '0.4', 'needed ', '2021-11-09 08:01:00.427198'),
(331, 67, 23, '0.5', 'cont.', '2021-11-09 08:01:23.417872'),
(332, 68, 2, '3', '7', '2021-11-09 08:03:03.821291'),
(333, 68, 1, '3.5', '6', '2021-11-09 08:03:22.625016'),
(334, 68, 48, '1', 'needed ', '2021-11-09 08:03:30.393919'),
(335, 68, 5, '5.5', 'needed ', '2021-11-09 08:03:48.263566'),
(336, 68, 31, '5', '90', '2021-11-09 08:04:08.052964'),
(337, 69, 59, '2.5', '5', '2021-11-09 08:06:46.434589'),
(338, 69, 35, '1', '3', '2021-11-09 08:06:58.516828'),
(339, 69, 36, '40', 'needed ', '2021-11-09 08:07:11.303393'),
(340, 69, 118, '4.5', 'needed ', '2021-11-09 08:07:49.802027'),
(341, 69, 101, '2.5', '5', '2021-11-09 08:08:11.047260'),
(342, 69, 5, '4.5', 'needed ', '2021-11-09 08:08:21.128135'),
(343, 69, 62, '2', 'cont.', '2021-11-09 08:08:36.257028'),
(344, 70, 57, '4', '7', '2021-11-09 08:11:44.727084'),
(345, 70, 180, '1', 'needed ', '2021-11-09 08:12:03.176933'),
(346, 70, 51, '7', '60', '2021-11-09 08:13:11.174640'),
(347, 70, 74, '7', 'needed ', '2021-11-09 08:13:40.404209'),
(348, 70, 4, '5', 'needed ', '2021-11-09 08:14:13.722159'),
(349, 70, 98, '3.5', '30', '2021-11-09 08:14:38.842583'),
(350, 70, 2, '4', '5', '2021-11-09 08:15:04.010011'),
(351, 71, 21, '1', 'needed ', '2021-11-09 08:17:38.354939'),
(352, 71, 2, '2', '6', '2021-11-09 08:17:53.801363'),
(353, 71, 23, '0.5', 'cont.', '2021-11-09 08:18:04.720764'),
(354, 71, 19, '0.8', '5', '2021-11-09 08:18:31.393785'),
(355, 71, 24, '0.7', '90', '2021-11-09 08:18:50.455996'),
(356, 72, 97, '2.5', '30', '2021-11-09 08:20:28.163111'),
(357, 72, 31, '5', '60', '2021-11-09 08:20:43.314774'),
(358, 72, 29, '4.5', '10', '2021-11-09 08:20:57.683674'),
(359, 72, 95, '5', '14', '2021-11-09 08:21:35.371600'),
(360, 73, 19, '0.7', '6', '2021-11-09 08:28:13.009736'),
(361, 73, 14, '1', '5', '2021-11-09 08:28:22.243161'),
(362, 73, 21, '0.8', 'needed ', '2021-11-09 08:28:39.694822'),
(363, 73, 23, '0.5', 'cont.', '2021-11-09 08:28:56.597765'),
(364, 74, 3, '2', '5', '2021-11-09 08:30:34.844191'),
(365, 74, 7, '4.5', '7', '2021-11-09 08:30:45.401788'),
(366, 74, 1, '3.5', '6', '2021-11-09 08:31:00.430336'),
(367, 74, 48, '1', 'needed ', '2021-11-09 08:31:08.109326'),
(368, 74, 5, '5.5', 'needed ', '2021-11-09 08:31:19.635208'),
(369, 74, 55, '4', '60', '2021-11-09 08:31:44.293851'),
(370, 75, 80, '4', '7', '2021-11-09 08:34:11.051861'),
(371, 75, 5, '4.5', 'needed ', '2021-11-09 08:34:24.987666'),
(372, 75, 7, '4', '7', '2021-11-09 08:34:36.894982'),
(373, 75, 9, '4.5', '6', '2021-11-09 08:34:50.483557'),
(374, 75, 97, '2', '30', '2021-11-09 08:35:08.437178'),
(375, 75, 24, '0.7', '60', '2021-11-09 08:35:34.046811'),
(376, 76, 1, '3.5', '6', '2021-11-09 08:37:47.980029'),
(377, 76, 7, '5', '7', '2021-11-09 08:37:59.230716'),
(378, 76, 3, '2', '5', '2021-11-09 08:38:08.152377'),
(379, 76, 48, '1', 'needed ', '2021-11-09 08:38:18.560968'),
(380, 76, 5, '6', 'needed ', '2021-11-09 08:38:31.796721'),
(381, 76, 31, '5', '60', '2021-11-09 08:38:44.679027'),
(382, 77, 27, '4.5', 'needed ', '2021-11-09 08:41:31.460014'),
(383, 77, 2, '2.5', '7', '2021-11-09 08:41:40.721619'),
(384, 77, 5, '5.5', 'needed ', '2021-11-09 08:41:59.332721'),
(385, 77, 28, '3', '7', '2021-11-09 08:42:17.916371'),
(386, 77, 1, '3.5', '6', '2021-11-09 08:42:32.519483'),
(387, 77, 26, '1', 'needed ', '2021-11-09 08:42:40.847803'),
(388, 77, 3, '2', '5', '2021-11-09 08:42:52.461957'),
(389, 77, 118, '5', 'needed ', '2021-11-09 08:43:19.903429'),
(390, 78, 16, '0.6', 'needed ', '2021-11-09 08:45:49.869443'),
(391, 78, 134, '0.5', '60', '2021-11-09 08:46:04.907646'),
(392, 78, 23, '0.5', 'cont.', '2021-11-09 08:46:22.588955'),
(393, 78, 14, '0.7', '6', '2021-11-09 08:46:37.954808'),
(394, 79, 15, '0.6', '6', '2021-11-09 08:50:37.352444'),
(395, 79, 16, '0.6', 'needed ', '2021-11-09 08:51:50.047453'),
(397, 79, 23, '0.5', 'cont.', '2021-11-09 08:52:13.466743'),
(398, 80, 50, '2.5', '5', '2021-11-09 08:54:19.547059'),
(399, 80, 7, '4', '7', '2021-11-09 08:54:33.742056'),
(400, 80, 9, '5', '6', '2021-11-09 08:54:43.179963'),
(401, 80, 22, '0.4', 'needed ', '2021-11-09 08:54:57.731134'),
(402, 80, 21, '1.3', 'needed ', '2021-11-09 08:55:06.386196'),
(403, 80, 23, '0.5', 'cont.', '2021-11-09 08:55:17.098239'),
(404, 81, 16, '0.6', 'needed ', '2021-11-09 09:01:43.770949'),
(405, 81, 14, '0.6', '6', '2021-11-09 09:01:58.651356'),
(406, 81, 23, '0.5', 'cont.', '2021-11-09 09:02:29.675311'),
(407, 81, 26, '1', 'needed ', '2021-11-09 09:02:42.734065'),
(408, 82, 142, '1', '15', '2021-11-09 09:07:32.250671'),
(409, 82, 114, '1', '5', '2021-11-09 09:08:07.227201'),
(410, 82, 128, '1', 'needed ', '2021-11-09 09:08:22.701407'),
(411, 82, 29, '7.5', '7', '2021-11-09 09:08:47.277727'),
(412, 83, 5, '5.5', 'needed ', '2021-11-09 09:44:14.034668'),
(413, 83, 2, '3', '7', '2021-11-09 09:44:30.907656'),
(414, 83, 3, '2', '5', '2021-11-09 09:44:42.015671'),
(415, 83, 48, '1', 'needed ', '2021-11-09 09:44:52.864671'),
(416, 83, 49, '4.5', '5', '2021-11-09 09:45:19.411295'),
(417, 83, 31, '5', '60', '2021-11-09 09:45:41.882679'),
(418, 83, 95, '5', '14', '2021-11-09 09:46:00.382403'),
(419, 84, 14, '0.8', '6', '2021-11-09 09:49:23.968237'),
(420, 84, 13, '0.55', '5', '2021-11-09 09:49:43.106104'),
(421, 84, 19, '0.55', '6', '2021-11-09 09:50:04.932669'),
(422, 84, 23, '0.5', 'cont.', '2021-11-09 09:50:28.346564'),
(423, 85, 26, '1', 'needed ', '2021-11-09 09:53:07.009719'),
(424, 85, 23, '0.5', 'cont.', '2021-11-09 09:54:41.507584'),
(425, 85, 172, '0.5', '90', '2021-11-09 09:55:23.116338'),
(426, 85, 16, '0.6', 'needed ', '2021-11-09 09:55:43.765114'),
(427, 86, 2, '3', '6', '2021-11-09 09:59:32.540721'),
(428, 86, 54, '0.45', '3', '2021-11-09 09:59:54.183998'),
(429, 86, 5, '5.5', 'needed ', '2021-11-09 10:00:12.858616'),
(430, 86, 170, '5.5', 'needed ', '2021-11-09 10:00:31.190882'),
(431, 86, 9, '5', '5', '2021-11-09 10:00:50.562097'),
(432, 86, 31, '5', '60', '2021-11-09 10:01:16.389149'),
(433, 87, 19, '0.75', '6', '2021-11-09 10:08:04.942043'),
(434, 87, 39, '3', '7', '2021-11-09 10:08:25.402229'),
(435, 87, 13, '0.75', '5', '2021-11-09 10:08:46.675592'),
(436, 87, 21, '0.9', 'needed ', '2021-11-09 10:09:01.842122'),
(437, 87, 22, '0.35', 'needed ', '2021-11-09 10:09:16.919350'),
(438, 87, 23, '0.5', 'cont.', '2021-11-09 10:09:29.290541'),
(439, 88, 18, '0.8', '6', '2021-11-09 10:13:38.083070'),
(440, 88, 14, '0.6', '7', '2021-11-09 10:13:51.328267'),
(441, 88, 17, '0.45', '6', '2021-11-09 10:14:21.555830'),
(442, 88, 26, '1', 'needed ', '2021-11-09 10:14:28.100689'),
(443, 88, 16, '0.6', 'needed ', '2021-11-09 10:14:53.212089'),
(444, 88, 23, '0.5', 'cont.', '2021-11-09 10:15:01.218135'),
(445, 89, 2, '3.5', '7', '2021-11-09 10:18:25.319176'),
(446, 89, 1, '4', '6', '2021-11-09 10:18:55.974678'),
(447, 89, 3, '2', '5', '2021-11-09 10:19:04.895314'),
(448, 89, 55, '5', '30', '2021-11-09 10:19:16.936078'),
(449, 89, 5, '6.5', 'needed ', '2021-11-09 10:19:31.136658'),
(450, 89, 107, '5', 'needed ', '2021-11-09 10:19:48.876897'),
(451, 89, 31, '5', '60', '2021-11-09 10:20:35.582550'),
(452, 90, 3, '2', '5', '2021-11-09 10:23:13.909834'),
(453, 90, 7, '5', '7', '2021-11-09 10:23:25.049542'),
(454, 90, 1, '4', '6', '2021-11-09 10:23:36.564051'),
(455, 90, 48, '1', 'needed ', '2021-11-09 10:23:47.666294'),
(456, 90, 55, '4.5', '60', '2021-11-09 10:24:04.815827'),
(457, 90, 5, '6.5', 'needed ', '2021-11-09 10:24:21.755434'),
(458, 92, 16, '0.7', 'needed ', '2021-11-09 10:25:51.838307'),
(459, 92, 18, '1', '5', '2021-11-09 10:28:05.033370'),
(460, 92, 14, '0.65', '6', '2021-11-09 10:28:15.985426'),
(461, 92, 22, '0.2', 'needed ', '2021-11-09 10:28:35.142335'),
(462, 92, 23, '0.5', 'cont.', '2021-11-09 10:28:49.399670'),
(463, 91, 176, '0.5', '30', '2021-11-09 10:31:44.045646'),
(464, 91, 24, '0.6', '90', '2021-11-09 10:32:23.247681'),
(465, 91, 134, '1', '90', '2021-11-09 10:32:37.114975'),
(466, 91, 26, '1', 'needed ', '2021-11-09 10:32:48.913723'),
(467, 94, 71, '1', '7', '2021-11-09 10:34:47.630550'),
(468, 94, 41, '1', '5', '2021-11-09 10:34:55.398048'),
(469, 94, 2, '4.5', '6', '2021-11-09 10:35:14.234641'),
(470, 94, 4, '5.5', 'needed ', '2021-11-09 10:35:22.950754'),
(471, 94, 51, '7', '60', '2021-11-09 10:35:37.804742'),
(472, 93, 7, '5', '6', '2021-11-09 10:37:50.061851'),
(473, 93, 9, '6', '5', '2021-11-09 10:38:00.074546'),
(474, 93, 5, '6', 'needed ', '2021-11-09 10:38:08.308524'),
(475, 93, 97, '2.5', '30', '2021-11-09 10:38:26.822879'),
(476, 93, 32, '5', '60', '2021-11-09 10:39:04.135248'),
(477, 95, 1, '5', '6', '2021-11-09 10:41:54.035149'),
(478, 95, 7, '5', '6', '2021-11-09 10:42:08.067605'),
(479, 95, 5, '6', 'needed ', '2021-11-09 10:42:20.166789'),
(480, 95, 27, '5', 'needed ', '2021-11-09 10:42:35.158758'),
(481, 95, 31, '5', '60', '2021-11-09 10:43:54.106130'),
(482, 96, 3, '3', '5', '2021-11-09 10:46:25.159835'),
(483, 96, 10, '3.5', '7', '2021-11-09 10:46:38.776925'),
(484, 96, 48, '1', 'needed ', '2021-11-09 10:46:54.566553'),
(485, 96, 1, '5', '6', '2021-11-09 10:47:08.106293'),
(486, 96, 4, '4.5', 'needed ', '2021-11-09 10:47:17.951840'),
(487, 97, 3, '2', '5', '2021-11-09 10:54:32.183050'),
(488, 97, 2, '3', '7', '2021-11-09 10:54:44.326391'),
(489, 97, 1, '3.5', '6', '2021-11-09 10:54:54.016554'),
(490, 97, 48, '1', 'needed ', '2021-11-09 10:55:04.814677'),
(491, 97, 5, '6', 'needed ', '2021-11-09 10:55:16.283842'),
(492, 97, 31, '5', '60', '2021-11-09 10:55:36.130305'),
(493, 98, 10, '4', '6', '2021-11-09 10:58:19.919719'),
(494, 98, 11, '5', '5', '2021-11-09 10:58:35.500448'),
(495, 98, 57, '4', '7', '2021-11-09 10:58:52.103773'),
(496, 98, 44, '1', 'needed ', '2021-11-09 10:59:04.359673'),
(497, 98, 51, '7', '60', '2021-11-09 10:59:17.036932'),
(498, 99, 7, '4.5', '7', '2021-11-09 11:03:47.554407'),
(499, 99, 3, '2', '5', '2021-11-09 11:03:55.185952'),
(500, 99, 1, '3.5', '6', '2021-11-09 11:04:12.899206'),
(501, 99, 5, '5.5', 'needed ', '2021-11-09 11:04:21.513682'),
(502, 99, 48, '1', 'needed ', '2021-11-09 11:04:29.729873'),
(503, 99, 31, '5', '60', '2021-11-09 11:04:48.551422'),
(504, 100, 7, '4.5', '6', '2021-11-09 11:07:46.371115'),
(505, 100, 9, '5.5', '5', '2021-11-09 11:07:55.792008'),
(506, 100, 5, '6', 'needed ', '2021-11-09 11:08:10.816755'),
(507, 100, 31, '5', '60', '2021-11-09 11:08:36.264013'),
(508, 100, 26, '1', 'needed ', '2021-11-09 11:08:44.016907'),
(510, 101, 10, '5.5', '6', '2021-11-09 11:14:55.966059'),
(511, 101, 61, '2', 'needed ', '2021-11-09 11:16:05.145875'),
(512, 101, 56, '1', '90', '2021-11-09 11:17:17.190828'),
(513, 101, 38, '5', '5', '2021-11-09 11:17:37.710137'),
(514, 101, 73, '1.5', '5', '2021-11-09 11:18:19.708326'),
(515, 102, 71, '1', '7', '2021-11-09 12:31:45.192509'),
(516, 102, 126, '5', '10', '2021-11-09 12:32:11.821148'),
(517, 102, 40, '1', '4', '2021-11-09 12:32:36.510190'),
(518, 102, 36, '40', 'needed ', '2021-11-09 12:33:16.396637'),
(519, 102, 48, '1.5', 'needed ', '2021-11-09 12:33:27.957842'),
(520, 102, 29, '6.5', '7', '2021-11-09 12:33:49.014377'),
(521, 102, 128, '0.5', 'needed ', '2021-11-09 12:34:11.205585'),
(522, 103, 71, '1', '6', '2021-11-09 12:36:24.854552'),
(523, 103, 41, '1', '5', '2021-11-09 12:36:34.781783'),
(524, 103, 10, '4', '6', '2021-11-09 12:36:45.018958'),
(525, 103, 48, '1', 'needed ', '2021-11-09 12:36:52.840594'),
(526, 103, 44, '1', 'needed ', '2021-11-09 12:37:03.758681'),
(527, 103, 51, '6.5', '60', '2021-11-09 12:37:20.150534'),
(528, 104, 45, '1', '7', '2021-11-09 12:41:30.997106'),
(529, 104, 95, '10', '14', '2021-11-09 12:42:09.029691'),
(530, 104, 98, '3.5', '30', '2021-11-09 12:42:51.285169'),
(531, 104, 67, '2.5', '60', '2021-11-09 12:43:11.625577'),
(532, 105, 30, '5', '60', '2021-11-09 12:46:37.275228'),
(533, 105, 61, '2', 'needed ', '2021-11-09 12:46:47.072204'),
(534, 105, 26, '1', 'needed ', '2021-11-09 12:46:54.754090'),
(535, 106, 57, '2.5', '7', '2021-11-09 12:51:32.485677'),
(536, 106, 31, '5', '60', '2021-11-09 12:52:18.829869'),
(537, 107, 4, '5.5', 'needed ', '2021-11-09 12:56:17.353111'),
(538, 107, 10, '4.5', '6', '2021-11-09 12:56:27.161219'),
(539, 107, 55, '6', '3', '2021-11-09 12:57:18.685651'),
(540, 107, 138, '6.5', '60', '2021-11-09 12:57:46.250683'),
(541, 107, 48, '1.5', 'needed ', '2021-11-09 12:57:59.669919'),
(542, 107, 65, '7', '4', '2021-11-09 12:59:08.080589'),
(543, 108, 47, '1', '7', '2021-11-09 13:02:54.764936'),
(544, 108, 29, '7', '7', '2021-11-09 13:03:41.612515'),
(545, 108, 36, '40', 'needed ', '2021-11-09 13:04:14.925380'),
(546, 108, 86, '3', '6', '2021-11-09 13:04:45.615354'),
(547, 109, 43, '1.5', '5', '2021-11-09 13:08:57.141782'),
(548, 109, 112, '4.5', '6', '2021-11-09 13:09:21.691586'),
(549, 109, 56, '1.5', '6', '2021-11-09 13:09:34.586962'),
(550, 109, 113, '1', 'needed ', '2021-11-09 13:09:43.769666'),
(551, 110, 28, '2.5', '7', '2021-11-09 13:14:00.128666'),
(552, 110, 7, '4', '6', '2021-11-09 13:14:13.583086'),
(553, 110, 9, '5', '6', '2021-11-09 13:14:28.406224'),
(554, 110, 4, '2.5', 'needed ', '2021-11-09 13:15:02.848682'),
(555, 110, 48, '0.5', 'needed ', '2021-11-09 13:16:02.415641'),
(556, 111, 12, '0.6', '10', '2021-11-09 13:20:01.428805'),
(557, 111, 7, '3.5', '6', '2021-11-09 13:20:31.123182'),
(558, 111, 24, '0.7', '90', '2021-11-09 13:20:54.513671'),
(559, 111, 134, '1', '90', '2021-11-09 13:21:04.214849'),
(560, 112, 59, '3', '5', '2021-11-09 13:23:01.491700'),
(561, 112, 27, '4', 'needed ', '2021-11-09 13:23:10.601741'),
(562, 112, 36, '40', 'needed ', '2021-11-09 13:23:29.024689'),
(563, 112, 126, '5', '10', '2021-11-09 13:23:56.057682'),
(564, 112, 35, '1', '3', '2021-11-09 13:24:09.224672'),
(565, 112, 62, '2', 'cont.', '2021-11-09 13:24:31.313671'),
(567, 113, 33, '2.5', '10', '2021-11-10 04:54:52.375967'),
(568, 113, 29, '5', '10', '2021-11-10 04:55:07.351322'),
(569, 113, 48, '1', 'needed ', '2021-11-10 04:55:14.629690'),
(570, 113, 36, '40', 'needed ', '2021-11-10 04:55:31.476255'),
(571, 113, 4, '4', 'needed ', '2021-11-10 04:55:39.544461'),
(572, 113, 65, '4', '4', '2021-11-10 04:55:56.490493'),
(573, 113, 51, '6.5', '60', '2021-11-10 04:56:15.751044'),
(574, 113, 119, '5', 'needed ', '2021-11-10 04:56:34.902132'),
(575, 114, 146, '6', 'needed ', '2021-11-10 04:58:02.959493'),
(576, 115, 7, '4', '7', '2021-11-10 04:59:58.776311'),
(577, 115, 9, '5', '6', '2021-11-10 05:00:59.207281'),
(578, 115, 50, '2.5', '5', '2021-11-10 05:01:10.335809'),
(579, 115, 55, '4', '30', '2021-11-10 05:01:20.475798'),
(580, 115, 5, '5', 'needed ', '2021-11-10 05:01:28.867875'),
(581, 116, 3, '3', '5', '2021-11-10 05:03:32.078165'),
(582, 116, 1, '5', '6', '2021-11-10 05:03:55.794745'),
(583, 116, 48, '1', 'needed ', '2021-11-10 05:04:09.354138'),
(584, 116, 2, '4', '7', '2021-11-10 05:04:19.611960'),
(585, 116, 56, '1', '60', '2021-11-10 05:04:27.983411'),
(586, 116, 44, '1', 'needed ', '2021-11-10 05:04:42.513640'),
(587, 117, 7, '4', '7', '2021-11-10 05:06:00.468004'),
(588, 117, 5, '5', 'needed ', '2021-11-10 05:06:09.080177'),
(589, 117, 9, '5', '6', '2021-11-10 05:06:51.795206'),
(590, 117, 55, '4', '30', '2021-11-10 05:07:04.822548'),
(591, 117, 13, '1', '5', '2021-11-10 05:07:15.405216'),
(592, 117, 80, '4', '7', '2021-11-10 05:07:40.880153'),
(593, 118, 7, '4.5', '6', '2021-11-10 05:09:35.499179'),
(595, 118, 9, '5', '5', '2021-11-10 05:10:53.587014'),
(596, 118, 5, '6', 'needed ', '2021-11-10 05:11:10.639899'),
(597, 118, 97, '2.5', '30', '2021-11-10 05:11:30.794177'),
(598, 118, 136, '4', '60', '2021-11-10 05:11:49.539679'),
(599, 119, 5, '6', 'needed ', '2021-11-10 05:14:46.388762'),
(600, 119, 7, '4.5', '6', '2021-11-10 05:15:09.331168'),
(601, 119, 9, '5', '5', '2021-11-10 05:15:21.650756'),
(602, 119, 97, '2.5', '30', '2021-11-10 05:15:36.219319'),
(603, 119, 30, '4.5', '60', '2021-11-10 05:15:57.076363'),
(604, 119, 95, '5', '14', '2021-11-10 05:16:14.036838'),
(605, 119, 48, '1', 'needed ', '2021-11-10 05:16:29.880170'),
(606, 120, 2, '2', '6', '2021-11-10 05:20:37.428238'),
(607, 120, 19, '0.75', '6', '2021-11-10 05:22:14.361967'),
(608, 120, 61, '2', '7', '2021-11-10 05:22:28.026809'),
(609, 120, 24, '0.6', '90', '2021-11-10 05:22:43.639211'),
(610, 120, 23, '0.5', 'cont.', '2021-11-10 05:23:01.937361'),
(611, 120, 26, '1', 'needed ', '2021-11-10 05:23:18.202681'),
(612, 121, 62, '2', 'cont.', '2021-11-10 05:25:47.817719'),
(613, 121, 61, '2', '7', '2021-11-10 05:26:03.789024'),
(614, 121, 5, '5.5', 'needed ', '2021-11-10 05:26:28.828013'),
(615, 121, 2, '2.5', '7', '2021-11-10 05:26:45.524170'),
(616, 121, 3, '2', '5', '2021-11-10 05:27:18.081675'),
(617, 121, 1, '3.5', '6', '2021-11-10 05:27:51.191273'),
(618, 122, 26, '1', 'needed ', '2021-11-10 05:36:03.287296'),
(619, 122, 23, '0.5', 'cont.', '2021-11-10 05:36:47.165964'),
(620, 122, 135, '0.6', '60', '2021-11-10 05:37:04.391683'),
(621, 122, 21, '0.45', 'needed ', '2021-11-10 05:37:21.384139'),
(622, 122, 16, '0.6', 'needed ', '2021-11-10 05:37:41.096480'),
(623, 123, 16, '0.7', 'needed ', '2021-11-10 05:39:12.602026'),
(624, 123, 26, '1', 'needed ', '2021-11-10 05:40:55.051022'),
(625, 123, 54, '0.25', '5', '2021-11-10 05:41:20.809713'),
(626, 123, 121, '6', '14', '2021-11-10 05:42:16.280782'),
(627, 123, 23, '0.5', 'cont.', '2021-11-10 05:42:40.813697'),
(628, 124, 54, '0.5', '4', '2021-11-10 05:46:17.945540'),
(629, 124, 26, '1', 'needed ', '2021-11-10 05:46:29.753588'),
(630, 124, 80, '4', '7', '2021-11-10 05:46:56.697579'),
(631, 124, 136, '5', '60', '2021-11-10 05:47:09.842300'),
(632, 124, 9, '5.5', '5', '2021-11-10 05:47:37.497547'),
(633, 125, 93, '1', '3', '2021-11-10 05:51:16.814348'),
(635, 125, 5, '6.5', 'needed ', '2021-11-10 05:52:48.735477'),
(636, 125, 29, '5', '10', '2021-11-10 05:53:03.306485'),
(638, 125, 102, '5', '60', '2021-11-10 05:53:37.758720'),
(639, 125, 59, '3', '5', '2021-11-10 05:54:08.009337'),
(640, 126, 16, '0.7', 'needed ', '2021-11-10 05:55:29.960444'),
(641, 126, 137, '\"', '8', '2021-11-10 06:00:06.063674'),
(642, 126, 26, '1', 'needed ', '2021-11-10 06:00:20.783277'),
(643, 126, 23, '0.5', 'cont.', '2021-11-10 06:00:29.775134'),
(644, 126, 121, '5', '14', '2021-11-10 06:00:51.441961'),
(645, 127, 44, '1', 'needed ', '2021-11-10 06:06:58.737708'),
(646, 127, 98, '3.5', '30', '2021-11-10 06:07:15.263990'),
(647, 127, 67, '3', '90', '2021-11-10 06:07:32.437507'),
(648, 127, 71, '1', '14', '2021-11-10 06:07:43.509610'),
(649, 127, 94, '10', 'single ', '2021-11-10 06:08:26.057685'),
(650, 128, 26, '1', 'needed ', '2021-11-10 06:12:30.138641'),
(651, 128, 16, '0.6', 'needed ', '2021-11-10 06:12:39.569612'),
(652, 128, 23, '0.5', 'cont.', '2021-11-10 06:12:49.242693'),
(653, 128, 15, '0.6', '5', '2021-11-10 06:13:15.126274'),
(654, 129, 21, '0.8', 'needed ', '2021-11-10 06:18:56.819673'),
(655, 129, 14, '1', '5', '2021-11-10 06:20:32.585375'),
(656, 129, 22, '0.25', 'needed ', '2021-11-10 06:20:41.717752'),
(657, 129, 49, '2.5', '6', '2021-11-10 06:21:01.680488'),
(658, 129, 13, '0.65', '6', '2021-11-10 06:21:14.522504'),
(659, 129, 23, '0.5', 'cont.', '2021-11-10 06:21:41.762175'),
(660, 129, 135, '0.9', '90', '2021-11-10 06:22:05.120820'),
(661, 130, 21, '1.3', 'needed ', '2021-11-10 06:22:59.121639'),
(662, 130, 2, '2.5', '7', '2021-11-10 06:23:09.263065'),
(663, 130, 22, '0.4', 'needed ', '2021-11-10 06:24:10.690386'),
(664, 130, 13, '1', '5', '2021-11-10 06:24:19.399332'),
(665, 130, 11, '2.5', '6', '2021-11-10 06:24:40.050384'),
(666, 130, 24, '0.8', '90', '2021-11-10 06:25:03.071895'),
(667, 131, 21, '1.35', 'needed ', '2021-11-10 06:26:17.701393'),
(668, 131, 7, '3.5', '7', '2021-11-10 06:27:40.015348'),
(669, 131, 26, '1', 'needed ', '2021-11-10 06:27:47.363857'),
(670, 131, 16, '1.5', 'needed ', '2021-11-10 06:28:12.593101'),
(671, 131, 38, '2.5', '5', '2021-11-10 06:28:31.361851'),
(672, 131, 24, '0.8', '9', '2021-11-10 06:28:55.739507'),
(673, 132, 41, '1', '6', '2021-11-10 06:34:28.405490'),
(674, 132, 10, '3.5', '7', '2021-11-10 06:34:38.729181'),
(675, 132, 73, '1', '5', '2021-11-10 06:34:43.912056'),
(676, 132, 48, '1', 'needed ', '2021-11-10 06:34:49.548260'),
(677, 132, 182, '3', '7', '2021-11-10 06:35:23.263994'),
(678, 133, 7, '4.5', '7', '2021-11-10 06:36:28.566531'),
(679, 133, 1, '3.5', '7', '2021-11-10 06:37:39.332190'),
(680, 133, 3, '2', '5', '2021-11-10 06:37:57.779786'),
(681, 133, 48, '0.5', 'needed ', '2021-11-10 06:38:04.397637'),
(682, 133, 132, '5.5', 'needed ', '2021-11-10 06:38:23.809062'),
(683, 133, 32, '4.5', '90', '2021-11-10 06:38:45.503096'),
(684, 134, 26, '1', 'needed ', '2021-11-10 06:42:30.205090'),
(685, 134, 16, '0.6', 'needed ', '2021-11-10 06:42:39.568969'),
(686, 134, 23, '0.5', 'cont.', '2021-11-10 06:42:50.341360'),
(687, 134, 134, '0.5', '60', '2021-11-10 06:43:02.317062'),
(688, 135, 62, '2', 'cont.', '2021-11-10 06:46:37.601156'),
(689, 135, 61, '2', '7', '2021-11-10 06:46:47.123996'),
(690, 135, 2, '3', '6', '2021-11-10 06:47:26.865124'),
(691, 135, 119, '5', 'needed ', '2021-11-10 06:47:37.830044'),
(692, 135, 94, '10', 'single ', '2021-11-10 06:48:18.096707'),
(693, 135, 45, '1', '7', '2021-11-10 06:48:36.815188'),
(694, 135, 31, '5', '60', '2021-11-10 06:49:02.100731'),
(695, 136, 98, '4', '60', '2021-11-10 06:52:45.038618'),
(696, 136, 67, '3', '90', '2021-11-10 06:52:58.380114'),
(698, 136, 71, '1', '7', '2021-11-10 06:53:31.306642'),
(699, 136, 94, '10', 'single ', '2021-11-10 06:53:45.960763'),
(700, 136, 51, '7', '60', '2021-11-10 06:54:13.439208'),
(701, 137, 21, '1.1', 'needed ', '2021-11-10 06:55:12.238671'),
(703, 137, 2, '2.5', '7', '2021-11-10 06:57:16.134519'),
(704, 137, 26, '1', 'needed ', '2021-11-10 06:57:28.645047'),
(705, 137, 23, '0.5', 'cont.', '2021-11-10 06:57:37.272574'),
(706, 137, 11, '2', '5', '2021-11-10 06:58:11.645591'),
(707, 138, 21, '0.9', 'needed ', '2021-11-10 07:00:14.763400'),
(708, 138, 19, '0.75', '6', '2021-11-10 07:01:30.015671'),
(709, 138, 7, '3', '7', '2021-11-10 07:01:40.525529'),
(710, 138, 13, '0.75', '5', '2021-11-10 07:02:01.622136'),
(711, 138, 22, '0.3', 'needed ', '2021-11-10 07:02:32.593203'),
(712, 138, 68, '2', '90', '2021-11-10 07:02:55.195027'),
(713, 138, 24, '0.7', '90', '2021-11-10 07:03:08.879092'),
(714, 139, 78, '\"', '60', '2021-11-10 07:05:13.078867'),
(715, 139, 76, '\"', '14', '2021-11-10 07:05:30.128110'),
(716, 139, 23, '0.5', 'cont.', '2021-11-10 07:06:26.326082'),
(717, 140, 50, '2.5', '5', '2021-11-10 07:08:41.977581'),
(718, 140, 7, '4', '7', '2021-11-10 07:08:53.885922'),
(719, 140, 5, '5', 'needed ', '2021-11-10 07:09:01.615598'),
(720, 140, 55, '4', '60', '2021-11-10 07:09:10.436679'),
(721, 140, 1, '3.5', '6', '2021-11-10 07:09:28.575533'),
(722, 140, 96, '1', '7', '2021-11-10 07:10:09.027970'),
(723, 141, 10, '5', '7', '2021-11-10 07:12:57.357586'),
(724, 141, 41, '1.5', '5', '2021-11-10 07:13:04.052686'),
(725, 141, 56, '1', '60', '2021-11-10 07:13:13.371733'),
(726, 141, 44, '1.5', 'needed ', '2021-11-10 07:13:26.386671'),
(727, 141, 46, '1', 'needed ', '2021-11-10 07:13:33.825937'),
(728, 142, 38, '3', '5', '2021-11-10 07:16:21.486444'),
(729, 142, 7, '5', '7', '2021-11-10 07:16:29.978665'),
(730, 142, 55, '4.5', '60', '2021-11-10 07:16:38.411663'),
(731, 142, 87, '\"', '7', '2021-11-10 07:16:59.026752'),
(732, 142, 3, '2', '5', '2021-11-10 07:17:12.161127'),
(733, 142, 5, '6', 'needed ', '2021-11-10 07:17:22.515765'),
(734, 142, 48, '1', 'needed ', '2021-11-10 07:17:30.713951'),
(735, 143, 5, '5', 'needed ', '2021-11-10 07:19:00.535616'),
(736, 143, 170, '6', 'needed ', '2021-11-10 07:19:58.015225'),
(737, 143, 97, '2', '30', '2021-11-10 07:20:13.151977'),
(738, 143, 7, '4', '7', '2021-11-10 07:20:25.362605'),
(739, 143, 9, '5', '5', '2021-11-10 07:20:35.884214'),
(740, 143, 68, '2.5', '60', '2021-11-10 07:20:53.303438'),
(741, 144, 21, '1.3', 'needed ', '2021-11-10 07:23:35.721893'),
(742, 144, 2, '2.5', '7', '2021-11-10 07:24:00.001451'),
(743, 144, 1, '3.5', '7', '2021-11-10 07:24:38.980235'),
(744, 144, 50, '2.5', '5', '2021-11-10 07:25:00.535455'),
(745, 144, 48, '0.5', 'needed ', '2021-11-10 07:25:08.428012'),
(746, 144, 23, '0.5', 'cont.', '2021-11-10 07:25:21.318233'),
(747, 144, 55, '4', '45', '2021-11-10 07:25:45.926855'),
(748, 145, 5, '5.5', 'needed ', '2021-11-10 07:27:58.507214'),
(749, 145, 107, '4.5', 'needed ', '2021-11-10 07:28:16.301721'),
(750, 145, 55, '4', '60', '2021-11-10 07:28:47.118157'),
(751, 145, 9, '5.5', '5', '2021-11-10 07:29:01.100284'),
(752, 145, 136, '5', '60', '2021-11-10 07:29:24.444724'),
(753, 146, 160, '5', '14', '2021-11-10 07:33:26.129674'),
(754, 146, 29, '5', '10', '2021-11-10 07:33:36.892912'),
(755, 146, 45, '1', '7', '2021-11-10 07:33:49.229164'),
(756, 146, 119, '5.5', 'needed ', '2021-11-10 07:33:59.456585'),
(757, 146, 31, '5', '60', '2021-11-10 07:34:15.520043'),
(758, 147, 5, '5.5', 'needed ', '2021-11-10 07:37:47.085481'),
(759, 147, 2, '3', '7', '2021-11-10 07:38:02.539688'),
(760, 147, 55, '4', '30', '2021-11-10 07:38:17.976214'),
(761, 147, 1, '3.5', '6', '2021-11-10 07:38:29.631856'),
(762, 147, 48, '1', 'needed ', '2021-11-10 07:38:39.953798'),
(763, 147, 136, '5', '60', '2021-11-10 07:38:48.442572'),
(764, 147, 170, '6', 'needed ', '2021-11-10 07:39:01.784636'),
(765, 148, 15, '0.5', '7', '2021-11-10 07:42:12.227817'),
(766, 148, 18, '0.8', '6', '2021-11-10 07:42:28.751254'),
(767, 148, 26, '1', 'needed ', '2021-11-10 07:42:39.668947'),
(768, 148, 16, '0.6', 'needed ', '2021-11-10 07:42:54.223428'),
(769, 148, 23, '0.5', 'cont.', '2021-11-10 07:43:30.137732'),
(770, 149, 5, '6', 'needed ', '2021-11-10 07:46:34.870904'),
(771, 149, 2, '3', '7', '2021-11-10 07:46:54.762673'),
(772, 149, 1, '3.5', '6', '2021-11-10 07:47:04.018556'),
(773, 149, 48, '1', 'needed ', '2021-11-10 07:47:12.020654'),
(774, 149, 31, '5', '60', '2021-11-10 07:47:24.763162'),
(776, 150, 28, '2.5', '14', '2021-11-10 07:52:41.661299'),
(777, 150, 7, '3.5', '7', '2021-11-10 07:52:54.302429'),
(778, 150, 9, '5', '5', '2021-11-10 07:53:02.446760'),
(779, 150, 22, '0.4', 'needed ', '2021-11-10 07:53:28.226685'),
(780, 150, 13, '1', '5', '2021-11-10 07:53:42.081185'),
(781, 150, 23, '0.5', 'cont.', '2021-11-10 07:53:53.653877'),
(782, 151, 78, '\"', '60', '2021-11-10 07:55:04.982350'),
(783, 151, 170, '5.5', 'needed ', '2021-11-10 07:55:25.494723'),
(784, 151, 97, '2.5', '30', '2021-11-10 07:55:49.297433'),
(785, 151, 77, '\"', '21', '2021-11-10 07:56:26.744978'),
(786, 152, 3, '2.5', '7', '2021-11-10 07:57:35.058650'),
(787, 152, 13, '1', '5', '2021-11-10 07:57:48.453761'),
(788, 152, 21, '1.3', 'needed ', '2021-11-10 07:58:20.497244'),
(789, 152, 11, '2.5', '6', '2021-11-10 07:58:31.413227'),
(790, 152, 23, '0.5', 'cont.', '2021-11-10 07:59:00.621441'),
(791, 152, 24, '0.7', '90', '2021-11-10 07:59:15.980943'),
(792, 154, 170, '7', 'needed ', '2021-11-10 08:02:19.749233'),
(793, 154, 88, '\"', '15', '2021-11-10 08:04:01.162422'),
(794, 154, 4, '4.5', 'needed ', '2021-11-10 08:04:12.966910'),
(795, 153, 16, '0.8', 'needed ', '2021-11-10 08:07:37.368611'),
(796, 153, 23, '0.5', 'cont.', '2021-11-10 08:09:40.462983'),
(797, 153, 134, '0.5', '90', '2021-11-10 08:09:53.255663'),
(798, 153, 26, '1', 'needed ', '2021-11-10 08:10:09.368515'),
(799, 155, 71, '1', '7', '2021-11-10 08:14:21.096337'),
(800, 155, 29, '6', '9', '2021-11-10 08:14:40.110537'),
(801, 155, 48, '1.5', 'needed ', '2021-11-10 08:14:48.370056'),
(802, 155, 44, '1', 'needed ', '2021-11-10 08:14:55.647884'),
(803, 155, 69, '6.5', '60', '2021-11-10 08:15:20.684597'),
(804, 155, 98, '3.5', '30', '2021-11-10 08:15:39.507702'),
(805, 157, 68, '1.5', 'cont.', '2021-11-10 08:21:57.549123'),
(806, 157, 134, '0.5', 'cont.', '2021-11-10 08:23:10.902293'),
(807, 157, 26, '1', 'needed ', '2021-11-10 08:23:21.611030'),
(808, 157, 15, '0.5', '6', '2021-11-10 08:24:52.988266'),
(809, 156, 14, '0.6', '6', '2021-11-10 08:25:43.857466'),
(810, 156, 20, '0.8', '6', '2021-11-10 08:25:58.940321'),
(811, 156, 16, '0.5', 'needed ', '2021-11-10 08:26:06.915960'),
(812, 156, 68, '1.5', 'cont.', '2021-11-10 08:26:40.935847'),
(813, 156, 134, '0.5', 'cont.', '2021-11-10 08:26:50.483933'),
(814, 156, 26, '1', 'needed ', '2021-11-10 08:27:02.743104'),
(815, 158, 21, '1', 'needed ', '2021-11-10 08:28:26.531676'),
(816, 158, 39, '2.5', '7', '2021-11-10 08:29:13.543496'),
(817, 158, 13, '0.75', '5', '2021-11-10 08:29:26.219460'),
(818, 158, 49, '2.5', '6', '2021-11-10 08:30:07.519865'),
(819, 158, 22, '0.35', 'needed ', '2021-11-10 08:30:20.457615'),
(820, 158, 23, '0.5', 'cont.', '2021-11-10 08:30:44.922443'),
(821, 159, 62, '2', 'cont.', '2021-11-10 08:34:05.280566'),
(822, 159, 45, '1', '7', '2021-11-10 08:34:13.906682'),
(823, 159, 61, '2', '6', '2021-11-10 08:34:24.177789'),
(824, 159, 10, '3', '6', '2021-11-10 08:34:36.203649'),
(825, 159, 11, '4.5', '5', '2021-11-10 08:35:10.754811'),
(826, 159, 97, '3', '30', '2021-11-10 08:36:09.995878'),
(827, 160, 21, '0.4', 'needed ', '2021-11-10 08:40:05.094383'),
(828, 160, 15, '0.5', '6', '2021-11-10 08:40:10.343593'),
(829, 160, 23, '0.5', 'cont.', '2021-11-10 08:40:29.051717'),
(830, 160, 134, '0.5', 'cont.', '2021-11-10 08:40:49.902234'),
(831, 161, 7, '4.5', '7', '2021-11-10 08:44:02.635019'),
(832, 161, 3, '2', '5', '2021-11-10 08:44:11.892772'),
(833, 161, 1, '3.5', '6', '2021-11-10 08:44:22.184643'),
(834, 161, 48, '1', 'needed ', '2021-11-10 08:44:28.791674'),
(835, 161, 5, '5.5', 'needed ', '2021-11-10 08:44:37.863755'),
(836, 161, 136, '4', '60', '2021-11-10 08:45:00.740378'),
(837, 162, 26, '1', 'needed ', '2021-11-10 08:50:49.730332'),
(838, 162, 55, '3', '10', '2021-11-10 08:51:01.088193'),
(839, 162, 23, '0.5', 'cont.', '2021-11-10 08:51:40.519081'),
(840, 162, 29, '3.5', '14', '2021-11-10 08:52:27.557061'),
(841, 162, 22, '0.4', 'needed ', '2021-11-10 08:52:44.816759'),
(842, 163, 35, '1', '3', '2021-11-10 08:55:49.991756'),
(843, 163, 18, '1', '5', '2021-11-10 08:56:13.758018'),
(844, 163, 25, '0.7', '7', '2021-11-10 08:56:27.951897'),
(845, 163, 26, '1', 'needed ', '2021-11-10 08:56:53.778774'),
(846, 163, 16, '0.7', 'needed ', '2021-11-10 08:57:52.384398'),
(847, 163, 23, '0.5', 'cont.', '2021-11-10 08:58:13.366362'),
(848, 164, 7, '5', '6', '2021-11-10 09:00:09.859549'),
(849, 164, 9, '6', '5', '2021-11-10 09:00:18.889126'),
(850, 164, 98, '2.5', '60', '2021-11-10 09:00:30.525300'),
(851, 164, 5, '6', 'needed ', '2021-11-10 09:00:44.977545'),
(852, 164, 67, '2', '90', '2021-11-10 09:01:00.690855'),
(853, 164, 95, '5', '14', '2021-11-10 09:01:18.348695'),
(854, 165, 7, '3.5', '7', '2021-11-10 09:02:43.846535'),
(855, 165, 13, '1', '5', '2021-11-10 09:02:50.527478'),
(856, 165, 9, '4.5', '6', '2021-11-10 09:03:03.039941'),
(857, 165, 5, '4', 'needed ', '2021-11-10 09:03:15.011692'),
(858, 165, 97, '2', '60', '2021-11-10 09:03:29.321064'),
(859, 165, 24, '0.7', '60', '2021-11-10 09:03:37.765678'),
(860, 166, 16, '0.6', 'needed ', '2021-11-10 09:07:32.002681'),
(861, 166, 26, '1', 'needed ', '2021-11-10 09:07:53.834892'),
(862, 166, 23, '0.5', 'cont.', '2021-11-10 09:08:22.366615'),
(863, 167, 68, '1', 'cont.', '2021-11-10 09:49:13.010961'),
(864, 167, 134, '0.5', 'cont.', '2021-11-10 09:49:21.452917'),
(865, 167, 26, '1', 'needed ', '2021-11-10 09:49:35.343254'),
(866, 167, 22, '0.15', 'needed ', '2021-11-10 09:50:45.728589'),
(867, 168, 2, '3', '6', '2021-11-10 09:53:39.476735'),
(868, 168, 9, '5.5', '5', '2021-11-10 09:53:48.218169'),
(869, 168, 55, '4.5', '14', '2021-11-10 09:54:01.575655'),
(870, 168, 26, '1', 'needed ', '2021-11-10 09:54:36.357511'),
(871, 168, 76, '\"', '14', '2021-11-10 09:55:00.470816'),
(872, 169, 21, '0.5', 'needed ', '2021-11-10 09:58:00.732082'),
(873, 169, 80, '4', '10', '2021-11-10 09:58:18.807842'),
(874, 169, 68, '1', 'cont.', '2021-11-10 09:58:29.693273'),
(875, 169, 134, '0.5', 'cont.', '2021-11-10 09:58:44.711302'),
(876, 169, 16, '0.6', 'needed ', '2021-11-10 09:59:01.434832'),
(877, 170, 2, '3', '7', '2021-11-10 10:01:32.041225'),
(878, 170, 45, '1', '7', '2021-11-10 10:01:44.933017'),
(879, 170, 42, '1.5', '5', '2021-11-10 10:02:00.559934'),
(880, 170, 4, '4.5', 'needed ', '2021-11-10 10:02:08.303485'),
(881, 170, 98, '3', '60', '2021-11-10 10:02:29.793606'),
(882, 170, 102, '6.5', '60', '2021-11-10 10:02:55.925795'),
(883, 171, 63, '2', 'cont.', '2021-11-10 10:07:20.907022'),
(884, 171, 10, '4', '6', '2021-11-10 10:09:32.261954'),
(885, 171, 61, '2', '7', '2021-11-10 10:10:38.431345'),
(886, 171, 73, '1', '5', '2021-11-10 10:10:52.087817'),
(887, 171, 55, '5', '60', '2021-11-10 10:11:11.517947'),
(888, 171, 1, '5', '6', '2021-11-10 10:11:26.044455'),
(889, 171, 94, '10', 'single ', '2021-11-10 10:11:38.435188'),
(890, 172, 55, '5', '60', '2021-11-10 10:13:36.412199'),
(892, 172, 6, '1.5', '5', '2021-11-10 10:14:22.312336'),
(893, 172, 10, '4', '6', '2021-11-10 10:14:33.519769'),
(894, 172, 48, '1', 'needed ', '2021-11-10 10:15:30.224311'),
(895, 173, 15, '0.7', '5', '2021-11-10 10:18:34.007287'),
(896, 173, 16, '0.7', 'needed ', '2021-11-10 10:18:48.280476'),
(897, 173, 23, '0.5', 'cont.', '2021-11-10 10:19:35.220011'),
(898, 173, 26, '1', 'needed ', '2021-11-10 10:19:52.124402'),
(899, 174, 159, '0.9', '10', '2021-11-10 10:22:50.759474'),
(900, 174, 35, '1', '3', '2021-11-10 10:23:03.226936'),
(901, 174, 2, '2.5', '7', '2021-11-10 10:23:16.068706'),
(902, 174, 21, '1.3', 'needed ', '2021-11-10 10:23:25.738371'),
(903, 174, 11, '2.5', '6', '2021-11-10 10:23:43.488755'),
(904, 176, 14, '0.7', '6', '2021-11-10 10:27:11.763755'),
(905, 176, 18, '1', '5', '2021-11-10 10:27:17.550282'),
(906, 176, 23, '0.5', 'cont.', '2021-11-10 10:27:25.607757'),
(907, 176, 26, '1', 'needed ', '2021-11-10 10:27:44.441361'),
(908, 176, 21, '0.7', 'needed ', '2021-11-10 10:28:01.674042'),
(909, 177, 20, '0.8', '6', '2021-11-10 10:30:35.898001'),
(910, 177, 14, '0.6', '5', '2021-11-10 10:31:35.182686'),
(911, 177, 61, '2', '7', '2021-11-10 10:31:46.291673'),
(912, 177, 21, '0.45', 'needed ', '2021-11-10 10:32:01.069675'),
(913, 177, 16, '0.6', 'needed ', '2021-11-10 10:32:12.125130'),
(914, 175, 71, '1', '7', '2021-11-10 10:35:22.590815'),
(915, 175, 91, '6.5', '7', '2021-11-10 10:36:03.325642'),
(916, 175, 48, '1.5', 'needed ', '2021-11-10 10:36:33.728044'),
(917, 175, 36, '40', 'needed ', '2021-11-10 10:36:42.195981'),
(918, 175, 119, '7', 'needed ', '2021-11-10 10:37:09.187874'),
(919, 175, 170, '7', 'needed ', '2021-11-10 10:37:37.647553'),
(920, 178, 16, '0.5', 'needed ', '2021-11-10 10:42:57.510686'),
(921, 178, 115, '0.25', 'cont.', '2021-11-10 10:43:42.350492'),
(922, 178, 15, '0.5', '6', '2021-11-10 10:44:04.243031'),
(923, 178, 21, '0.4', 'needed ', '2021-11-10 10:44:36.194789'),
(924, 179, 1, '3.5', '6', '2021-11-10 10:48:41.264204'),
(925, 179, 54, '0.45', '4', '2021-11-10 10:48:56.446839'),
(926, 179, 5, '5.5', 'needed ', '2021-11-10 10:49:05.550532'),
(927, 179, 107, '4.5', 'needed ', '2021-11-10 10:49:29.867678'),
(928, 179, 80, '4', '7', '2021-11-10 10:50:29.158651'),
(929, 180, 57, '3', '6', '2021-11-10 10:53:35.066949'),
(930, 180, 75, '\"', '7', '2021-11-10 10:53:44.970298'),
(931, 180, 4, '4.5', 'needed ', '2021-11-10 10:53:53.618845'),
(932, 180, 6, '1.5', '5', '2021-11-10 10:54:19.130955'),
(933, 180, 51, '6.5', '60', '2021-11-10 10:54:33.308108'),
(934, 181, 39, '3', '6', '2021-11-10 10:57:40.297293'),
(935, 181, 13, '0.75', '5', '2021-11-10 10:58:23.095594'),
(936, 181, 19, '0.75', '6', '2021-11-10 10:58:34.613224'),
(937, 181, 21, '0.9', 'needed ', '2021-11-10 10:58:48.664691'),
(938, 181, 22, '0.35', 'needed ', '2021-11-10 10:59:09.982675'),
(939, 181, 23, '0.5', 'cont.', '2021-11-10 10:59:22.539175'),
(940, 182, 7, '5', '7', '2021-11-10 11:03:33.952665'),
(941, 182, 108, '5', '4', '2021-11-10 11:03:57.104771'),
(942, 182, 55, '4.5', '45', '2021-11-10 11:04:14.775528'),
(943, 182, 37, '3', '5', '2021-11-10 11:04:26.222724'),
(944, 182, 48, '1', 'needed ', '2021-11-10 11:04:33.608679'),
(945, 182, 79, '4', '7', '2021-11-10 11:05:00.605854'),
(946, 182, 136, '5', '60', '2021-11-10 11:05:24.576560'),
(947, 183, 122, '1.5', 'needed ', '2021-11-10 11:08:59.156682'),
(948, 183, 55, '6.5', '4', '2021-11-10 11:09:14.405685'),
(949, 183, 71, '1.5', '7', '2021-11-10 11:09:30.189677'),
(950, 183, 41, '1.5', '5', '2021-11-10 11:09:53.451060'),
(951, 184, 78, '\"', '6', '2021-11-10 11:13:22.670008'),
(952, 184, 84, '\"', '12', '2021-11-10 11:13:38.019802'),
(953, 184, 54, '0.3', '5', '2021-11-10 11:14:16.431867'),
(954, 184, 26, '1', 'needed ', '2021-11-10 11:14:32.966871'),
(955, 184, 23, '0.5', 'cont.', '2021-11-10 11:14:49.636275'),
(956, 185, 16, '0.5', 'needed ', '2021-11-10 11:19:23.839041'),
(957, 185, 21, '0.4', 'needed ', '2021-11-10 11:19:33.899847'),
(958, 185, 26, '1', 'needed ', '2021-11-10 11:20:24.173509'),
(959, 185, 23, '0.5', 'cont.', '2021-11-10 11:20:32.992840'),
(960, 186, 4, '4.5', 'needed ', '2021-11-10 11:22:36.317701'),
(961, 186, 79, '4', '7', '2021-11-10 11:22:52.129708'),
(962, 186, 59, '3', '5', '2021-11-10 11:23:20.289640'),
(963, 186, 136, '5', '60', '2021-11-10 11:23:50.843129'),
(964, 187, 5, '6.5', 'needed ', '2021-11-10 11:26:55.829723'),
(965, 187, 38, '3', '5', '2021-11-10 11:27:22.935669'),
(966, 187, 87, '\"', '7', '2021-11-10 11:27:36.722402'),
(967, 187, 125, '1', '5', '2021-11-10 11:27:48.172015'),
(968, 187, 31, '5', '60', '2021-11-10 11:28:23.140636'),
(969, 188, 154, '5', '7', '2021-11-10 11:29:49.632569'),
(970, 188, 42, '1.5', '6', '2021-11-10 11:30:06.709945'),
(973, 188, 62, '2', 'cont.', '2021-11-10 11:31:32.019859'),
(974, 188, 61, '2', '7', '2021-11-10 11:31:41.724955'),
(975, 188, 108, '5', '4', '2021-11-10 11:32:08.187080'),
(976, 189, 49, '6', '7', '2021-11-10 11:38:17.954369'),
(977, 189, 87, '\"', '7', '2021-11-10 11:38:33.071976'),
(978, 189, 10, '3.5', '6', '2021-11-10 11:38:55.413678'),
(979, 189, 55, '5', '5', '2021-11-10 11:39:10.444262');
INSERT INTO `tbl_medicine_for_generate_prescription` (`MG_Id`, `User_Id`, `M_Id`, `MG_medicine`, `MG_Day`, `MG_Date`) VALUES
(980, 190, 139, '\"', '14', '2021-11-10 11:45:46.576428'),
(981, 191, 158, '4.5', '4', '2021-11-10 11:49:33.483173'),
(982, 191, 26, '2', 'needed ', '2021-11-10 11:49:51.078460'),
(983, 191, 180, '1', 'needed ', '2021-11-10 11:50:06.432802'),
(984, 191, 44, '1', 'needed ', '2021-11-10 11:50:31.625153'),
(985, 191, 11, '5.5', '5', '2021-11-10 11:50:55.132717'),
(986, 193, 62, '2', '180', '2021-11-10 12:53:43.986338'),
(987, 193, 3, '2', '5', '2021-11-10 12:54:02.664698'),
(988, 193, 61, '2', '7', '2021-11-10 12:54:30.001790'),
(989, 193, 2, '2.5', '7', '2021-11-10 12:54:42.112706'),
(990, 193, 1, '4', '7', '2021-11-10 12:54:52.535054'),
(991, 193, 48, '1', 'needed ', '2021-11-10 12:55:05.337691'),
(992, 193, 5, '6', 'needed ', '2021-11-10 12:55:38.067493'),
(993, 194, 10, '4', '7', '2021-11-10 12:59:02.615152'),
(994, 194, 4, '5', 'needed ', '2021-11-10 12:59:09.012881'),
(995, 194, 26, '2', 'needed ', '2021-11-10 12:59:19.518679'),
(996, 194, 11, '5', '5', '2021-11-10 12:59:38.783226'),
(997, 194, 48, '1', 'needed ', '2021-11-10 12:59:47.539144'),
(998, 195, 10, '5.5', '6', '2021-11-10 13:14:17.056469'),
(999, 195, 55, '6.5', '3', '2021-11-10 13:14:33.418056'),
(1000, 195, 146, '7', 'needed ', '2021-11-10 13:14:49.403242'),
(1001, 195, 26, '2', 'needed ', '2021-11-10 13:15:01.196578'),
(1002, 195, 11, '6', '5', '2021-11-10 13:15:24.887797'),
(1003, 195, 46, '1', 'needed ', '2021-11-10 13:15:48.931719'),
(1004, 196, 132, '6.5', 'needed ', '2021-11-11 04:49:14.743584'),
(1005, 196, 7, '5', '7', '2021-11-11 04:49:27.778036'),
(1006, 196, 1, '4', '7', '2021-11-11 04:49:55.527655'),
(1007, 196, 48, '1', 'needed ', '2021-11-11 04:50:04.631173'),
(1008, 197, 61, '2', '7', '2021-11-11 04:53:45.803773'),
(1009, 197, 60, '2.5', '6', '2021-11-11 04:54:06.222495'),
(1010, 197, 14, '0.8', '6', '2021-11-11 04:54:55.299025'),
(1011, 197, 26, '1', 'needed ', '2021-11-11 04:55:11.646317'),
(1012, 197, 134, '0.5', '60', '2021-11-11 04:56:15.350671'),
(1013, 198, 55, '3.5', '60', '2021-11-11 04:58:22.902009'),
(1014, 198, 11, '2.5', '6', '2021-11-11 04:58:31.728672'),
(1015, 198, 2, '2.5', '7', '2021-11-11 04:58:49.445400'),
(1016, 198, 26, '1', 'needed ', '2021-11-11 04:58:53.659683'),
(1017, 199, 97, '2.5', '30', '2021-11-11 05:02:17.072467'),
(1018, 199, 109, '3.5', 'needed ', '2021-11-11 05:02:43.379671'),
(1019, 199, 170, '6.5', 'needed ', '2021-11-11 05:02:57.929889'),
(1020, 199, 94, '5', '14', '2021-11-11 05:03:57.400735'),
(1021, 199, 132, '6', 'needed ', '2021-11-11 05:04:08.298943'),
(1022, 200, 3, '3', '5', '2021-11-11 05:08:17.904069'),
(1023, 200, 38, '4', '5', '2021-11-11 05:08:41.091809'),
(1024, 200, 10, '4', '6', '2021-11-11 05:09:11.568682'),
(1025, 200, 48, '1', 'needed ', '2021-11-11 05:09:36.575732'),
(1026, 200, 55, '5', '60', '2021-11-11 05:09:52.635667'),
(1027, 201, 62, '2', 'cont.', '2021-11-11 05:13:00.313807'),
(1028, 201, 61, '2', '7', '2021-11-11 05:13:13.200751'),
(1029, 201, 2, '2.5', '6', '2021-11-11 05:13:23.102005'),
(1030, 201, 38, '3', '5', '2021-11-11 05:13:31.210339'),
(1031, 201, 170, '6.5', 'needed ', '2021-11-11 05:13:44.613102'),
(1032, 201, 26, '1', 'needed ', '2021-11-11 05:14:00.760178'),
(1033, 201, 108, '5', '4', '2021-11-11 05:14:11.480571'),
(1034, 201, 94, '5', '14', '2021-11-11 05:14:30.941044'),
(1035, 201, 31, '5', '60', '2021-11-11 05:14:39.359088'),
(1036, 202, 35, '1', '3', '2021-11-11 05:16:28.098528'),
(1037, 202, 34, '0.7', '10', '2021-11-11 05:16:42.308462'),
(1038, 202, 36, '20', 'needed ', '2021-11-11 05:18:56.481468'),
(1039, 202, 60, '2.5', '5', '2021-11-11 05:19:06.637163'),
(1040, 202, 16, '0.7', 'needed ', '2021-11-11 05:19:18.924014'),
(1041, 202, 23, '0.5', 'cont.', '2021-11-11 05:19:37.583575'),
(1042, 203, 50, '2.5', '5', '2021-11-11 05:22:32.015198'),
(1043, 203, 2, '2.5', '7', '2021-11-11 05:22:46.732685'),
(1044, 203, 1, '3.5', '6', '2021-11-11 05:23:03.515442'),
(1045, 203, 5, '5', 'needed ', '2021-11-11 05:23:21.400804'),
(1046, 203, 48, '0.5', 'needed ', '2021-11-11 05:23:28.755756'),
(1047, 203, 136, '4', '60', '2021-11-11 05:23:50.212737'),
(1048, 204, 2, '2.5', '7', '2021-11-11 05:29:06.159289'),
(1049, 204, 9, '4.5', '5', '2021-11-11 05:29:14.807514'),
(1050, 204, 21, '1.3', 'needed ', '2021-11-11 05:29:22.152577'),
(1051, 204, 26, '1', 'needed ', '2021-11-11 05:29:31.184068'),
(1052, 204, 23, '0.5', 'cont.', '2021-11-11 05:29:46.944225'),
(1053, 205, 98, '3.5', '30', '2021-11-11 05:35:00.183105'),
(1054, 205, 117, '7', '60', '2021-11-11 05:35:20.862682'),
(1055, 205, 26, '2', 'needed ', '2021-11-11 05:35:32.926559'),
(1056, 205, 94, '10', 'single ', '2021-11-11 05:35:47.809968'),
(1057, 206, 110, '7', '6', '2021-11-11 05:40:54.750142'),
(1058, 206, 92, '7.5', 'cont.', '2021-11-11 05:41:35.216373'),
(1059, 206, 73, '1', '5', '2021-11-11 05:41:44.967137'),
(1060, 206, 113, '1', 'needed ', '2021-11-11 05:41:50.012395'),
(1061, 206, 114, '1', '5', '2021-11-11 05:41:59.970130'),
(1062, 206, 46, '1', 'needed ', '2021-11-11 05:42:30.023734'),
(1063, 207, 97, '2.', '30', '2021-11-11 05:44:55.379289'),
(1064, 207, 29, '4', '12', '2021-11-11 05:45:11.531119'),
(1065, 207, 36, '20', 'needed ', '2021-11-11 05:45:26.680980'),
(1066, 207, 78, '\"', '60', '2021-11-11 05:45:58.863958'),
(1067, 207, 65, '3', '4', '2021-11-11 05:46:13.641673'),
(1068, 207, 55, '3.5', '45', '2021-11-11 05:46:36.761712'),
(1069, 207, 24, '0.8', '90', '2021-11-11 05:46:54.097636'),
(1070, 208, 4, '4.5', 'needed ', '2021-11-11 05:50:49.707477'),
(1071, 208, 45, '1', '5', '2021-11-11 05:50:56.575133'),
(1072, 208, 51, '6.5', '60', '2021-11-11 05:51:14.153365'),
(1073, 208, 94, '10', 'single ', '2021-11-11 05:51:33.431570'),
(1074, 209, 26, '1', 'needed ', '2021-11-11 05:54:22.450739'),
(1075, 209, 23, '0.5', 'cont.', '2021-11-11 05:54:50.137545'),
(1076, 211, 16, '0.7', 'needed ', '2021-11-11 06:00:10.307537'),
(1077, 211, 23, '0.5', 'cont.', '2021-11-11 06:00:17.158105'),
(1078, 211, 26, '1', 'needed ', '2021-11-11 06:00:28.716211'),
(1079, 211, 21, '0.5', 'needed ', '2021-11-11 06:01:50.862690'),
(1080, 210, 4, '5', 'needed ', '2021-11-11 06:06:12.154868'),
(1081, 210, 10, '4', '6', '2021-11-11 06:06:19.646321'),
(1082, 210, 45, '1', '5', '2021-11-11 06:06:29.046354'),
(1083, 210, 48, '1', 'needed ', '2021-11-11 06:06:33.769301'),
(1084, 210, 41, '1', '5', '2021-11-11 06:06:42.385083'),
(1085, 210, 51, '6.5', '60', '2021-11-11 06:06:53.506654'),
(1086, 213, 80, '4', '7', '2021-11-11 06:23:02.412902'),
(1087, 213, 21, '1', 'needed ', '2021-11-11 06:23:17.315555'),
(1088, 213, 26, '1', 'needed ', '2021-11-11 06:23:21.927247'),
(1089, 213, 39, '3', '6', '2021-11-11 06:23:37.340523'),
(1090, 213, 170, '5.5', 'needed ', '2021-11-11 06:23:48.634438'),
(1091, 213, 24, '0.7', '90', '2021-11-11 06:24:19.231210'),
(1092, 213, 23, '0.5', 'cont.', '2021-11-11 06:24:37.774310'),
(1093, 214, 98, '3.5', '30', '2021-11-11 06:28:06.050672'),
(1094, 214, 67, '2.5', '90', '2021-11-11 06:28:19.784869'),
(1095, 214, 71, '1', '7', '2021-11-11 06:28:27.864246'),
(1096, 214, 44, '1', 'needed ', '2021-11-11 06:28:32.487249'),
(1097, 214, 94, '10', 'single ', '2021-11-11 06:29:07.140789'),
(1098, 215, 61, '2', '7', '2021-11-11 06:32:23.741358'),
(1099, 215, 13, '0.7', '6', '2021-11-11 06:32:42.155341'),
(1100, 215, 63, '2', 'cont.', '2021-11-11 06:32:56.613283'),
(1101, 215, 2, '1.7', '7', '2021-11-11 06:33:28.038786'),
(1102, 215, 11, '2', '7', '2021-11-11 06:33:44.937120'),
(1103, 215, 21, '0.8', 'needed ', '2021-11-11 06:33:57.736252'),
(1104, 215, 23, '0.5', 'cont.', '2021-11-11 06:34:19.721249'),
(1105, 216, 16, '0.7', 'needed ', '2021-11-11 06:41:08.916088'),
(1106, 216, 26, '1', 'needed ', '2021-11-11 06:41:16.313027'),
(1107, 216, 23, '0.5', 'cont.', '2021-11-11 06:41:44.908490'),
(1108, 216, 21, '0.75', 'needed ', '2021-11-11 06:42:11.420790'),
(1109, 217, 10, '5', '7', '2021-11-11 06:46:34.077616'),
(1110, 217, 42, '1', '6', '2021-11-11 06:46:40.889979'),
(1111, 217, 51, '7', '60', '2021-11-11 06:47:25.662638'),
(1112, 217, 146, '6', 'needed ', '2021-11-11 06:47:41.423739'),
(1113, 217, 38, '5', '6', '2021-11-11 06:48:19.168542'),
(1114, 218, 100, '4', '5', '2021-11-11 06:54:48.699667'),
(1115, 218, 64, '\"', '7', '2021-11-11 06:55:39.329435'),
(1116, 219, 2, '3', '6', '2021-11-11 07:03:23.980960'),
(1117, 219, 9, '5', '5', '2021-11-11 07:03:29.794981'),
(1118, 219, 5, '5.5', 'needed ', '2021-11-11 07:03:37.098942'),
(1119, 219, 48, '0.5', 'needed ', '2021-11-11 07:03:42.459593'),
(1120, 219, 26, '1', 'needed ', '2021-11-11 07:03:49.984379'),
(1121, 219, 32, '4.5', '60', '2021-11-11 07:04:02.898792'),
(1122, 220, 15, '0.7', '6', '2021-11-11 07:09:04.617240'),
(1123, 220, 26, '1', 'needed ', '2021-11-11 07:09:12.669672'),
(1124, 220, 16, '0.7', 'needed ', '2021-11-11 07:09:23.149840'),
(1125, 220, 85, '1', '7', '2021-11-11 07:09:46.823757'),
(1126, 220, 137, '\"', '7', '2021-11-11 07:10:55.518615'),
(1127, 220, 23, '0.5', 'cont.', '2021-11-11 07:11:16.713807'),
(1128, 221, 16, '0.7', 'needed ', '2021-11-11 07:15:46.472793'),
(1129, 221, 26, '1', 'needed ', '2021-11-11 07:15:55.519761'),
(1130, 221, 23, '0.5', 'cont.', '2021-11-11 07:16:02.223317'),
(1131, 221, 25, '0.6', '7', '2021-11-11 07:16:15.394191'),
(1132, 222, 25, '0.7', '7', '2021-11-11 07:22:37.083065'),
(1133, 222, 16, '0.7', 'needed ', '2021-11-11 07:22:51.907114'),
(1134, 222, 26, '1', 'needed ', '2021-11-11 07:23:04.948341'),
(1135, 222, 23, '0.5', 'cont.', '2021-11-11 07:23:51.811699'),
(1136, 222, 172, '0.5', '60', '2021-11-11 07:24:10.886651'),
(1137, 223, 25, '0.7', '7', '2021-11-11 07:29:48.060346'),
(1138, 223, 16, '0.7', 'needed ', '2021-11-11 07:29:55.862801'),
(1139, 223, 26, '1', 'needed ', '2021-11-11 07:30:00.939844'),
(1140, 223, 15, '0.7', '5', '2021-11-11 07:30:15.078556'),
(1141, 223, 23, '0.5', 'cont.', '2021-11-11 07:30:26.761835'),
(1142, 224, 25, '0.4', '12', '2021-11-11 07:37:13.575072'),
(1143, 224, 127, '1.25', '30', '2021-11-11 07:38:17.339244'),
(1144, 224, 23, '0.5', 'cont.', '2021-11-11 07:39:34.125180'),
(1145, 224, 26, '1', 'needed ', '2021-11-11 07:40:26.493987'),
(1146, 225, 34, '1', '10', '2021-11-11 07:43:25.957838'),
(1147, 225, 11, '2', '5', '2021-11-11 07:43:42.284618'),
(1148, 225, 54, '0.35', '3', '2021-11-11 07:44:02.233424'),
(1149, 225, 26, '1', 'needed ', '2021-11-11 07:44:09.649189'),
(1150, 225, 36, '20', 'needed ', '2021-11-11 07:44:25.020369'),
(1151, 225, 23, '0.5', 'cont.', '2021-11-11 07:44:45.735967'),
(1152, 227, 71, '1', '14', '2021-11-11 07:47:25.691327'),
(1153, 227, 98, '3.5', '30', '2021-11-11 07:47:43.481792'),
(1154, 227, 128, '0.5', 'needed ', '2021-11-11 07:48:15.367889'),
(1155, 227, 40, '1', '5', '2021-11-11 07:48:49.771958'),
(1156, 229, 14, '0.7', '6', '2021-11-11 07:53:05.425648'),
(1157, 229, 18, '0.8', '6', '2021-11-11 07:53:17.108768'),
(1158, 229, 26, '1', 'needed ', '2021-11-11 07:53:35.602695'),
(1159, 229, 23, '0.5', 'cont.', '2021-11-11 07:53:47.861691'),
(1160, 229, 134, '0.5', '60', '2021-11-11 07:54:04.468263'),
(1161, 228, 13, '1', '5', '2021-11-11 07:56:58.121602'),
(1162, 228, 7, '3.5', '7', '2021-11-11 07:57:09.922900'),
(1163, 228, 9, '4.5', '5', '2021-11-11 07:57:19.635494'),
(1164, 228, 5, '4', 'needed ', '2021-11-11 07:57:28.873699'),
(1165, 228, 22, '0.4', 'needed ', '2021-11-11 07:57:41.976198'),
(1166, 228, 24, '0.7', '90', '2021-11-11 07:58:41.201220'),
(1167, 228, 23, '0.5', 'cont.', '2021-11-11 07:58:49.607813'),
(1168, 226, 7, '4', '7', '2021-11-11 08:00:47.695374'),
(1169, 226, 50, '2.5', '5', '2021-11-11 08:01:00.999572'),
(1170, 226, 1, '3.5', '7', '2021-11-11 08:01:17.025050'),
(1171, 226, 48, '0.5', 'needed ', '2021-11-11 08:01:24.388820'),
(1172, 226, 5, '4.5', 'needed ', '2021-11-11 08:01:33.998778'),
(1173, 226, 136, '4', '60', '2021-11-11 08:01:52.090163'),
(1174, 226, 61, '2', '6', '2021-11-11 08:02:00.002571'),
(1175, 230, 62, '2', 'cont.', '2021-11-11 08:04:45.709205'),
(1176, 230, 61, '2', '6', '2021-11-11 08:04:53.633760'),
(1177, 230, 2, '3', '6', '2021-11-11 08:05:03.816485'),
(1178, 230, 1, '3.5', '5', '2021-11-11 08:05:16.707329'),
(1179, 230, 4, '4.5', 'needed ', '2021-11-11 08:05:48.535597'),
(1181, 231, 55, '4', '90', '2021-11-11 08:09:54.220316'),
(1182, 231, 2, '2.5', '7', '2021-11-11 08:10:11.815672'),
(1183, 231, 37, '2.5', '6', '2021-11-11 08:10:27.935203'),
(1184, 231, 146, '2', 'needed ', '2021-11-11 08:10:56.093778'),
(1185, 232, 164, '1', '30', '2021-11-11 08:14:36.323007'),
(1186, 232, 51, '6.5', '30', '2021-11-11 08:15:30.344981'),
(1187, 233, 16, '0.6', 'needed ', '2021-11-11 08:20:32.548162'),
(1188, 233, 25, '0.6', '10', '2021-11-11 08:21:03.597255'),
(1189, 233, 35, '1', '3', '2021-11-11 08:21:17.638946'),
(1190, 233, 23, '0.5', 'cont.', '2021-11-11 08:21:33.746229'),
(1191, 233, 26, '1', 'needed ', '2021-11-11 08:21:57.468091'),
(1192, 234, 2, '2.5', '7', '2021-11-11 08:24:23.507378'),
(1193, 234, 55, '4', '60', '2021-11-11 08:24:31.564497'),
(1194, 234, 108, '4.5', '5', '2021-11-11 08:24:44.687433'),
(1195, 234, 9, '5', '6', '2021-11-11 08:24:56.810370'),
(1196, 234, 26, '1', 'needed ', '2021-11-11 08:25:07.524878'),
(1197, 234, 5, '5', 'needed ', '2021-11-11 08:25:12.802637'),
(1198, 235, 25, '0.5', '10', '2021-11-11 08:28:57.808765'),
(1199, 235, 16, '0.5', 'needed ', '2021-11-11 08:29:47.671834'),
(1200, 235, 26, '1', 'needed ', '2021-11-11 08:30:02.266528'),
(1201, 235, 23, '0.5', 'cont.', '2021-11-11 08:30:45.358371'),
(1202, 235, 134, '0.5', '60', '2021-11-11 08:31:09.467592'),
(1203, 236, 26, '1', 'needed ', '2021-11-11 08:35:45.675341'),
(1204, 236, 25, '0.8', '7', '2021-11-11 08:36:02.756571'),
(1205, 236, 16, '0.8', 'needed ', '2021-11-11 08:36:30.879658'),
(1206, 236, 14, '1', '5', '2021-11-11 08:36:43.771336'),
(1207, 236, 23, '0.5', 'cont.', '2021-11-11 08:37:06.702965'),
(1208, 237, 10, '4', '6', '2021-11-11 08:40:05.471350'),
(1209, 237, 1, '5', '5', '2021-11-11 08:40:20.874190'),
(1210, 237, 4, '5', 'needed ', '2021-11-11 08:40:39.475949'),
(1211, 237, 26, '1', 'needed ', '2021-11-11 08:40:45.322994'),
(1212, 237, 170, '7', 'needed ', '2021-11-11 08:40:59.800897'),
(1213, 238, 100, '3.5', '6', '2021-11-11 08:46:05.470773'),
(1214, 238, 57, '3.5', '12', '2021-11-11 08:46:19.241770'),
(1215, 238, 45, '1', '9', '2021-11-11 08:46:33.489705'),
(1216, 238, 119, '5.5', 'needed ', '2021-11-11 08:46:50.550789'),
(1217, 238, 89, '\"', '12', '2021-11-11 08:47:31.555980'),
(1218, 239, 13, '1', '5', '2021-11-11 08:49:15.480525'),
(1219, 239, 2, '2.5', '7', '2021-11-11 08:49:24.758668'),
(1220, 239, 11, '2.5', '6', '2021-11-11 08:49:37.291860'),
(1221, 239, 22, '0.4', 'needed ', '2021-11-11 08:49:49.999105'),
(1222, 239, 21, '1.3', 'needed ', '2021-11-11 08:49:58.063308'),
(1223, 239, 23, '0.5', 'cont.', '2021-11-11 08:50:32.410339'),
(1224, 241, 25, '0.5', '7', '2021-11-11 08:55:02.553410'),
(1225, 241, 16, '0.4', 'needed ', '2021-11-11 08:55:17.797930'),
(1226, 241, 23, '0.5', 'cont.', '2021-11-11 08:55:37.140160'),
(1227, 241, 172, '0.5', 'cont.', '2021-11-11 08:56:24.841948'),
(1228, 240, 25, '0.6', '7', '2021-11-11 09:02:39.248567'),
(1229, 240, 35, '1', '3', '2021-11-11 09:03:27.516028'),
(1230, 240, 16, '0.5', 'needed ', '2021-11-11 09:03:38.681947'),
(1231, 240, 23, '0.5', 'cont.', '2021-11-11 09:04:08.054703'),
(1232, 240, 15, '0.6', '5', '2021-11-11 09:04:46.305896'),
(1233, 242, 110, '6.5', '6', '2021-11-11 09:08:39.675736'),
(1234, 242, 94, '10', 's', '2021-11-11 09:08:55.083219'),
(1235, 242, 113, '1', 'needed ', '2021-11-11 09:09:14.207731'),
(1236, 242, 80, '4', '7', '2021-11-11 09:09:48.981429'),
(1237, 243, 27, '5', 'needed ', '2021-11-11 09:46:41.791583'),
(1238, 243, 45, '1', '7', '2021-11-11 09:46:50.923731'),
(1239, 243, 29, '6', '9', '2021-11-11 09:47:01.638098'),
(1240, 243, 36, '40', 'needed ', '2021-11-11 09:47:38.307522'),
(1241, 243, 146, '4.5', 'needed ', '2021-11-11 09:48:06.232806'),
(1242, 243, 163, '4.5', '4', '2021-11-11 09:48:19.741914'),
(1243, 244, 25, '0.8', '6', '2021-11-11 09:59:06.754539'),
(1244, 244, 34, '0.5', '14', '2021-11-11 09:59:34.056576'),
(1245, 244, 23, '0.5', 'cont.', '2021-11-11 10:00:00.713973'),
(1246, 244, 21, '0.75', 'needed ', '2021-11-11 10:00:15.345763'),
(1247, 244, 172, '0.5', '90', '2021-11-11 10:00:30.790309'),
(1248, 245, 16, '0.7', 'needed ', '2021-11-11 10:07:41.240028'),
(1249, 245, 121, '6', '15', '2021-11-11 10:08:00.848940'),
(1250, 245, 26, '1', 'needed ', '2021-11-11 10:08:14.795756'),
(1251, 245, 23, '0.5', 'cont.', '2021-11-11 10:08:30.326366'),
(1252, 245, 21, '0.6', 'needed ', '2021-11-11 10:09:00.001882'),
(1253, 246, 55, '5', '90', '2021-11-11 11:50:30.658053'),
(1254, 246, 10, '4', '7', '2021-11-11 11:50:44.365207'),
(1255, 246, 1, '5', '6', '2021-11-11 11:50:58.279704'),
(1256, 246, 3, '3', '5', '2021-11-11 11:51:09.027532'),
(1257, 246, 4, '5', 'needed ', '2021-11-11 11:51:24.636315'),
(1258, 246, 48, '1', 'needed ', '2021-11-11 11:51:30.421848'),
(1259, 248, 10, '5', '7', '2021-11-11 11:56:18.394057'),
(1260, 248, 1, '6', '5', '2021-11-11 11:56:27.350744'),
(1261, 248, 4, '6.5', 'needed ', '2021-11-11 11:56:35.602920'),
(1262, 248, 26, '2', 'needed ', '2021-11-11 11:56:45.446654'),
(1263, 249, 9, '6', '5', '2021-11-11 12:00:49.554236'),
(1264, 249, 55, '4.5', '60', '2021-11-11 12:01:02.852576'),
(1266, 249, 48, '1', 'needed ', '2021-11-11 12:01:22.572371'),
(1268, 249, 136, '4.5', '60', '2021-11-11 12:02:28.769833'),
(1269, 249, 146, '3', 'needed ', '2021-11-11 12:03:08.184070'),
(1270, 249, 2, '3', '7', '2021-11-11 12:03:25.442868'),
(1271, 249, 50, '2.5', '5', '2021-11-11 12:03:36.909174'),
(1272, 247, 54, '0.45', '3', '2021-11-11 12:07:00.470802'),
(1273, 247, 26, '1', 'needed ', '2021-11-11 12:07:06.277750'),
(1274, 247, 2, '3', '6', '2021-11-11 12:07:15.947891'),
(1275, 247, 9, '5', '5', '2021-11-11 12:07:23.282484'),
(1276, 247, 5, '5.5', 'needed ', '2021-11-11 12:08:09.157662'),
(1277, 247, 136, '4', '60', '2021-11-11 12:08:28.257549'),
(1278, 250, 113, '1', 'needed ', '2021-11-11 12:18:45.097257'),
(1279, 250, 64, '\"', '7', '2021-11-11 12:19:04.614947'),
(1280, 251, 4, '7', 'needed ', '2021-11-11 12:21:39.366666'),
(1282, 251, 43, '1', '6', '2021-11-11 12:24:40.832380'),
(1283, 251, 45, '1', '6', '2021-11-11 12:24:58.008477'),
(1284, 251, 110, '5', '7', '2021-11-11 12:25:43.796961'),
(1286, 251, 46, '1', 'needed ', '2021-11-11 12:26:30.259637'),
(1287, 251, 50, '1', '5', '2021-11-12 04:51:13.380904'),
(1289, 252, 2, '2', '7', '2021-11-12 04:53:56.539360'),
(1290, 252, 63, '2', '7', '2021-11-12 04:54:06.254373'),
(1291, 252, 11, '2.5', '6', '2021-11-12 04:54:39.027699'),
(1292, 252, 22, '0.4', 'needed ', '2021-11-12 04:54:50.078313'),
(1293, 252, 21, '1.2', 'needed ', '2021-11-12 04:55:17.567230'),
(1294, 252, 26, '1', 'needed ', '2021-11-12 04:55:43.482551'),
(1295, 252, 23, '0.5', 'cont.', '2021-11-12 04:56:04.614440'),
(1296, 253, 152, '1', '5', '2021-11-12 04:58:20.830241'),
(1297, 253, 35, '1', '3', '2021-11-12 04:58:44.171555'),
(1298, 253, 25, '0.7', '7', '2021-11-12 04:58:57.418308'),
(1299, 253, 26, '1', 'needed ', '2021-11-12 04:59:11.803261'),
(1300, 253, 23, '0.5', 'cont.', '2021-11-12 04:59:25.310881'),
(1302, 254, 102, '6.5', '45', '2021-11-12 05:03:00.780434'),
(1303, 254, 164, '1', '30', '2021-11-12 05:03:33.043591'),
(1304, 255, 26, '1', 'needed ', '2021-11-12 05:10:33.837640'),
(1305, 255, 21, '1.2', 'needed ', '2021-11-12 05:10:43.344509'),
(1306, 255, 2, '2.5', '7', '2021-11-12 05:11:02.061816'),
(1307, 255, 19, '0.8', '5', '2021-11-12 05:11:26.587191'),
(1308, 255, 23, '0.5', 'cont.', '2021-11-12 05:11:46.193381'),
(1309, 256, 5, '5', 'needed ', '2021-11-12 05:13:57.557544'),
(1310, 256, 93, '0.75', '3', '2021-11-12 05:14:37.473952'),
(1311, 256, 7, '4', '6', '2021-11-12 05:14:57.381715'),
(1312, 256, 9, '4.5', '5', '2021-11-12 05:15:06.344764'),
(1313, 256, 30, '4', '90', '2021-11-12 05:15:55.555287'),
(1314, 256, 26, '1', 'needed ', '2021-11-12 05:16:12.283525'),
(1315, 256, 175, '1', '7', '2021-11-12 05:16:38.300086'),
(1316, 256, 97, '2', '30', '2021-11-12 05:17:04.514984'),
(1317, 257, 36, '20', 'needed ', '2021-11-12 05:19:12.026148'),
(1318, 257, 34, '1', '14', '2021-11-12 05:19:23.810818'),
(1319, 257, 123, '1', '3', '2021-11-12 05:19:32.331444'),
(1320, 257, 72, '2.5', '5', '2021-11-12 05:19:50.190524'),
(1321, 257, 154, '2.5', '7', '2021-11-12 05:20:06.546670'),
(1322, 257, 22, '0.3', 'needed ', '2021-11-12 05:20:23.339419'),
(1323, 257, 21, '0.7', 'needed ', '2021-11-12 05:20:40.020988'),
(1324, 258, 170, '7', 'needed ', '2021-11-12 05:22:15.814434'),
(1325, 258, 98, '3.5', '30', '2021-11-12 05:22:31.439480'),
(1326, 258, 146, '4.5', 'needed ', '2021-11-12 05:22:50.613357'),
(1327, 258, 51, '7', '60', '2021-11-12 05:23:38.808103'),
(1328, 258, 94, '10', 'single ', '2021-11-12 05:23:50.447616'),
(1329, 259, 15, '0.7', '6', '2021-11-12 05:26:59.847186'),
(1330, 259, 26, '1', 'needed ', '2021-11-12 05:27:07.563411'),
(1331, 259, 23, '0.5', 'cont.', '2021-11-12 05:27:43.839775'),
(1332, 259, 16, '0.7', 'needed ', '2021-11-12 05:28:10.363901'),
(1333, 260, 2, '2.5', '7', '2021-11-12 05:30:34.991437'),
(1334, 260, 27, '4', 'needed ', '2021-11-12 05:30:45.825600'),
(1335, 260, 37, '2.5', '6', '2021-11-12 05:30:57.965956'),
(1336, 260, 108, '4', '5', '2021-11-12 05:31:32.122473'),
(1337, 260, 5, '4.5', 'needed ', '2021-11-12 05:32:14.668752'),
(1338, 260, 63, '2', '7', '2021-11-12 05:32:41.303698'),
(1339, 261, 25, '0.5', '10', '2021-11-12 05:36:34.019016'),
(1340, 261, 26, '1', 'needed ', '2021-11-12 05:36:50.612176'),
(1341, 261, 23, '0.5', 'cont.', '2021-11-12 05:37:04.243594'),
(1342, 261, 134, '0.5', '60', '2021-11-12 05:37:19.700524'),
(1343, 262, 62, '2', 'cont.', '2021-11-12 05:41:12.725552'),
(1344, 262, 63, '2', '7', '2021-11-12 05:41:25.240216'),
(1345, 262, 2, '2.5', '7', '2021-11-12 05:41:33.624577'),
(1346, 262, 9, '5.5', '5', '2021-11-12 05:41:50.891325'),
(1347, 262, 48, '1', 'needed ', '2021-11-12 05:42:05.750441'),
(1348, 262, 5, '5.5', 'needed ', '2021-11-12 05:42:15.688512'),
(1349, 263, 108, '4', '5', '2021-11-12 05:47:25.680281'),
(1350, 263, 154, '3.5', '7', '2021-11-12 05:47:52.031459'),
(1351, 263, 9, '5', '6', '2021-11-12 05:48:01.205543'),
(1352, 263, 22, '0.4', 'needed ', '2021-11-12 05:48:15.498386'),
(1353, 263, 5, '4', 'needed ', '2021-11-12 05:48:31.146992'),
(1354, 263, 136, '4', '60', '2021-11-12 05:48:50.826332'),
(1355, 264, 79, '5', '7', '2021-11-12 05:50:24.863090'),
(1356, 264, 136, '4', '7', '2021-11-12 05:50:33.380876'),
(1357, 264, 9, '4', '6', '2021-11-12 05:50:47.023325'),
(1358, 264, 5, '4.5', 'needed ', '2021-11-12 05:51:04.634496'),
(1359, 266, 26, '1', 'needed ', '2021-11-12 05:54:49.579860'),
(1360, 266, 21, '0.7', 'needed ', '2021-11-12 05:55:24.917132'),
(1361, 266, 14, '0.8', '6', '2021-11-12 05:55:51.300878'),
(1362, 266, 23, '0.5', 'cont.', '2021-11-12 05:56:04.378127'),
(1363, 265, 2, '2.5', '6', '2021-11-12 05:59:48.168677'),
(1364, 265, 11, '2', '6', '2021-11-12 06:00:00.335680'),
(1365, 265, 26, '1', 'needed ', '2021-11-12 06:00:07.323269'),
(1366, 265, 21, '1', 'needed ', '2021-11-12 06:00:15.033809'),
(1367, 265, 24, '0.7', '90', '2021-11-12 06:00:25.029613'),
(1368, 265, 23, '0.5', 'cont.', '2021-11-12 06:00:41.208226'),
(1369, 267, 7, '5', '7', '2021-11-12 06:03:04.981671'),
(1370, 267, 27, '5', 'needed ', '2021-11-12 06:03:15.252005'),
(1371, 267, 50, '2', '5', '2021-11-12 06:03:34.804016'),
(1372, 267, 55, '4.5', '45', '2021-11-12 06:03:52.881948'),
(1373, 267, 132, '6', 'needed ', '2021-11-12 06:04:02.541505'),
(1374, 267, 9, '5.5', '6', '2021-11-12 06:04:21.082306'),
(1375, 268, 10, '5.5', '7', '2021-11-12 06:05:53.119204'),
(1376, 268, 56, '1', '60', '2021-11-12 06:06:11.159357'),
(1377, 268, 73, '1.5', '5', '2021-11-12 06:06:40.401425'),
(1378, 268, 43, '1', '6', '2021-11-12 06:06:59.103855'),
(1379, 268, 146, '7', 'needed ', '2021-11-12 06:07:13.571993'),
(1380, 269, 7, '3.5', '7', '2021-11-12 06:10:31.527066'),
(1381, 269, 108, '4', '5', '2021-11-12 06:10:43.323817'),
(1382, 269, 55, '4', '60', '2021-11-12 06:11:01.609401'),
(1383, 269, 9, '5', '6', '2021-11-12 06:11:13.918949'),
(1384, 269, 26, '1', 'needed ', '2021-11-12 06:11:25.739353'),
(1385, 269, 170, '5.5', 'needed ', '2021-11-12 06:11:42.085871'),
(1386, 269, 5, '4', 'needed ', '2021-11-12 06:12:04.479773'),
(1387, 270, 26, '1', 'needed ', '2021-11-12 06:15:03.729702'),
(1388, 270, 23, '0.5', 'cont.', '2021-11-12 06:15:21.778182'),
(1389, 270, 21, '0.8', 'needed ', '2021-11-12 06:15:31.961028'),
(1390, 271, 27, '3.5', 'needed ', '2021-11-12 06:18:08.818786'),
(1392, 271, 33, '2.5', '10', '2021-11-12 06:18:35.202440'),
(1393, 271, 35, '1', '3', '2021-11-12 06:19:00.756446'),
(1394, 271, 65, '3.5', '4', '2021-11-12 06:19:16.550692'),
(1395, 271, 36, '40', 'needed ', '2021-11-12 06:19:44.677855'),
(1396, 271, 136, '5', '60', '2021-11-12 06:20:12.517058'),
(1397, 272, 7, '4', '7', '2021-11-12 06:22:50.892944'),
(1399, 272, 50, '2.5', '5', '2021-11-12 06:23:26.117150'),
(1400, 272, 9, '5.5', '6', '2021-11-12 06:23:39.476151'),
(1401, 272, 48, '0.5', 'needed ', '2021-11-12 06:23:52.930243'),
(1402, 272, 5, '5', 'needed ', '2021-11-12 06:24:10.745014'),
(1403, 272, 30, '4', '90', '2021-11-12 06:24:23.314124'),
(1404, 273, 61, '2', '7', '2021-11-12 06:26:04.309638'),
(1405, 273, 62, '2', 'cont.', '2021-11-12 06:26:13.905261'),
(1406, 273, 2, '3', '7', '2021-11-12 06:26:33.716716'),
(1407, 273, 27, '3', '5', '2021-11-12 06:26:55.665164'),
(1408, 274, 39, '2.5', '6', '2021-11-12 06:30:07.289165'),
(1409, 274, 54, '0.3', '3', '2021-11-12 06:30:24.930858'),
(1410, 274, 26, '1', 'needed ', '2021-11-12 06:30:36.717306'),
(1411, 274, 19, '0.7', '5', '2021-11-12 06:31:03.079444'),
(1412, 274, 23, '0.5', 'cont.', '2021-11-12 06:31:29.832113'),
(1413, 274, 135, '0.6', '90', '2021-11-12 06:31:54.819109'),
(1414, 275, 55, '3', '40', '2021-11-12 06:34:14.506977'),
(1415, 275, 21, '1', 'needed ', '2021-11-12 06:34:26.319703'),
(1416, 275, 39, '3', '7', '2021-11-12 06:34:59.892947'),
(1417, 275, 11, '2', '5', '2021-11-12 06:35:40.224151'),
(1418, 275, 23, '0.5', 'cont.', '2021-11-12 06:36:05.973913'),
(1419, 276, 55, '4', '60', '2021-11-12 06:38:39.487958'),
(1420, 276, 5, '5', 'needed ', '2021-11-12 06:38:57.635490'),
(1421, 276, 107, '4', 'needed ', '2021-11-12 06:39:18.087983'),
(1422, 276, 48, '1', 'needed ', '2021-11-12 06:39:34.987391'),
(1423, 276, 37, '2.5', '6', '2021-11-12 06:39:52.510001'),
(1424, 277, 63, '2', '5', '2021-11-12 06:43:21.707124'),
(1425, 277, 49, '3', '5', '2021-11-12 06:43:45.067702'),
(1426, 277, 14, '0.8', '6', '2021-11-12 06:44:10.096930'),
(1427, 277, 26, '1', 'needed ', '2021-11-12 06:44:23.394229'),
(1428, 278, 16, '0.7', 'needed ', '2021-11-12 06:48:20.176793'),
(1429, 278, 26, '1', 'needed ', '2021-11-12 06:48:32.171791'),
(1430, 278, 23, '0.5', 'cont.', '2021-11-12 06:48:46.925081'),
(1431, 278, 170, '2.5', 'needed ', '2021-11-12 06:49:37.267789'),
(1432, 279, 68, '1.5', '90', '2021-11-12 06:52:11.920342'),
(1433, 279, 135, '0.4', '90', '2021-11-12 06:52:23.037665'),
(1434, 279, 26, '1', 'needed ', '2021-11-12 06:52:35.408112'),
(1435, 279, 21, '0.6', 'needed ', '2021-11-12 06:52:53.499144'),
(1436, 281, 54, '0.2', '5', '2021-11-12 06:55:50.344378'),
(1437, 281, 18, '1', '5', '2021-11-12 06:56:10.118022'),
(1438, 281, 26, '1', 'needed ', '2021-11-12 06:57:11.777447'),
(1439, 281, 16, '0.7', 'needed ', '2021-11-12 06:57:26.693896'),
(1440, 281, 23, '0.5', 'cont.', '2021-11-12 06:57:45.427326'),
(1441, 282, 80, '4', '7', '2021-11-12 06:59:27.123719'),
(1442, 282, 16, '0.7', 'needed ', '2021-11-12 07:00:26.605682'),
(1443, 282, 23, '0.5', 'cont.', '2021-11-12 07:00:49.538534'),
(1444, 282, 26, '1', 'needed ', '2021-11-12 07:02:01.714271'),
(1445, 280, 154, '4', '7', '2021-11-12 07:04:18.091820'),
(1446, 280, 9, '5', '6', '2021-11-12 07:04:28.870136'),
(1447, 280, 26, '1', 'needed ', '2021-11-12 07:04:37.506706'),
(1448, 280, 97, '2', '30', '2021-11-12 07:05:09.248814'),
(1449, 280, 27, '4', 'needed ', '2021-11-12 07:05:18.179694'),
(1450, 280, 5, '5.5', 'needed ', '2021-11-12 07:05:34.026660'),
(1451, 280, 136, '5', '60', '2021-11-12 07:05:50.621552'),
(1452, 283, 123, '1', '3', '2021-11-12 07:08:58.535081'),
(1453, 283, 21, '0.75', 'needed ', '2021-11-12 07:09:32.365770'),
(1454, 283, 14, '1', '5', '2021-11-12 07:09:50.705975'),
(1455, 283, 152, '1', '5', '2021-11-12 07:09:58.043604'),
(1456, 283, 121, '6', '15', '2021-11-12 07:10:19.241794'),
(1457, 283, 23, '0.5', 'cont.', '2021-11-12 07:10:47.792004'),
(1458, 284, 154, '4', '5', '2021-11-12 07:12:31.849446'),
(1459, 284, 38, '2.5', '6', '2021-11-12 07:12:42.693884'),
(1460, 284, 5, '5', 'needed ', '2021-11-12 07:12:51.680006'),
(1461, 284, 32, '4', '90', '2021-11-12 07:13:20.313122'),
(1462, 284, 136, '4', '60', '2021-11-12 07:13:40.745679'),
(1463, 285, 55, '3.5', '7', '2021-11-12 07:16:06.181134'),
(1464, 285, 154, '3.5', '7', '2021-11-12 07:16:21.905012'),
(1465, 285, 11, '2', '6', '2021-11-12 07:16:56.238036'),
(1466, 285, 170, '3.5', 'needed ', '2021-11-12 07:17:13.629129'),
(1467, 286, 7, '5.5', '7', '2021-11-12 07:21:16.379837'),
(1468, 286, 9, '6', '5', '2021-11-12 07:21:24.849794'),
(1469, 286, 5, '6', 'needed ', '2021-11-12 07:21:36.884242'),
(1470, 286, 95, '5', '14', '2021-11-12 07:21:53.914005'),
(1471, 286, 87, '\"', '7', '2021-11-12 07:22:07.688043'),
(1472, 286, 136, '4.5', '60', '2021-11-12 07:22:21.392020'),
(1473, 287, 7, '4.5', '7', '2021-11-12 07:24:04.427682'),
(1474, 287, 3, '2', '5', '2021-11-12 07:24:24.695872'),
(1475, 287, 1, '3.5', '7', '2021-11-12 07:24:37.032323'),
(1476, 287, 48, '1', 'needed ', '2021-11-12 07:24:42.896449'),
(1477, 287, 5, '5.5', 'needed ', '2021-11-12 07:24:55.760507'),
(1478, 287, 136, '5', '60', '2021-11-12 07:25:16.502686'),
(1479, 288, 164, '1', '30', '2021-11-12 08:03:48.873760'),
(1480, 288, 170, '6.5', 'needed ', '2021-11-12 08:04:15.691374'),
(1481, 289, 37, '3', '5', '2021-11-12 08:09:48.054081'),
(1482, 289, 108, '5', '4', '2021-11-12 08:10:08.654700'),
(1483, 289, 154, '5', '7', '2021-11-12 08:10:38.959681'),
(1484, 289, 55, '4.5', '45', '2021-11-12 08:10:49.935479'),
(1485, 289, 5, '6', 'needed ', '2021-11-12 08:11:02.490095'),
(1486, 290, 104, '0.5', '10', '2021-11-12 08:14:56.477299'),
(1487, 290, 157, '3.5', '14', '2021-11-12 08:15:12.032678'),
(1488, 290, 97, '2.5', '60', '2021-11-12 08:15:31.956605'),
(1489, 290, 32, '5', '90', '2021-11-12 08:16:12.881314'),
(1490, 290, 95, '10', '14', '2021-11-12 08:16:39.915655'),
(1491, 291, 2, '2.5', '7', '2021-11-12 08:22:40.342878'),
(1492, 291, 54, '0.4', '3', '2021-11-12 08:22:53.559125'),
(1493, 291, 9, '5', '5', '2021-11-12 08:23:07.129109'),
(1494, 291, 26, '1', 'needed ', '2021-11-12 08:23:17.272932'),
(1495, 291, 29, '4', '12', '2021-11-12 08:24:05.162385'),
(1496, 291, 136, '4', '60', '2021-11-12 08:24:12.740666'),
(1497, 292, 10, '3.5', '7', '2021-11-12 08:26:51.918146'),
(1498, 292, 1, '4.5', '7', '2021-11-12 08:27:00.543995'),
(1500, 292, 3, '2.5', '5', '2021-11-12 08:27:29.947329'),
(1501, 292, 48, '1', 'needed ', '2021-11-12 08:27:41.785019'),
(1502, 292, 146, '4.5', 'needed ', '2021-11-12 08:27:53.876377'),
(1503, 292, 55, '5', '60', '2021-11-12 08:28:07.892422'),
(1504, 293, 11, '4', '7', '2021-11-12 08:30:29.572900'),
(1505, 293, 7, '5', '7', '2021-11-12 08:30:37.833143'),
(1506, 293, 3, '2', '5', '2021-11-12 08:30:57.252783'),
(1507, 293, 146, '3.5', 'needed ', '2021-11-12 08:31:14.068219'),
(1508, 293, 48, '1', 'needed ', '2021-11-12 08:31:22.919690'),
(1509, 293, 97, '2.5', '60', '2021-11-12 08:31:42.980277'),
(1510, 293, 136, '5', '60', '2021-11-12 08:31:54.638827'),
(1511, 293, 95, '5', '14', '2021-11-12 08:32:10.547335'),
(1512, 294, 127, '3.5', '30', '2021-11-12 08:40:36.091584'),
(1513, 294, 125, '1', '6', '2021-11-12 08:40:43.194405'),
(1514, 294, 81, '\"', '7', '2021-11-12 08:41:03.590435'),
(1515, 294, 5, '5.5', 'needed ', '2021-11-12 08:41:21.539375'),
(1516, 294, 37, '2.5', '6', '2021-11-12 08:41:30.462256'),
(1517, 296, 170, '7', 'needed ', '2021-11-12 08:45:35.414720'),
(1518, 296, 87, '\"', '10', '2021-11-12 08:46:12.774452'),
(1519, 296, 146, '5', 'needed ', '2021-11-12 08:46:23.986847'),
(1520, 295, 71, '1.5', '7', '2021-11-12 08:50:29.608815'),
(1521, 295, 113, '1', 'needed ', '2021-11-12 08:50:35.370942'),
(1522, 295, 115, '1.5', '6', '2021-11-12 08:50:57.122728'),
(1523, 295, 46, '1', 'needed ', '2021-11-12 08:51:09.166152'),
(1524, 295, 98, '4', '35', '2021-11-12 08:51:21.579679'),
(1525, 298, 38, '3', '5', '2021-11-12 08:53:32.568315'),
(1526, 298, 85, '1', '7', '2021-11-12 08:53:40.563152'),
(1527, 298, 109, '2.5', '4', '2021-11-12 08:53:58.492176'),
(1528, 298, 31, '5', '30', '2021-11-12 08:54:17.905484'),
(1529, 299, 16, '0.6', 'needed ', '2021-11-12 09:00:53.048908'),
(1530, 299, 25, '0.7', '7', '2021-11-12 09:01:07.408882'),
(1531, 299, 23, '0.5', 'cont.', '2021-11-12 09:02:18.987969'),
(1532, 299, 134, '0.5', '60', '2021-11-12 09:03:17.269678'),
(1533, 300, 25, '0.7', '7', '2021-11-12 09:07:12.828791'),
(1534, 300, 16, '0.7', 'needed ', '2021-11-12 09:07:22.705675'),
(1535, 300, 23, '0.5', 'cont.', '2021-11-12 09:07:33.807944'),
(1536, 300, 26, '1', 'needed ', '2021-11-12 09:07:45.645595'),
(1537, 301, 25, '0.6', '7', '2021-11-12 09:11:36.975076'),
(1538, 301, 21, '0.45', 'needed ', '2021-11-12 09:11:50.788679'),
(1539, 301, 23, '0.5', 'cont.', '2021-11-12 09:12:28.433363'),
(1540, 301, 16, '0.6', 'needed ', '2021-11-12 09:13:10.713447'),
(1541, 297, 7, '5', '5', '2021-11-12 09:50:35.737049'),
(1542, 297, 55, '5', '3', '2021-11-12 09:50:55.747213'),
(1543, 297, 37, '3', '5', '2021-11-12 09:51:10.588688'),
(1544, 297, 48, '1', 'needed ', '2021-11-12 09:51:16.631020'),
(1545, 297, 45, '1', '14', '2021-11-12 09:51:32.450270'),
(1546, 297, 146, '3.5', 'needed ', '2021-11-12 09:51:51.708451'),
(1547, 302, 41, '1', '5', '2021-11-12 09:53:45.696465'),
(1548, 302, 10, '5', '7', '2021-11-12 09:53:51.842119'),
(1549, 302, 73, '1', '5', '2021-11-12 09:54:18.220460'),
(1550, 302, 146, '6', 'needed ', '2021-11-12 09:54:29.600019'),
(1551, 302, 51, '7', '60', '2021-11-12 09:54:47.692353'),
(1552, 303, 10, '5', '7', '2021-11-12 10:01:21.128645'),
(1553, 303, 1, '6', '5', '2021-11-12 10:01:30.474400'),
(1554, 303, 146, '6.5', 'needed ', '2021-11-12 10:01:41.538308'),
(1555, 303, 102, '7', '60', '2021-11-12 10:01:54.449096'),
(1556, 303, 71, '1', '10', '2021-11-12 10:02:08.860556'),
(1557, 303, 128, '0.5', 'needed ', '2021-11-12 10:02:32.337843'),
(1558, 304, 98, '3.5', '35', '2021-11-12 10:06:12.600198'),
(1559, 304, 146, '4.5', 'needed ', '2021-11-12 10:06:38.291238'),
(1560, 304, 51, '6.5', '60', '2021-11-12 10:06:58.104656'),
(1561, 304, 67, '2.5', '90', '2021-11-12 10:07:15.162449'),
(1562, 304, 94, '10', 'single ', '2021-11-12 10:07:30.853536'),
(1563, 305, 157, '3.5', '14', '2021-11-12 10:11:19.548436'),
(1564, 305, 29, '5', '10', '2021-11-12 10:11:33.603059'),
(1565, 305, 59, '3', '5', '2021-11-12 10:11:48.782457'),
(1566, 305, 119, '5', 'needed ', '2021-11-12 10:12:05.556737'),
(1567, 305, 5, '6', 'needed ', '2021-11-12 10:12:32.734529'),
(1568, 305, 31, '5', '90', '2021-11-12 10:13:12.183100'),
(1569, 309, 2, '1.7', '7', '2021-11-12 10:18:20.686921'),
(1570, 309, 11, '1.8', '7', '2021-11-12 10:18:41.207374'),
(1571, 309, 63, '2', '7', '2021-11-12 10:18:59.806530'),
(1572, 309, 26, '1', 'needed ', '2021-11-12 10:19:20.024347'),
(1573, 309, 23, '0.5', 'cont.', '2021-11-12 10:19:53.366896'),
(1574, 308, 19, '0.65', '6', '2021-11-12 10:23:55.805544'),
(1575, 308, 14, '0.8', '6', '2021-11-12 10:24:20.752222'),
(1576, 308, 17, '0.65', '5', '2021-11-12 10:24:32.329833'),
(1577, 308, 21, '0.75', 'needed ', '2021-11-12 10:24:46.758783'),
(1578, 308, 23, '0.5', 'cont.', '2021-11-12 10:25:13.176227'),
(1579, 307, 7, '4', '7', '2021-11-12 10:27:43.438898'),
(1580, 307, 9, '5', '6', '2021-11-12 10:27:51.762050'),
(1581, 307, 50, '2.5', '5', '2021-11-12 10:28:02.399836'),
(1582, 307, 5, '5', 'needed ', '2021-11-12 10:28:09.830925'),
(1583, 307, 68, '2.5', '60', '2021-11-12 10:28:58.799503'),
(1584, 307, 24, '0.75', '60', '2021-11-12 10:29:22.331510'),
(1586, 306, 7, '4.5', '7', '2021-11-12 10:32:48.625851'),
(1587, 306, 48, '1', 'needed ', '2021-11-12 10:32:55.950994'),
(1588, 306, 3, '2', '5', '2021-11-12 10:33:24.558900'),
(1589, 306, 5, '5.5', 'needed ', '2021-11-12 10:33:41.853896'),
(1590, 306, 36, '20', 'needed ', '2021-11-12 10:34:15.528155'),
(1591, 306, 1, '3.5', '7', '2021-11-12 10:34:30.212720'),
(1592, 312, 146, '3.5', 'needed ', '2021-11-12 10:37:02.656989'),
(1593, 312, 10, '3', '7', '2021-11-12 10:37:19.627471'),
(1596, 312, 3, '2', '5', '2021-11-12 10:38:32.457666'),
(1598, 312, 27, '4.5', 'needed ', '2021-11-12 10:39:07.094889'),
(1599, 312, 37, '3', '5', '2021-11-12 10:39:27.111655'),
(1600, 311, 34, '0.7', '14', '2021-11-12 10:43:21.057971'),
(1601, 311, 35, '1', '3', '2021-11-12 10:43:38.637765'),
(1602, 311, 36, '20', 'needed ', '2021-11-12 10:43:55.813491'),
(1603, 311, 39, '3', '6', '2021-11-12 10:44:14.473512'),
(1604, 311, 11, '2', '5', '2021-11-12 10:44:25.234948'),
(1605, 311, 23, '0.5', 'cont.', '2021-11-12 10:44:44.539708'),
(1606, 313, 5, '7', 'needed ', '2021-11-12 10:46:54.686535'),
(1607, 313, 157, '3', '7', '2021-11-12 10:47:02.569492'),
(1608, 313, 97, '3', '30', '2021-11-12 10:47:27.017820'),
(1609, 313, 77, '\"', '21', '2021-11-12 10:48:13.422976'),
(1610, 313, 9, '6', '5', '2021-11-12 10:48:28.631469'),
(1611, 313, 136, '5', '90', '2021-11-12 10:48:45.049798'),
(1612, 310, 7, '4.5', '7', '2021-11-12 10:52:36.681672'),
(1613, 310, 3, '2', '5', '2021-11-12 10:52:59.218229'),
(1614, 310, 5, '5.5', 'needed ', '2021-11-12 10:53:10.622277'),
(1615, 310, 48, '1', 'needed ', '2021-11-12 10:53:19.836283'),
(1616, 310, 1, '3.5', '6', '2021-11-12 10:53:30.067534'),
(1617, 310, 30, '4.5', '60', '2021-11-12 10:53:52.062071'),
(1618, 314, 19, '0.8', '6', '2021-11-12 11:01:47.504930'),
(1619, 314, 39, '3', '7', '2021-11-12 11:02:04.696983'),
(1620, 314, 22, '0.35', 'needed ', '2021-11-12 11:02:25.263453'),
(1621, 314, 13, '0.8', '5', '2021-11-12 11:02:48.537058'),
(1622, 314, 21, '1', 'needed ', '2021-11-12 11:03:01.234492'),
(1623, 315, 2, '2.5', '7', '2021-11-12 11:05:59.479357'),
(1624, 315, 13, '0.8', '6', '2021-11-12 11:06:18.556514'),
(1625, 315, 11, '0.8', '6', '2021-11-12 11:06:38.072558'),
(1626, 315, 21, '1', 'needed ', '2021-11-12 11:06:55.902176'),
(1627, 315, 26, '1', 'needed ', '2021-11-12 11:07:08.448685'),
(1628, 315, 23, '0.5', 'cont.', '2021-11-12 11:07:22.577455'),
(1629, 316, 10, '4', '7', '2021-11-12 11:10:16.523442'),
(1630, 316, 1, '5', '6', '2021-11-12 11:10:21.758717'),
(1631, 316, 48, '1', 'needed ', '2021-11-12 11:10:33.327798'),
(1632, 316, 146, '5', 'needed ', '2021-11-12 11:10:41.841694'),
(1633, 316, 51, '6.5', '60', '2021-11-12 11:11:11.868331'),
(1634, 317, 26, '1', 'needed ', '2021-11-12 11:13:57.704110'),
(1635, 317, 23, '0.5', 'cont.', '2021-11-12 11:14:14.548403'),
(1636, 317, 21, '1', 'needed ', '2021-11-12 11:14:26.254846'),
(1637, 318, 13, '1', '5', '2021-11-12 11:17:34.841860'),
(1638, 318, 7, '3.5', '7', '2021-11-12 11:17:42.053451'),
(1639, 318, 11, '2', '6', '2021-11-12 11:17:57.651962'),
(1640, 318, 26, '1', 'needed ', '2021-11-12 11:18:09.438422'),
(1641, 318, 23, '0.5', 'cont.', '2021-11-12 11:18:55.829894'),
(1642, 318, 170, '4.5', 'needed ', '2021-11-12 11:19:14.928262'),
(1643, 318, 80, '4', '7', '2021-11-12 11:19:46.663909'),
(1644, 319, 63, '2', '7', '2021-11-12 11:21:50.527765'),
(1645, 319, 62, '2', 'cont.', '2021-11-12 11:22:00.278579'),
(1646, 319, 2, '2.5', '7', '2021-11-12 11:22:17.118204'),
(1647, 319, 38, '2.5', '6', '2021-11-12 11:23:20.313410'),
(1648, 319, 108, '5', '4', '2021-11-12 11:23:34.915286'),
(1650, 320, 146, '5', 'needed ', '2021-11-12 11:27:47.639213'),
(1651, 320, 157, '4', '5', '2021-11-12 11:27:55.367804'),
(1652, 320, 11, '5', '5', '2021-11-12 11:28:10.505889'),
(1653, 320, 51, '7', '60', '2021-11-12 11:28:37.476592'),
(1654, 321, 85, '1', '7', '2021-11-12 11:31:20.981355'),
(1655, 321, 23, '0.5', 'cont.', '2021-11-12 11:31:34.834680'),
(1656, 321, 134, '0.5', '60', '2021-11-12 11:31:54.345157'),
(1657, 322, 19, '0.5', '7', '2021-11-12 11:34:28.559337'),
(1658, 322, 133, '0.65', '7', '2021-11-12 11:35:02.592842'),
(1659, 322, 17, '0.5', '6', '2021-11-12 11:35:18.741937'),
(1660, 322, 22, '0.2', 'needed ', '2021-11-12 11:35:35.935633'),
(1661, 322, 16, '0.7', 'needed ', '2021-11-12 11:35:49.672068'),
(1662, 322, 21, '0.5', 'needed ', '2021-11-12 11:36:12.829688'),
(1663, 322, 23, '0.5', 'cont.', '2021-11-12 11:36:25.712802'),
(1664, 323, 10, '4.5', '6', '2021-11-12 11:39:44.617538'),
(1665, 323, 1, '5.5', '5', '2021-11-12 11:39:54.865013'),
(1666, 323, 71, '1', '6', '2021-11-12 11:40:03.905362'),
(1667, 323, 44, '1', 'needed ', '2021-11-12 11:40:21.841672'),
(1668, 323, 26, '1', 'needed ', '2021-11-12 11:41:16.617762'),
(1669, 323, 51, '7', '60', '2021-11-12 11:41:37.286614'),
(1670, 324, 25, '0.4', '10', '2021-11-12 11:47:11.920720'),
(1672, 324, 22, '0.1', 'needed ', '2021-11-12 11:48:58.043141'),
(1673, 324, 26, '1', 'needed ', '2021-11-12 11:49:24.644878'),
(1674, 325, 86, '3', '7', '2021-11-12 11:53:42.503472'),
(1675, 325, 21, '1.4', 'needed ', '2021-11-12 11:53:59.634283'),
(1676, 325, 55, '4', '7', '2021-11-12 11:54:22.801009'),
(1677, 325, 7, '4', '6', '2021-11-12 11:54:31.761725'),
(1678, 325, 9, '5', '5', '2021-11-12 11:54:54.195387'),
(1679, 326, 125, '1', '5', '2021-11-12 12:55:10.116514'),
(1680, 326, 146, '5', 'needed ', '2021-11-12 12:55:23.990710'),
(1681, 326, 41, '1', '6', '2021-11-12 12:55:37.817854'),
(1682, 326, 45, '1', '7', '2021-11-12 12:55:46.785788'),
(1683, 327, 10, '6', '6', '2021-11-12 12:59:24.323287'),
(1684, 327, 146, '7.5', 'needed ', '2021-11-12 12:59:36.609951'),
(1685, 327, 11, '6.5', '5', '2021-11-12 13:00:07.078348'),
(1686, 327, 157, '6', '5', '2021-11-12 13:00:25.725563'),
(1687, 328, 10, '4.5', '7', '2021-11-12 13:04:01.566000'),
(1688, 328, 41, '1', '5', '2021-11-12 13:04:10.899156'),
(1689, 328, 44, '1', 'needed ', '2021-11-12 13:04:18.758143'),
(1690, 328, 71, '1', '5', '2021-11-12 13:04:23.826165'),
(1691, 328, 26, '1', 'needed ', '2021-11-12 13:04:41.982353'),
(1692, 329, 113, '1', 'needed ', '2021-11-12 13:07:29.981343'),
(1693, 329, 142, '1', '5', '2021-11-12 13:07:46.835410'),
(1694, 329, 114, '1', '5', '2021-11-12 13:08:22.111916'),
(1695, 330, 64, '\"', '7', '2021-11-12 13:11:36.764773'),
(1696, 330, 146, '5', 'needed ', '2021-11-12 13:11:45.120463'),
(1697, 330, 119, '6.5', 'needed ', '2021-11-12 13:12:51.091487'),
(1698, 330, 157, '4', '7', '2021-11-12 13:13:27.261042'),
(1699, 331, 56, '1.5', '45', '2021-11-12 13:17:56.600737'),
(1700, 331, 88, '\"', '7', '2021-11-12 13:18:20.636657'),
(1701, 331, 71, '1.5', '6', '2021-11-12 13:18:58.792221'),
(1702, 331, 113, '1', 'needed ', '2021-11-12 13:19:06.177915'),
(1703, 331, 114, '1', '5', '2021-11-12 13:19:49.925739'),
(1704, 332, 2, '3', '7', '2021-11-12 13:22:46.020206'),
(1705, 332, 54, '0.6', '3', '2021-11-12 13:23:03.968442'),
(1706, 332, 9, '6', '5', '2021-11-12 13:23:14.844303'),
(1707, 332, 146, '3.5', 'needed ', '2021-11-12 13:23:34.129207'),
(1708, 332, 27, '5', 'needed ', '2021-11-12 13:23:47.775174'),
(1709, 333, 5, '4.5', 'needed ', '2021-11-12 13:27:31.279403'),
(1710, 333, 24, '0.8', '90', '2021-11-12 13:27:47.760839'),
(1711, 333, 23, '0.5', 'cont.', '2021-11-12 13:28:03.075957'),
(1712, 334, 157, '2.5', '12', '2021-11-12 13:30:42.225262'),
(1713, 334, 5, '4.5', 'needed ', '2021-11-12 13:30:55.160786'),
(1714, 334, 7, '3.5', '7', '2021-11-12 13:31:05.861047'),
(1716, 334, 9, '5', '6', '2021-11-12 13:31:31.705963'),
(1717, 334, 48, '0.5', 'needed ', '2021-11-12 13:31:42.393652'),
(1718, 334, 97, '2', '60', '2021-11-12 13:31:53.632723'),
(1719, 334, 24, '0.7', '90', '2021-11-12 13:32:10.460021'),
(1720, 335, 146, '4.5', 'needed ', '2021-11-12 13:34:54.584935'),
(1721, 335, 157, '4', '7', '2021-11-12 13:35:03.823612'),
(1722, 335, 42, '1.5', '5', '2021-11-12 13:35:18.303477'),
(1723, 335, 48, '1', 'needed ', '2021-11-12 13:35:32.287691'),
(1724, 335, 97, '3', '50', '2021-11-12 13:35:55.402608'),
(1726, 336, 26, '1', 'needed ', '2021-11-12 13:40:03.941346'),
(1728, 336, 5, '5', 'needed ', '2021-11-12 13:40:29.423206'),
(1730, 336, 55, '4', '30', '2021-11-12 13:42:22.390129'),
(1731, 336, 38, '2.5', '6', '2021-11-12 13:42:42.068483'),
(1746, 335, 135, '1', '7', '2021-11-12 18:25:51.110308'),
(1747, 335, 1, '1', 'needed ', '2021-11-12 18:26:19.680801'),
(1748, 335, 74, '7', '\"', '2021-11-12 18:26:46.516223'),
(1749, 337, 133, '0.7', '6', '2021-11-13 04:55:41.885298'),
(1750, 337, 17, '0.55', '5', '2021-11-13 04:55:52.477528'),
(1751, 337, 18, '1', '5', '2021-11-13 04:56:10.482724'),
(1752, 337, 23, '0.5', '\"', '2021-11-13 04:56:33.899324'),
(1753, 337, 26, '1', 'needed ', '2021-11-13 04:57:05.261386'),
(1754, 338, 157, '3.5', '10', '2021-11-13 05:01:52.316943'),
(1755, 338, 29, '5', '10', '2021-11-13 05:02:04.880702'),
(1756, 338, 97, '2.5', '28', '2021-11-13 05:02:58.230655'),
(1757, 338, 146, '4.5', '\"', '2021-11-13 05:03:33.067919'),
(1758, 338, 102, '6.5', '60', '2021-11-13 05:04:02.607573'),
(1759, 339, 63, '2', '4', '2021-11-13 05:06:18.353979'),
(1760, 339, 62, '2', '180', '2021-11-13 05:06:40.404962'),
(1761, 339, 13, '1', '5', '2021-11-13 05:07:04.890091'),
(1762, 339, 187, '2', '6', '2021-11-13 05:07:23.056070'),
(1763, 339, 38, '2.5', '6', '2021-11-13 05:07:41.393241'),
(1764, 340, 19, '0.65', '5', '2021-11-13 05:12:18.436509'),
(1766, 340, 5, '3', '\"', '2021-11-13 05:13:01.412297'),
(1767, 340, 13, '0.65', '5', '2021-11-13 05:13:21.486675'),
(1768, 340, 186, '1', '5', '2021-11-13 05:13:42.576065'),
(1769, 340, 151, '0.5', '\"', '2021-11-13 05:13:57.015415'),
(1770, 341, 63, '2', '5', '2021-11-13 05:17:20.219399'),
(1771, 341, 21, '1', 'needed ', '2021-11-13 05:17:55.126182'),
(1772, 341, 19, '0.8', '6', '2021-11-13 05:18:14.198711'),
(1773, 341, 13, '0.9', '5', '2021-11-13 05:18:36.361707'),
(1774, 341, 187, '1.5', '6', '2021-11-13 05:18:58.655976'),
(1775, 341, 23, '0.5', '\"', '2021-11-13 05:19:26.268873'),
(1776, 342, 187, '2.5', '6', '2021-11-13 05:21:14.519291'),
(1777, 342, 19, '0.85', '6', '2021-11-13 05:21:35.476261'),
(1778, 342, 22, '0.4', '\"', '2021-11-13 05:21:51.100687'),
(1779, 343, 38, '2.5', '6', '2021-11-13 05:26:19.157851'),
(1780, 343, 3, '2', '5', '2021-11-13 05:26:36.398614'),
(1781, 343, 55, '5', '60', '2021-11-13 05:26:52.426160'),
(1782, 343, 88, '\"', '7', '2021-11-13 05:27:06.176209'),
(1783, 343, 154, '5', '7', '2021-11-13 05:27:43.584932'),
(1784, 343, 136, '5', '60', '2021-11-13 05:27:57.565167'),
(1785, 344, 122, '1', '\"', '2021-11-13 05:30:34.762449'),
(1786, 344, 149, '5', '6', '2021-11-13 05:30:49.257353'),
(1787, 344, 71, '1', '7', '2021-11-13 05:31:10.703552'),
(1789, 344, 41, '1', '5', '2021-11-13 05:32:05.229494'),
(1790, 344, 69, '7', '60', '2021-11-13 05:32:23.462725'),
(1791, 344, 98, '4', '30', '2021-11-13 05:33:20.622666'),
(1792, 345, 15, '0.5', '6', '2021-11-13 05:41:50.022486'),
(1793, 345, 23, '0.5', '\"', '2021-11-13 05:41:59.142153'),
(1794, 345, 18, '0.7', '6', '2021-11-13 05:42:16.962218'),
(1795, 345, 26, '1', '\"', '2021-11-13 05:42:31.815169'),
(1796, 345, 16, '0.5', '\"', '2021-11-13 05:43:21.245056'),
(1797, 345, 21, '0.4', '\"', '2021-11-13 05:43:41.071309'),
(1798, 346, 7, '4.5', '7', '2021-11-13 05:47:08.851913'),
(1799, 346, 9, '5.5', '5', '2021-11-13 05:47:18.117839'),
(1800, 346, 26, '1', '\"', '2021-11-13 05:47:29.991658'),
(1801, 346, 136, '4', '60', '2021-11-13 05:47:44.689486'),
(1802, 348, 20, '1', '5', '2021-11-13 05:49:59.896472'),
(1803, 348, 133, '0.8', '6', '2021-11-13 05:50:14.488245'),
(1804, 348, 26, '1', '\"', '2021-11-13 05:50:31.106737'),
(1805, 348, 17, '0.6', '5', '2021-11-13 05:51:11.333462'),
(1806, 348, 23, '0.5', '\"', '2021-11-13 05:51:25.100997'),
(1807, 348, 135, '0.5', '90', '2021-11-13 05:51:51.789115'),
(1808, 347, 16, '0.8', '\"', '2021-11-13 05:55:32.581422'),
(1809, 347, 23, '0.5', '\"', '2021-11-13 05:55:56.738532'),
(1810, 347, 26, '1', '\"', '2021-11-13 05:56:08.697093'),
(1811, 347, 121, '6', '14', '2021-11-13 05:56:22.638463'),
(1812, 347, 54, '0.25', '5', '2021-11-13 05:56:58.102790'),
(1813, 349, 133, '0.8', '6', '2021-11-13 05:58:27.918280'),
(1814, 349, 26, '1', '\"', '2021-11-13 05:59:26.588451'),
(1815, 349, 18, '1', '5', '2021-11-13 05:59:44.213551'),
(1816, 349, 16, '0.7', '\"', '2021-11-13 05:59:58.206805'),
(1817, 349, 23, '0.5', '\"', '2021-11-13 06:00:24.025200'),
(1820, 350, 15, '0.8', '6', '2021-11-13 06:07:04.020506'),
(1821, 350, 18, '1', '5', '2021-11-13 06:07:14.501102'),
(1822, 350, 35, '1', '3', '2021-11-13 06:07:29.456690'),
(1823, 350, 16, '0.7', '\"', '2021-11-13 06:08:06.503446'),
(1824, 351, 16, '0.6', '\"', '2021-11-13 06:12:58.427280'),
(1825, 351, 21, '0.5', '\"', '2021-11-13 06:13:11.927506'),
(1826, 351, 20, '0.8', '5', '2021-11-13 06:13:56.881964'),
(1827, 351, 15, '0.7', '6', '2021-11-13 06:14:28.600054'),
(1828, 351, 26, '1', '\"', '2021-11-13 06:14:36.171330'),
(1829, 352, 45, '1', '10', '2021-11-13 06:17:47.886790'),
(1830, 352, 95, '10', '\"', '2021-11-13 06:18:26.061354'),
(1831, 352, 97, '3', '28', '2021-11-13 06:18:48.130678'),
(1832, 352, 51, '6.5', '60', '2021-11-13 06:19:02.900677'),
(1833, 353, 56, '2', '5', '2021-11-13 06:22:45.714061'),
(1834, 353, 113, '1', '\"', '2021-11-13 06:23:00.326510'),
(1835, 353, 114, '1', '5', '2021-11-13 06:23:26.782713'),
(1836, 354, 19, '0.6', '7', '2021-11-13 06:26:20.317763'),
(1837, 354, 133, '0.7', '6', '2021-11-13 06:26:34.574277'),
(1838, 354, 26, '1', '\"', '2021-11-13 06:26:45.518755'),
(1839, 354, 21, '0.7', '\"', '2021-11-13 06:27:06.358170'),
(1840, 354, 23, '0.5', '\"', '2021-11-13 06:27:23.260067'),
(1841, 354, 17, '0.6', '5', '2021-11-13 06:27:41.104833'),
(1842, 355, 108, '5', '4', '2021-11-13 06:29:22.617901'),
(1843, 355, 55, '5', '45', '2021-11-13 06:29:36.924202'),
(1844, 355, 26, '1', '\"', '2021-11-13 06:29:55.426085'),
(1845, 355, 154, '5', '6', '2021-11-13 06:30:21.232046'),
(1846, 355, 31, '5', '60', '2021-11-13 06:30:28.960612'),
(1847, 356, 16, '0.7', '\"', '2021-11-13 06:34:48.624893'),
(1848, 356, 54, '0.2', '5', '2021-11-13 06:35:01.446579'),
(1849, 356, 26, '1', '\"', '2021-11-13 06:35:23.044271'),
(1850, 356, 68, '1.5', '60', '2021-11-13 06:35:35.498153'),
(1851, 357, 45, '1', '14', '2021-11-13 06:38:44.665895'),
(1852, 357, 41, '1', '6', '2021-11-13 06:38:57.900166'),
(1853, 357, 119, '6', '\"', '2021-11-13 06:39:12.972406'),
(1854, 357, 29, '5.5', '10', '2021-11-13 06:39:37.021342'),
(1855, 357, 67, '2.5', '90', '2021-11-13 06:40:24.709817'),
(1856, 358, 26, '1', '\"', '2021-11-13 06:43:41.554024'),
(1857, 358, 81, '\"', '7', '2021-11-13 06:43:57.282424'),
(1858, 358, 16, '0.7', '\"', '2021-11-13 06:44:11.717681'),
(1859, 358, 54, '0.2', '5', '2021-11-13 06:44:47.693234'),
(1860, 358, 21, '0.6', '\"', '2021-11-13 06:45:08.290162'),
(1861, 358, 23, '0.5', '\"', '2021-11-13 06:45:25.846377'),
(1862, 359, 60, '3.5', '4', '2021-11-13 06:50:58.880488'),
(1863, 359, 121, '6', '14', '2021-11-13 06:51:12.210451'),
(1864, 359, 23, '0.5', '\"', '2021-11-13 06:51:33.482765'),
(1865, 359, 16, '1', '\"', '2021-11-13 06:51:43.986868'),
(1866, 359, 90, '\"', '7', '2021-11-13 06:52:10.491904'),
(1867, 360, 71, '1.5', '7', '2021-11-13 06:54:21.401394'),
(1868, 360, 29, '7', '7', '2021-11-13 06:54:31.610392'),
(1869, 360, 36, '40', '\"', '2021-11-13 06:54:52.286717'),
(1870, 360, 128, '0.5', '\"', '2021-11-13 06:55:12.961680'),
(1871, 360, 129, '1.5', '4', '2021-11-13 06:55:34.690990'),
(1872, 360, 46, '1', '\"', '2021-11-13 06:55:45.784467'),
(1873, 360, 69, '7.5', '60', '2021-11-13 06:56:09.976367');
INSERT INTO `tbl_medicine_for_generate_prescription` (`MG_Id`, `User_Id`, `M_Id`, `MG_medicine`, `MG_Day`, `MG_Date`) VALUES
(1874, 360, 44, '1.5', '\"', '2021-11-13 06:56:20.939298'),
(1875, 360, 94, '10', '\"', '2021-11-13 06:56:53.357085'),
(1876, 361, 21, '1.2', '\"', '2021-11-13 06:59:42.634680'),
(1877, 361, 22, '0.4', '\"', '2021-11-13 07:00:02.286845'),
(1878, 361, 13, '1', '5', '2021-11-13 07:00:19.122022'),
(1879, 361, 187, '2.5', '7', '2021-11-13 07:00:36.567640'),
(1880, 361, 19, '1', '5', '2021-11-13 07:00:59.917672'),
(1881, 361, 23, '0.5', '\"', '2021-11-13 07:01:11.562203'),
(1882, 362, 26, '1', '\"', '2021-11-13 07:06:05.741264'),
(1883, 362, 15, '0.7', '7', '2021-11-13 07:06:13.445737'),
(1884, 362, 16, '0.65', '\"', '2021-11-13 07:06:27.781594'),
(1885, 362, 23, '0.5', '\"', '2021-11-13 07:07:07.647756'),
(1886, 363, 7, '4', '7', '2021-11-13 07:09:12.820728'),
(1888, 363, 108, '5', '4', '2021-11-13 07:09:47.088193'),
(1889, 363, 5, '5', '\"', '2021-11-13 07:10:06.547311'),
(1890, 363, 9, '5', '6', '2021-11-13 07:10:17.085502'),
(1891, 363, 97, '2', '30', '2021-11-13 07:10:34.957988'),
(1892, 364, 1, '3.5', '7', '2021-11-13 07:12:37.485552'),
(1893, 364, 79, '4', '7', '2021-11-13 07:12:53.774565'),
(1894, 364, 5, '5.5', '\"', '2021-11-13 07:13:14.709173'),
(1895, 364, 154, '4.5', '6', '2021-11-13 07:13:32.755614'),
(1896, 364, 31, '5', '60', '2021-11-13 07:13:41.471895'),
(1897, 364, 170, '6.5', '\"', '2021-11-13 07:14:17.387376'),
(1898, 365, 78, '\"', '60', '2021-11-13 07:17:21.696274'),
(1899, 365, 170, '6.5', '\"', '2021-11-13 07:18:02.065763'),
(1900, 365, 31, '5', '60', '2021-11-13 07:18:44.095455'),
(1901, 365, 97, '3', '25', '2021-11-13 07:19:41.855613'),
(1902, 366, 21, '1', '\"', '2021-11-13 07:23:26.559757'),
(1903, 366, 107, '3', '\"', '2021-11-13 07:23:47.873707'),
(1904, 366, 63, '2', '4', '2021-11-13 07:24:15.908648'),
(1905, 366, 16, '1.3', '\"', '2021-11-13 07:25:15.940294'),
(1906, 366, 15, '1', '5', '2021-11-13 07:25:34.199506'),
(1907, 366, 11, '2', '6', '2021-11-13 07:26:00.171922'),
(1908, 366, 23, '0.5', '\"', '2021-11-13 07:26:18.634191'),
(1909, 367, 71, '1', '5', '2021-11-13 07:30:08.705683'),
(1912, 367, 146, '7.5', 'needed ', '2021-11-13 07:30:57.276236'),
(1913, 367, 11, '7.5', '6', '2021-11-13 07:31:17.096780'),
(1914, 367, 46, '1', '\"', '2021-11-13 07:31:25.724306'),
(1915, 367, 10, '5', '7', '2021-11-13 07:31:37.353419'),
(1916, 367, 26, '2', '\"', '2021-11-13 07:31:52.817346'),
(1917, 367, 94, '10', '\"', '2021-11-13 07:32:19.986544'),
(1918, 368, 80, '4', '7', '2021-11-13 07:35:36.028863'),
(1919, 368, 16, '0.7', '\"', '2021-11-13 07:35:52.565842'),
(1920, 368, 15, '0.7', '6', '2021-11-13 07:36:03.998523'),
(1921, 368, 18, '0.8', '6', '2021-11-13 07:36:36.698564'),
(1922, 368, 21, '0.5', '\"', '2021-11-13 07:37:06.230195'),
(1923, 368, 23, '0.5', '\"', '2021-11-13 07:37:20.805370'),
(1924, 369, 63, '2', '5', '2021-11-13 07:41:47.464702'),
(1925, 369, 2, '3', '7', '2021-11-13 07:41:58.685730'),
(1926, 369, 1, '3.5', '6', '2021-11-13 07:43:29.187781'),
(1927, 369, 82, '\"', '\"', '2021-11-13 07:44:08.931090'),
(1928, 369, 74, '7.5', '\"', '2021-11-13 07:44:36.102748'),
(1929, 369, 67, '2.5', '60', '2021-11-13 07:45:01.750810'),
(1930, 370, 11, '2.5', '6', '2021-11-13 07:48:07.007669'),
(1931, 370, 2, '2.5', '7', '2021-11-13 07:48:18.310077'),
(1932, 370, 63, '2', '5', '2021-11-13 07:48:42.374645'),
(1933, 370, 22, '0.4', '\"', '2021-11-13 07:49:22.284961'),
(1934, 370, 13, '1', '5', '2021-11-13 07:49:47.928708'),
(1935, 370, 5, '4', '\"', '2021-11-13 07:50:15.029517'),
(1936, 371, 157, '3', '7', '2021-11-13 07:55:18.294952'),
(1938, 371, 49, '5.5', '5', '2021-11-13 07:56:07.826602'),
(1939, 371, 21, '7', '\"', '2021-11-13 07:56:22.327723'),
(1940, 371, 7, '5.5', '6', '2021-11-13 07:56:40.117901'),
(1941, 371, 119, '5.5', '\"', '2021-11-13 07:56:50.265117'),
(1942, 371, 30, '5.5', '90', '2021-11-13 07:57:00.476682'),
(1943, 372, 22, '0.35', '\"', '2021-11-13 07:59:49.920655'),
(1944, 372, 21, '1', '\"', '2021-11-13 08:00:04.994969'),
(1945, 372, 187, '2.5', '7', '2021-11-13 08:00:16.670759'),
(1946, 372, 63, '2', '4', '2021-11-13 08:00:34.562794'),
(1947, 372, 11, '2', '6', '2021-11-13 08:01:14.331991'),
(1948, 372, 26, '1', '\"', '2021-11-13 08:01:30.370547'),
(1949, 372, 23, '0.5', '\"', '2021-11-13 08:01:55.214846'),
(1950, 373, 25, '0.7', '7', '2021-11-13 08:05:08.174278'),
(1951, 373, 161, '0.7', '7', '2021-11-13 08:05:26.108416'),
(1952, 373, 151, '0.5', '\"', '2021-11-13 08:06:00.905610'),
(1953, 373, 26, '1', '\"', '2021-11-13 08:06:25.400525'),
(1954, 373, 15, '0.7', '5', '2021-11-13 08:07:00.084125'),
(1955, 374, 25, '0.6', '7', '2021-11-13 08:10:11.927977'),
(1957, 374, 16, '0.6', '\"', '2021-11-13 08:10:47.439274'),
(1958, 374, 151, '0.5', '\"', '2021-11-13 08:11:32.442096'),
(1959, 374, 26, '1', '\"', '2021-11-13 08:11:42.560693'),
(1961, 375, 17, '0.6', '6', '2021-11-13 08:19:51.616893'),
(1962, 375, 133, '0.8', '6', '2021-11-13 08:20:12.219190'),
(1963, 375, 19, '0.6', '7', '2021-11-13 08:20:28.692489'),
(1964, 375, 16, '0.8', '\"', '2021-11-13 08:20:43.926225'),
(1965, 375, 23, '0.5', '\"', '2021-11-13 08:21:00.630128'),
(1966, 377, 16, '0.5', '\"', '2021-11-13 08:23:40.814850'),
(1967, 377, 15, '0.5', '6', '2021-11-13 08:23:53.063224'),
(1968, 377, 18, '0.7', '5', '2021-11-13 08:24:03.942808'),
(1969, 377, 21, '0.4', '\"', '2021-11-13 08:24:14.484254'),
(1970, 377, 68, '1.5', '60', '2021-11-13 08:24:26.537592'),
(1971, 377, 134, '0.5', '60', '2021-11-13 08:24:46.802569'),
(1972, 377, 137, '\"', '7', '2021-11-13 08:25:24.816130'),
(1973, 377, 26, '1', '\"', '2021-11-13 08:25:35.507734'),
(1974, 376, 69, '6.5', '60', '2021-11-13 08:29:33.780697'),
(1975, 376, 44, '1', '\"', '2021-11-13 08:29:42.879419'),
(1976, 376, 94, '10', '\"', '2021-11-13 08:30:45.271376'),
(1977, 376, 67, '2.5', '60', '2021-11-13 08:31:00.576786'),
(1978, 378, 187, '2.5', '7', '2021-11-13 08:33:10.823155'),
(1979, 378, 175, '2.5', '5', '2021-11-13 08:33:27.816494'),
(1980, 378, 9, '5', '6', '2021-11-13 08:33:39.606520'),
(1981, 378, 48, '0.5', '\"', '2021-11-13 08:33:53.340496'),
(1982, 378, 5, '5', '\"', '2021-11-13 08:34:14.662677'),
(1983, 378, 136, '4', '60', '2021-11-13 08:34:32.866532'),
(1984, 378, 139, '\"', '7', '2021-11-13 08:34:46.148720'),
(1985, 379, 69, '6.5', '60', '2021-11-13 08:39:32.608326'),
(1986, 379, 98, '3.5', '30', '2021-11-13 08:40:34.337667'),
(1987, 379, 84, '\"', '10', '2021-11-13 08:40:47.794885'),
(1988, 379, 78, '\"', '60', '2021-11-13 08:41:02.282885'),
(1989, 379, 44, '1', '\"', '2021-11-13 08:41:25.207932'),
(1990, 380, 34, '1', '14', '2021-11-13 08:44:00.386793'),
(1991, 380, 35, '1', '3', '2021-11-13 08:44:11.865674'),
(1992, 380, 65, '3', '4', '2021-11-13 08:44:25.961661'),
(1993, 380, 36, '20', '\"', '2021-11-13 08:44:53.835759'),
(1994, 380, 21, '1', '\"', '2021-11-13 08:45:30.560503'),
(1995, 380, 68, '2', '60', '2021-11-13 08:45:45.577407'),
(1996, 380, 134, '1', '60', '2021-11-13 08:45:58.938667'),
(1997, 381, 16, '0.7', '\"', '2021-11-13 08:49:47.154717'),
(1998, 381, 151, '0.5', '\"', '2021-11-13 08:50:00.657559'),
(1999, 381, 21, '0.6', '\"', '2021-11-13 08:50:36.697861'),
(2000, 381, 26, '1', '\"', '2021-11-13 08:51:13.124148'),
(2001, 381, 80, '4', '7', '2021-11-13 08:51:26.436172'),
(2002, 382, 44, '1', '\"', '2021-11-13 08:54:39.183122'),
(2003, 382, 107, '7', '\"', '2021-11-13 08:54:57.814682'),
(2004, 382, 10, '3.5', '6', '2021-11-13 08:55:08.046748'),
(2005, 382, 41, '1', '6', '2021-11-13 08:55:16.633945'),
(2006, 382, 48, '1', '\"', '2021-11-13 08:55:30.211579'),
(2007, 382, 51, '6.5', '60', '2021-11-13 08:55:52.810318'),
(2008, 383, 93, '1', '3', '2021-11-13 08:59:39.076643'),
(2009, 383, 5, '4', '\"', '2021-11-13 09:00:01.492279'),
(2010, 383, 170, '7', '\"', '2021-11-13 09:00:19.168690'),
(2011, 383, 26, '2', '\"', '2021-11-13 09:01:03.850117'),
(2012, 383, 42, '1.5', '5', '2021-11-13 09:01:28.088852'),
(2013, 384, 63, '2', '4', '2021-11-13 09:03:57.574691'),
(2014, 384, 62, '2', '\"', '2021-11-13 09:04:11.188840'),
(2015, 384, 2, '2.5', '6', '2021-11-13 09:04:24.479138'),
(2016, 384, 9, '6', '5', '2021-11-13 09:04:41.279685'),
(2017, 385, 57, '4.5', '7', '2021-11-13 09:09:10.714897'),
(2018, 385, 82, '\"', '\"', '2021-11-13 09:09:56.161680'),
(2019, 385, 41, '1', '5', '2021-11-13 09:10:25.845685'),
(2020, 386, 2, '3', '6', '2021-11-13 09:51:14.570910'),
(2021, 386, 26, '1', '\"', '2021-11-13 09:51:29.304074'),
(2022, 386, 9, '5.5', '5', '2021-11-13 09:51:40.550974'),
(2023, 386, 54, '0.5', '3', '2021-11-13 09:51:55.092410'),
(2024, 386, 27, '4', '\"', '2021-11-13 09:52:19.537394'),
(2025, 387, 9, '5', '5', '2021-11-13 09:55:45.445855'),
(2026, 387, 7, '4', '6', '2021-11-13 09:56:00.476443'),
(2027, 387, 5, '5', '\"', '2021-11-13 09:56:15.765509'),
(2028, 387, 48, '0.5', '\"', '2021-11-13 09:56:31.737793'),
(2029, 387, 136, '4', '60', '2021-11-13 09:56:49.783550'),
(2030, 388, 45, '1', '10', '2021-11-13 09:59:08.194925'),
(2031, 388, 42, '1.5', '5', '2021-11-13 09:59:33.969059'),
(2032, 388, 26, '1', '\"', '2021-11-13 09:59:44.242662'),
(2033, 388, 29, '5.5', '10', '2021-11-13 10:00:01.044372'),
(2034, 388, 119, '5.5', '\"', '2021-11-13 10:00:19.999042'),
(2035, 389, 55, '4', '60', '2021-11-13 10:02:47.239539'),
(2036, 389, 9, '5.5', '5', '2021-11-13 10:03:05.723078'),
(2037, 389, 2, '3', '6', '2021-11-13 10:03:24.842843'),
(2038, 389, 26, '1', '\"', '2021-11-13 10:03:35.928976'),
(2039, 389, 48, '0.5', '\"', '2021-11-13 10:03:50.789696'),
(2040, 389, 23, '0.5', '\"', '2021-11-13 10:04:05.597738'),
(2041, 390, 85, '1', '7', '2021-11-13 10:06:47.485068'),
(2042, 390, 68, '1', '60', '2021-11-13 10:07:12.350583'),
(2043, 390, 134, '0.5', '60', '2021-11-13 10:07:34.852741'),
(2044, 391, 1, '4', '7', '2021-11-13 10:09:57.650267'),
(2045, 391, 7, '4', '7', '2021-11-13 10:10:07.655724'),
(2046, 391, 22, '0.5', '\"', '2021-11-13 10:10:24.874685'),
(2047, 391, 175, '2.5', '5', '2021-11-13 10:10:45.598128'),
(2048, 391, 55, '4', '60', '2021-11-13 10:11:09.246999'),
(2049, 391, 5, '5', '\"', '2021-11-13 10:11:26.635465'),
(2050, 392, 1, '3.5', '7', '2021-11-13 10:13:52.359329'),
(2051, 392, 7, '4', '7', '2021-11-13 10:14:01.324447'),
(2052, 392, 175, '2.5', '5', '2021-11-13 10:14:12.752864'),
(2053, 392, 27, '4', '\"', '2021-11-13 10:14:23.664673'),
(2054, 392, 5, '5', '\"', '2021-11-13 10:14:40.297191'),
(2055, 392, 136, '4', '60', '2021-11-13 10:15:00.619042'),
(2056, 393, 110, '5.5', '6', '2021-11-13 10:17:09.676668'),
(2057, 393, 124, '1.5', '5', '2021-11-13 10:17:42.409965'),
(2058, 393, 41, '1.5', '5', '2021-11-13 10:17:58.885151'),
(2059, 393, 146, '7.5', '\"', '2021-11-13 10:18:19.507230'),
(2060, 393, 46, '1', '\"', '2021-11-13 10:18:41.441863'),
(2061, 394, 16, '0.7', '\"', '2021-11-13 10:25:11.193674'),
(2062, 394, 121, '6', '14', '2021-11-13 10:25:30.800284'),
(2063, 394, 23, '0.5', '\"', '2021-11-13 10:25:47.984209'),
(2064, 394, 26, '1', '\"', '2021-11-13 10:26:01.601522'),
(2065, 395, 5, '6', '\"', '2021-11-13 10:29:56.709566'),
(2066, 395, 54, '0.5', '3', '2021-11-13 10:30:07.125308'),
(2067, 395, 2, '3', '6', '2021-11-13 10:30:20.153133'),
(2070, 396, 15, '0.6', '7', '2021-11-13 10:34:54.421361'),
(2071, 396, 63, '2', '5', '2021-11-13 10:35:05.062878'),
(2072, 396, 18, '0.8', '6', '2021-11-13 10:35:30.609063'),
(2073, 396, 26, '1', '\"', '2021-11-13 10:35:47.849431'),
(2074, 396, 21, '0.45', '\"', '2021-11-13 10:36:11.472498'),
(2075, 396, 22, '0.15', '\"', '2021-11-13 10:36:37.443096'),
(2076, 396, 23, '0.5', '\"', '2021-11-13 10:37:00.529862'),
(2077, 397, 62, '2', '\"', '2021-11-13 10:42:12.152548'),
(2078, 397, 63, '2', '5', '2021-11-13 10:42:39.753660'),
(2079, 397, 187, '2.5', '7', '2021-11-13 10:42:49.733429'),
(2080, 397, 55, '4', '60', '2021-11-13 10:43:18.114025'),
(2081, 397, 38, '2.5', '6', '2021-11-13 10:43:39.056731'),
(2082, 397, 48, '1', '\"', '2021-11-13 10:43:57.016698'),
(2083, 397, 5, '5.5', '\"', '2021-11-13 10:44:11.343714'),
(2084, 398, 110, '5', '7', '2021-11-13 10:46:40.715700'),
(2086, 398, 85, '1', '7', '2021-11-13 10:46:59.118912'),
(2087, 398, 55, '5.5', '60', '2021-11-13 10:47:25.765778'),
(2088, 398, 11, '6', '5', '2021-11-13 10:47:43.167589'),
(2089, 398, 146, '7', '\"', '2021-11-13 10:48:01.529990'),
(2090, 398, 94, '10', '\"', '2021-11-13 10:48:14.546680'),
(2091, 399, 69, '7.5', '60', '2021-11-13 10:52:41.563389'),
(2092, 399, 113, '1', '\"', '2021-11-13 10:52:51.816240'),
(2093, 400, 187, '2.5', '7', '2021-11-13 10:56:12.343422'),
(2094, 400, 26, '1', '\"', '2021-11-13 10:56:20.956336'),
(2095, 400, 9, '4.5', '5', '2021-11-13 10:56:29.545248'),
(2096, 400, 29, '3.5', '15', '2021-11-13 10:56:43.919224'),
(2097, 400, 5, '4', '\"', '2021-11-13 10:56:55.924821'),
(2098, 400, 135, '0.7', '60', '2021-11-13 10:57:47.482665'),
(2099, 401, 2, '3', '6', '2021-11-13 11:04:34.590016'),
(2100, 401, 97, '3', '30', '2021-11-13 11:04:57.414368'),
(2101, 401, 170, '7', '\"', '2021-11-13 11:05:31.097676'),
(2102, 401, 9, '6', '6', '2021-11-13 11:06:56.757538'),
(2103, 402, 69, '7', '60', '2021-11-13 11:13:04.795351'),
(2104, 402, 122, '1.5', '\"', '2021-11-13 11:13:42.175905'),
(2105, 403, 37, '3', '5', '2021-11-13 11:16:20.103685'),
(2106, 403, 55, '4.5', '5', '2021-11-13 11:16:38.631200'),
(2107, 403, 26, '1', '\"', '2021-11-13 11:16:47.309983'),
(2108, 403, 5, '5.5', '\"', '2021-11-13 11:17:08.225461'),
(2109, 403, 32, '5', '60', '2021-11-13 11:17:26.788911'),
(2110, 404, 156, '1', '3', '2021-11-13 11:20:13.682203'),
(2111, 404, 65, '4', '4', '2021-11-13 11:20:37.284210'),
(2112, 404, 126, '2.5', '10', '2021-11-13 11:21:02.334171'),
(2113, 404, 36, '20', '\"', '2021-11-13 11:21:23.988032'),
(2114, 404, 5, '6', '\"', '2021-11-13 11:21:42.743684'),
(2115, 404, 135, '0.8', '90', '2021-11-13 11:22:08.490783'),
(2116, 406, 71, '1', '7', '2021-11-13 11:36:04.076810'),
(2117, 406, 29, '6.5', '7', '2021-11-13 11:36:16.216904'),
(2118, 406, 40, '1', '5', '2021-11-13 11:36:27.680134'),
(2119, 406, 119, '7', '\"', '2021-11-13 11:36:50.344753'),
(2120, 406, 36, '40', '\"', '2021-11-13 11:37:06.750982'),
(2122, 407, 112, '5', '7', '2021-11-13 11:40:11.034494'),
(2123, 407, 114, '1', '5', '2021-11-13 11:40:30.686745'),
(2124, 407, 115, '1', '\"', '2021-11-13 11:40:55.024174'),
(2125, 405, 69, '6.5', '60', '2021-11-13 11:45:40.102270'),
(2126, 405, 67, '2.5', '60', '2021-11-13 11:45:56.935777'),
(2127, 405, 51, '6.5', '60', '2021-11-13 11:46:54.161766'),
(2128, 408, 82, '\"', '\"', '2021-11-13 11:58:34.576363'),
(2129, 408, 57, '2', '6', '2021-11-13 11:58:54.383462'),
(2130, 408, 23, '0.5', '\"', '2021-11-13 11:59:26.125461'),
(2131, 409, 2, '3', '7', '2021-11-13 12:01:46.785066'),
(2132, 409, 27, '5', '\"', '2021-11-13 12:01:54.841543'),
(2133, 409, 26, '1', '\"', '2021-11-13 12:02:11.343761'),
(2134, 409, 9, '6', '5', '2021-11-13 12:02:23.591585'),
(2135, 409, 31, '5', '60', '2021-11-13 12:02:36.360167'),
(2136, 410, 2, '3', '6', '2021-11-13 12:06:06.284889'),
(2137, 410, 9, '6', '5', '2021-11-13 12:06:31.409993'),
(2138, 410, 146, '3.5', '\"', '2021-11-13 12:07:07.899899'),
(2140, 410, 31, '5', '60', '2021-11-13 12:07:57.755868'),
(2141, 410, 30, '5', '60', '2021-11-13 12:09:45.996926'),
(2142, 411, 146, '6', '\"', '2021-11-13 12:13:23.510095'),
(2143, 411, 107, '9', '\"', '2021-11-13 12:13:39.981874'),
(2144, 411, 55, '6', '5', '2021-11-13 12:14:00.312527'),
(2145, 411, 26, '1', '\"', '2021-11-13 12:14:17.376107'),
(2146, 411, 71, '1', '5', '2021-11-13 12:14:34.685376'),
(2147, 411, 48, '1.5', '\"', '2021-11-13 12:14:46.628079'),
(2148, 411, 41, '1', '5', '2021-11-13 12:15:06.907893'),
(2149, 412, 149, '4', '7', '2021-11-13 12:18:25.967681'),
(2150, 412, 1, '4.5', '5', '2021-11-13 12:18:39.169678'),
(2151, 412, 146, '5', '\"', '2021-11-13 12:19:46.522693'),
(2152, 412, 26, '2', '\"', '2021-11-13 12:20:08.852572'),
(2153, 412, 27, '5.5', '\"', '2021-11-13 12:20:25.448671'),
(2154, 412, 63, '2', '4', '2021-11-13 12:21:33.986542'),
(2155, 413, 13, '1', '5', '2021-11-13 12:26:14.878098'),
(2156, 413, 187, '1.8', '6', '2021-11-13 12:26:30.119173'),
(2157, 413, 11, '2.5', '6', '2021-11-13 12:26:42.376111'),
(2158, 413, 26, '1', '\"', '2021-11-13 12:26:59.675117'),
(2159, 413, 21, '1.35', '\"', '2021-11-13 12:27:23.363375'),
(2160, 414, 69, '6.5', '60', '2021-11-13 12:30:48.010555'),
(2161, 414, 51, '6.5', '60', '2021-11-13 12:31:25.529792'),
(2162, 415, 110, '6', '6', '2021-11-13 12:56:52.859952'),
(2163, 415, 55, '6', '3', '2021-11-13 12:57:08.613351'),
(2164, 415, 122, '1.5', '\"', '2021-11-13 12:57:22.025109'),
(2181, 422, 6, '1', 'needed ', '2021-11-14 15:50:34.505959'),
(2182, 422, 168, 'dd', '20', '2021-11-14 15:52:18.851228'),
(2188, 424, 16, '0.5', '\"', '2021-11-15 04:50:02.328675'),
(2189, 424, 151, '1', '\"', '2021-11-15 04:50:31.300677'),
(2190, 424, 53, '0.5', '60', '2021-11-15 04:50:52.283649'),
(2191, 424, 158, '1', '7', '2021-11-15 04:51:36.462668'),
(2192, 423, 10, '3.5', '7', '2021-11-15 04:55:05.072615'),
(2193, 423, 1, '4.5', '6', '2021-11-15 04:55:14.446255'),
(2194, 423, 56, '1', '60', '2021-11-15 04:55:28.708503'),
(2195, 423, 44, '1', '\"', '2021-11-15 04:55:37.330529'),
(2196, 423, 48, '1', '\"', '2021-11-15 04:55:56.092665'),
(2197, 421, 23, '0.5', '\"', '2021-11-15 04:59:25.489694'),
(2198, 421, 16, '0.7', '\"', '2021-11-15 04:59:53.815713'),
(2199, 421, 53, '0.5', '60', '2021-11-15 05:00:27.323686'),
(2200, 420, 19, '0.7', '6', '2021-11-15 05:04:08.935709'),
(2201, 420, 39, '2.5', '7', '2021-11-15 05:04:23.617313'),
(2202, 420, 13, '0.7', '5', '2021-11-15 05:04:40.792655'),
(2203, 420, 22, '0.3', '\"', '2021-11-15 05:04:58.583819'),
(2204, 420, 23, '0.5', '\"', '2021-11-15 05:05:20.772142'),
(2205, 419, 63, '2', '5', '2021-11-15 05:07:14.839727'),
(2206, 419, 187, '1.7', '7', '2021-11-15 05:07:31.942440'),
(2207, 419, 19, '0.75', '6', '2021-11-15 05:07:48.148041'),
(2208, 419, 23, '0.5', '\"', '2021-11-15 05:08:11.902036'),
(2209, 418, 23, '0.5', '\"', '2021-11-15 05:12:50.447494'),
(2210, 418, 172, '0.5', '60', '2021-11-15 05:13:03.786045'),
(2211, 418, 16, '0.7', '\"', '2021-11-15 05:13:23.419690'),
(2212, 418, 26, '1', '\"', '2021-11-15 05:13:48.523680'),
(2213, 417, 186, '1', '5', '2021-11-15 05:18:19.396090'),
(2214, 417, 17, '0.65', '5', '2021-11-15 05:18:32.364987'),
(2215, 417, 19, '0.65', '5', '2021-11-15 05:18:48.308160'),
(2216, 417, 23, '0.5', '\"', '2021-11-15 05:19:03.203099'),
(2217, 425, 7, '3.5', '7', '2021-11-15 05:22:18.415108'),
(2218, 425, 13, '1', '5', '2021-11-15 05:22:41.074264'),
(2219, 425, 132, '4', '\"', '2021-11-15 05:23:10.525305'),
(2220, 425, 19, '0.8', '6', '2021-11-15 05:23:24.765938'),
(2221, 425, 24, '0.7', '90', '2021-11-15 05:23:51.094607'),
(2222, 426, 102, '6.5', '60', '2021-11-15 05:29:07.235187'),
(2223, 426, 146, '5.5', '\"', '2021-11-15 05:29:29.733875'),
(2224, 426, 98, '3.5', '30', '2021-11-15 05:30:31.267675'),
(2225, 426, 48, '1', '\"', '2021-11-15 05:30:38.879718'),
(2226, 426, 71, '1', '5', '2021-11-15 05:30:50.512419'),
(2227, 427, 18, '0.8', '6', '2021-11-15 05:35:24.652676'),
(2228, 427, 15, '0.6', '6', '2021-11-15 05:35:47.691544'),
(2229, 427, 26, '1', '\"', '2021-11-15 05:35:57.024858'),
(2230, 427, 23, '0.5', '\"', '2021-11-15 05:36:06.045144'),
(2231, 427, 21, '0.6', '\"', '2021-11-15 05:36:21.563082'),
(2232, 428, 111, '5', '6', '2021-11-15 05:39:12.736460'),
(2233, 428, 61, '2', '4', '2021-11-15 05:39:31.769670'),
(2234, 428, 62, '2', '60', '2021-11-15 05:39:45.719433'),
(2235, 428, 55, '6', '5', '2021-11-15 05:40:20.623718'),
(2236, 428, 44, '1.5', '\"', '2021-11-15 05:40:33.349554'),
(2237, 428, 43, '1', '5', '2021-11-15 05:41:12.844674'),
(2238, 429, 21, '0.6', '\"', '2021-11-15 05:44:20.228248'),
(2239, 429, 54, '0.2', '5', '2021-11-15 05:44:55.820503'),
(2240, 429, 18, '1', '5', '2021-11-15 05:45:04.116695'),
(2241, 429, 158, '1', '7', '2021-11-15 05:45:14.418023'),
(2242, 429, 26, '1', '\"', '2021-11-15 05:45:48.434505'),
(2243, 429, 23, '0.5', '\"', '2021-11-15 05:46:09.417804'),
(2245, 430, 154, '5', '6', '2021-11-15 05:48:24.269215'),
(2246, 430, 5, '6.5', '\"', '2021-11-15 05:48:38.376105'),
(2247, 430, 9, '6', '5', '2021-11-15 05:48:52.150134'),
(2248, 430, 97, '2.5', '30', '2021-11-15 05:49:03.094499'),
(2249, 430, 26, '1', '\"', '2021-11-15 05:49:19.606884'),
(2250, 430, 136, '5', '60', '2021-11-15 05:49:30.109327'),
(2251, 431, 7, '5', '7', '2021-11-15 05:52:21.899778'),
(2252, 431, 1, '4', '7', '2021-11-15 05:52:32.409128'),
(2253, 431, 55, '4.5', '90', '2021-11-15 05:52:44.344224'),
(2254, 431, 73, '1', '5', '2021-11-15 05:53:05.498012'),
(2255, 431, 48, '1', '\"', '2021-11-15 05:53:14.053661'),
(2256, 432, 161, '0.5', '6', '2021-11-15 05:56:20.694886'),
(2257, 432, 186, '20', '5', '2021-11-15 05:56:48.247977'),
(2258, 432, 18, '1', '5', '2021-11-15 05:56:59.708015'),
(2259, 432, 22, '0.25', '\"', '2021-11-15 05:57:18.660005'),
(2260, 432, 26, '1', '\"', '2021-11-15 05:57:42.908531'),
(2261, 432, 23, '0.5', '\"', '2021-11-15 05:57:56.538201'),
(2262, 433, 144, '1', '7', '2021-11-15 06:01:13.724484'),
(2263, 433, 149, '4', '7', '2021-11-15 06:01:25.693710'),
(2265, 433, 44, '1', '\"', '2021-11-15 06:01:50.090120'),
(2266, 433, 55, '5', '60', '2021-11-15 06:02:09.223685'),
(2267, 433, 48, '1', '\"', '2021-11-15 06:02:20.176898'),
(2268, 434, 19, '0.7', '7', '2021-11-15 06:04:18.572579'),
(2269, 434, 26, '1', '\"', '2021-11-15 06:04:40.370645'),
(2270, 434, 39, '2.5', '7', '2021-11-15 06:04:53.257045'),
(2271, 434, 13, '0.7', '6', '2021-11-15 06:05:09.636076'),
(2272, 434, 22, '0.3', '\"', '2021-11-15 06:05:51.104006'),
(2273, 434, 23, '0.5', '\"', '2021-11-15 06:06:04.687405'),
(2274, 435, 7, '4.5', '7', '2021-11-15 06:08:45.629481'),
(2275, 435, 175, '2.5', '5', '2021-11-15 06:08:55.377013'),
(2276, 435, 85, '1', '7', '2021-11-15 06:09:21.665956'),
(2277, 435, 21, '1.4', '\"', '2021-11-15 06:09:43.889819'),
(2278, 435, 107, '4.5', '\"', '2021-11-15 06:10:07.363789'),
(2279, 435, 1, '3.5', '7', '2021-11-15 06:10:29.215112'),
(2280, 435, 22, '0.5', '\"', '2021-11-15 06:10:41.371881'),
(2281, 436, 68, '1.5', '60', '2021-11-15 06:13:36.430269'),
(2282, 436, 134, '0.5', '60', '2021-11-15 06:13:55.035102'),
(2283, 436, 23, '0.5', '\"', '2021-11-15 06:14:12.309173'),
(2284, 436, 15, '0.5', '6', '2021-11-15 06:14:31.627065'),
(2285, 436, 87, '\"', '7', '2021-11-15 06:14:44.375078'),
(2286, 438, 7, '5.5', '7', '2021-11-15 06:19:13.939750'),
(2287, 438, 9, '6', '6', '2021-11-15 06:19:20.965458'),
(2288, 438, 48, '1', '\"', '2021-11-15 06:19:29.267689'),
(2289, 438, 97, '3', '30', '2021-11-15 06:19:46.759756'),
(2290, 438, 31, '5.5', '60', '2021-11-15 06:20:06.054089'),
(2291, 437, 64, '\"', '6', '2021-11-15 06:22:59.044388'),
(2292, 437, 1, '3.5', '7', '2021-11-15 06:25:31.052386'),
(2293, 437, 111, '3.5', '6', '2021-11-15 06:25:44.076582'),
(2294, 437, 4, '3.5', '\"', '2021-11-15 06:26:10.539773'),
(2295, 437, 105, '5.5', '7', '2021-11-15 06:26:44.120780'),
(2296, 437, 31, '5', '60', '2021-11-15 06:27:13.211404'),
(2297, 439, 54, '0.2', '6', '2021-11-15 06:31:12.285678'),
(2298, 439, 26, '1', '\"', '2021-11-15 06:31:37.494564'),
(2299, 439, 18, '0.8', '5', '2021-11-15 06:32:04.459602'),
(2300, 439, 23, '0.5', '\"', '2021-11-15 06:32:25.683497'),
(2301, 439, 16, '0.7', '\"', '2021-11-15 06:32:39.157637'),
(2302, 440, 157, '3.5', '10', '2021-11-15 06:36:27.323703'),
(2303, 440, 59, '3', '5', '2021-11-15 06:36:55.211523'),
(2304, 440, 29, '5', '10', '2021-11-15 06:37:06.137676'),
(2305, 440, 119, '5.5', '\"', '2021-11-15 06:37:20.010931'),
(2306, 440, 97, '3', '30', '2021-11-15 06:37:35.409740'),
(2307, 440, 30, '5.5', '90', '2021-11-15 06:37:48.062839'),
(2308, 441, 121, '6', '14', '2021-11-15 06:41:50.051057'),
(2310, 441, 23, '0.5', '\"', '2021-11-15 06:42:42.469675'),
(2311, 441, 123, '1', '3', '2021-11-15 06:43:16.124677'),
(2312, 442, 161, '0.7', '5', '2021-11-15 06:51:03.839674'),
(2313, 442, 25, '0.7', '7', '2021-11-15 06:51:40.983755'),
(2315, 442, 23, '0.5', '\"', '2021-11-15 06:52:39.997883'),
(2316, 442, 26, '1', '\"', '2021-11-15 06:52:56.489758'),
(2317, 443, 4, '4.5', '\"', '2021-11-15 06:57:30.605449'),
(2318, 443, 107, '6', '\"', '2021-11-15 06:57:54.973668'),
(2319, 443, 45, '1', '5', '2021-11-15 06:58:09.525661'),
(2320, 443, 55, '5', '5', '2021-11-15 06:58:30.238396'),
(2321, 443, 48, '1', '\"', '2021-11-15 06:58:45.405815'),
(2322, 443, 42, '1.5', '5', '2021-11-15 06:59:22.132620'),
(2323, 444, 132, '5', '\"', '2021-11-15 07:03:19.176264'),
(2324, 444, 155, '2.5', '7', '2021-11-15 07:03:33.030203'),
(2325, 444, 153, '4', '5', '2021-11-15 07:03:44.652112'),
(2326, 444, 55, '4', '30', '2021-11-15 07:04:05.232357'),
(2327, 444, 9, '5', '6', '2021-11-15 07:04:18.290302'),
(2328, 444, 24, '0.7', '60', '2021-11-15 07:04:43.756565'),
(2329, 445, 146, '5', '\"', '2021-11-15 07:07:21.750149'),
(2330, 445, 41, '1', '5', '2021-11-15 07:08:00.582671'),
(2331, 445, 144, '1', '7', '2021-11-15 07:08:14.019832'),
(2332, 445, 102, '7', '60', '2021-11-15 07:08:34.301703'),
(2333, 446, 15, '0.7', '6', '2021-11-15 07:11:18.907596'),
(2334, 446, 23, '0.5', '\"', '2021-11-15 07:11:41.505724'),
(2335, 446, 134, '0.5', '60', '2021-11-15 07:11:53.737591'),
(2336, 446, 26, '1', '\"', '2021-11-15 07:12:17.589501'),
(2337, 446, 16, '0.7', '\"', '2021-11-15 07:12:56.177836'),
(2338, 447, 98, '3', '30', '2021-11-15 07:18:25.359320'),
(2339, 447, 57, '3', '7', '2021-11-15 07:18:35.907670'),
(2340, 448, 2, '3', '7', '2021-11-15 07:22:25.807431'),
(2341, 448, 9, '6', '5', '2021-11-15 07:22:37.881696'),
(2342, 448, 157, '3', '7', '2021-11-15 07:22:51.742097'),
(2343, 448, 132, '6.5', '\"', '2021-11-15 07:23:08.060265'),
(2344, 448, 65, '4', '5', '2021-11-15 07:23:31.421056'),
(2345, 448, 97, '2.5', '30', '2021-11-15 07:23:43.101420'),
(2346, 449, 170, '7', '\"', '2021-11-15 07:26:34.937732'),
(2347, 449, 97, '3', '30', '2021-11-15 07:26:55.636935'),
(2348, 449, 51, '6.5', '60', '2021-11-15 07:27:12.173643'),
(2349, 449, 28, '3.5', '7', '2021-11-15 07:27:30.169722'),
(2350, 449, 149, '3.5', '6', '2021-11-15 07:28:11.634674'),
(2351, 449, 55, '5.5', '5', '2021-11-15 07:28:27.811603'),
(2352, 450, 22, '0.25', '\"', '2021-11-15 07:33:03.199117'),
(2353, 450, 19, '0.6', '7', '2021-11-15 07:33:16.341090'),
(2354, 450, 186, '0.65', '7', '2021-11-15 07:33:28.482689'),
(2355, 450, 16, '0.75', '\"', '2021-11-15 07:33:38.334891'),
(2356, 450, 13, '0.6', '6', '2021-11-15 07:34:06.656315'),
(2357, 450, 23, '0.5', '\"', '2021-11-15 07:34:42.817548'),
(2358, 451, 7, '4.5', '6', '2021-11-15 07:37:09.938695'),
(2359, 451, 9, '5', '5', '2021-11-15 07:37:23.585811'),
(2360, 451, 5, '5.5', '\"', '2021-11-15 07:37:38.620688'),
(2361, 451, 31, '5', '60', '2021-11-15 07:38:01.559696'),
(2362, 452, 7, '3.5', '6', '2021-11-15 07:40:44.836775'),
(2363, 452, 11, '2', '6', '2021-11-15 07:40:53.497592'),
(2364, 452, 34, '1', '14', '2021-11-15 07:41:02.594931'),
(2365, 452, 26, '1', '\"', '2021-11-15 07:41:13.484086'),
(2366, 452, 123, '1', '4', '2021-11-15 07:41:42.506191'),
(2368, 452, 24, '0.7', '60', '2021-11-15 07:42:07.665521'),
(2369, 453, 55, '4', '90', '2021-11-15 07:44:26.849982'),
(2370, 453, 33, '2.5', '10', '2021-11-15 07:44:49.756236'),
(2371, 453, 163, '3.5', '4', '2021-11-15 07:45:23.417552'),
(2372, 453, 36, '20', '\"', '2021-11-15 07:45:45.022828'),
(2373, 453, 136, '4', '60', '2021-11-15 07:46:21.897851'),
(2374, 454, 71, '1', '7', '2021-11-15 07:50:01.906029'),
(2375, 454, 43, '1.5', '7', '2021-11-15 07:50:17.881697'),
(2376, 454, 44, '1.5', '\"', '2021-11-15 07:50:34.061724'),
(2377, 454, 46, '1', '\"', '2021-11-15 07:50:44.545518'),
(2378, 454, 29, '7', '7', '2021-11-15 07:50:58.230592'),
(2380, 455, 82, '\"', '\"', '2021-11-15 07:55:04.744638'),
(2381, 455, 57, '2', '6', '2021-11-15 07:55:19.136075'),
(2382, 455, 29, '4', '12', '2021-11-15 07:55:37.175070'),
(2383, 455, 97, '2', '30', '2021-11-15 07:55:49.947963'),
(2384, 457, 34, '0.7', '14', '2021-11-15 07:58:35.306640'),
(2385, 457, 35, '1', '3', '2021-11-15 07:59:02.920053'),
(2387, 457, 133, '0.75', '6', '2021-11-15 07:59:44.602955'),
(2388, 457, 17, '0.55', '6', '2021-11-15 08:00:29.194648'),
(2389, 457, 11, '1.5', '6', '2021-11-15 08:00:42.027143'),
(2390, 457, 36, '20', '\"', '2021-11-15 08:00:58.549563'),
(2391, 457, 21, '0.65', '\"', '2021-11-15 08:01:09.814708'),
(2392, 456, 16, '0.7', '\"', '2021-11-15 08:04:05.239722'),
(2393, 456, 23, '0.5', '\"', '2021-11-15 08:05:43.183187'),
(2394, 456, 21, '0.7', '\"', '2021-11-15 08:06:04.623177'),
(2395, 458, 171, '0.6', '5', '2021-11-15 08:09:21.321025'),
(2396, 458, 125, '0.5', '5', '2021-11-15 08:09:33.806566'),
(2397, 458, 64, '\"', '7', '2021-11-15 08:09:53.170408'),
(2398, 458, 23, '0.5', '\"', '2021-11-15 08:10:07.354668'),
(2399, 459, 16, '0.6', '\"', '2021-11-15 08:13:50.586701'),
(2400, 459, 26, '1', '\"', '2021-11-15 08:14:16.886042'),
(2401, 459, 15, '0.6', '6', '2021-11-15 08:14:31.104950'),
(2402, 459, 23, '0.5', '\"', '2021-11-15 08:15:18.393652'),
(2403, 460, 186, '1', '5', '2021-11-15 08:17:26.214703'),
(2404, 460, 19, '0.7', '5', '2021-11-15 08:17:47.290273'),
(2405, 460, 34, '0.5', '10', '2021-11-15 08:18:08.369713'),
(2406, 460, 26, '1', '\"', '2021-11-15 08:18:22.681289'),
(2407, 460, 23, '0.5', '\"', '2021-11-15 08:18:50.215351'),
(2408, 462, 26, '1', '\"', '2021-11-15 08:22:01.305019'),
(2409, 462, 16, '0.8', '\"', '2021-11-15 08:22:10.430043'),
(2410, 462, 21, '0.6', '\"', '2021-11-15 08:22:27.123782'),
(2411, 462, 23, '0.5', '\"', '2021-11-15 08:22:57.143462'),
(2412, 461, 54, '0.25', '5', '2021-11-15 08:26:26.161664'),
(2413, 461, 15, '0.8', '6', '2021-11-15 08:26:38.939374'),
(2414, 461, 23, '0.5', '\"', '2021-11-15 08:26:58.730328'),
(2415, 461, 26, '1', '\"', '2021-11-15 08:27:11.143134'),
(2416, 463, 23, '0.5', '\"', '2021-11-15 08:29:29.635860'),
(2417, 463, 26, '1', '\"', '2021-11-15 08:29:50.578748'),
(2418, 463, 16, '0.7', '\"', '2021-11-15 08:30:03.336392'),
(2419, 463, 21, '0.6', '\"', '2021-11-15 08:30:23.115063'),
(2420, 464, 13, '1', '5', '2021-11-15 08:32:56.596333'),
(2421, 464, 7, '3.5', '7', '2021-11-15 08:33:14.557781'),
(2422, 464, 9, '5', '6', '2021-11-15 08:33:27.900870'),
(2423, 464, 48, '0.5', '\"', '2021-11-15 08:33:39.726680'),
(2424, 464, 5, '4', '\"', '2021-11-15 08:33:53.218687'),
(2425, 464, 24, '0.7', '90', '2021-11-15 08:34:11.344059'),
(2426, 465, 23, '0.5', '\"', '2021-11-15 08:38:20.567576'),
(2427, 465, 134, '0.5', '60', '2021-11-15 08:38:33.375299'),
(2428, 465, 26, '1', '\"', '2021-11-15 08:38:42.099345'),
(2429, 466, 7, '4.5', '7', '2021-11-15 08:41:05.836894'),
(2430, 466, 9, '5', '6', '2021-11-15 08:41:14.821667'),
(2432, 466, 55, '4', '60', '2021-11-15 08:41:40.826676'),
(2433, 466, 5, '5.5', '\"', '2021-11-15 08:41:59.848341'),
(2434, 466, 136, '4', '60', '2021-11-15 08:42:14.187693'),
(2435, 467, 13, '0.8', '6', '2021-11-15 08:45:34.978936'),
(2436, 467, 39, '3', '7', '2021-11-15 08:45:46.859873'),
(2437, 467, 11, '2', '5', '2021-11-15 08:46:17.108686'),
(2438, 467, 21, '1', '\"', '2021-11-15 08:46:32.539681'),
(2439, 467, 92, '2', '\"', '2021-11-15 08:47:31.574247'),
(2440, 468, 124, '1', '5', '2021-11-15 08:49:49.280209'),
(2441, 468, 44, '1', '\"', '2021-11-15 08:50:02.582794'),
(2442, 468, 45, '1', '14', '2021-11-15 08:50:17.913605'),
(2443, 468, 41, '1', '5', '2021-11-15 08:50:32.928566'),
(2444, 468, 10, '3.5', '7', '2021-11-15 08:50:41.448448'),
(2445, 468, 98, '3.5', '60', '2021-11-15 08:50:54.814567'),
(2446, 469, 149, '4.5', '6', '2021-11-15 08:53:01.956480'),
(2447, 469, 26, '1', '\"', '2021-11-15 08:53:29.851914'),
(2448, 469, 11, '5', '5', '2021-11-15 08:54:01.612171'),
(2449, 469, 55, '6', '3', '2021-11-15 08:54:29.903398'),
(2450, 469, 146, '5.5', '\"', '2021-11-15 08:54:42.581680'),
(2451, 470, 19, '0.5', '7', '2021-11-15 08:59:40.283138'),
(2452, 470, 186, '0.6', '7', '2021-11-15 08:59:54.322117'),
(2453, 470, 17, '0.45', '6', '2021-11-15 09:00:25.045432'),
(2454, 470, 26, '1', '\"', '2021-11-15 09:00:40.436774'),
(2455, 470, 23, '0.5', '\"', '2021-11-15 09:02:22.713910'),
(2456, 471, 15, '0.6', '7', '2021-11-15 09:07:37.835685'),
(2457, 471, 16, '0.6', '\"', '2021-11-15 09:07:51.431670'),
(2458, 471, 23, '0.5', '\"', '2021-11-15 09:08:26.495609'),
(2459, 471, 172, '0.5', '60', '2021-11-15 09:09:08.988673'),
(2460, 471, 26, '1', '\"', '2021-11-15 09:09:30.686294'),
(2461, 472, 149, '5', '6', '2021-11-15 09:12:42.158684'),
(2462, 472, 1, '6', '6', '2021-11-15 09:13:10.724680'),
(2463, 472, 26, '2', '\"', '2021-11-15 09:13:30.334835'),
(2464, 472, 102, '6.5', '35', '2021-11-15 09:13:47.954906'),
(2465, 472, 71, '1', '7', '2021-11-15 09:14:00.788761'),
(2466, 473, 186, '0.65', '6', '2021-11-15 10:17:11.005749'),
(2467, 473, 26, '1', '\"', '2021-11-15 10:17:24.390918'),
(2468, 473, 16, '0.7', '\"', '2021-11-15 10:17:34.994460'),
(2469, 473, 23, '0.5', '\"', '2021-11-15 10:18:08.993073'),
(2470, 474, 26, '1', '\"', '2021-11-15 10:23:58.709128'),
(2471, 474, 54, '0.25', '5', '2021-11-15 10:24:17.834215'),
(2472, 474, 16, '0.7', '\"', '2021-11-15 10:24:43.844688'),
(2473, 474, 23, '0.5', '\"', '2021-11-15 10:25:21.273173'),
(2474, 475, 34, '1', '14', '2021-11-15 10:30:30.902668'),
(2475, 475, 156, '1', '3', '2021-11-15 10:30:47.776991'),
(2476, 475, 11, '2.5', '5', '2021-11-15 10:30:57.796536'),
(2477, 475, 36, '20', '\"', '2021-11-15 10:31:11.186457'),
(2478, 475, 48, '0.5', '\"', '2021-11-15 10:31:22.498948'),
(2479, 475, 24, '0.7', '60', '2021-11-15 10:31:42.061686'),
(2480, 476, 2, '3', '6', '2021-11-15 10:34:51.682681'),
(2481, 476, 55, '5', '60', '2021-11-15 10:35:10.769739'),
(2482, 476, 26, '1', '\"', '2021-11-15 10:35:37.923416'),
(2483, 476, 9, '6', '5', '2021-11-15 10:36:23.159353'),
(2484, 477, 21, '0.65', '\"', '2021-11-15 10:40:16.971237'),
(2485, 477, 14, '0.8', '6', '2021-11-15 10:40:28.122700'),
(2486, 477, 20, '1', '5', '2021-11-15 10:40:44.407262'),
(2487, 477, 26, '1', '\"', '2021-11-15 10:40:56.578683'),
(2488, 477, 23, '0.5', '\"', '2021-11-15 10:41:06.178543'),
(2489, 478, 13, '0.65', '6', '2021-11-15 10:43:47.633094'),
(2490, 478, 14, '0.8', '6', '2021-11-15 10:44:04.413662'),
(2491, 478, 26, '1', '\"', '2021-11-15 10:44:11.542814'),
(2492, 478, 19, '0.65', '7', '2021-11-15 10:44:53.349015'),
(2493, 478, 16, '0.8', '\"', '2021-11-15 10:45:01.125587'),
(2494, 478, 23, '0.5', '\"', '2021-11-15 10:45:16.069532'),
(2495, 479, 62, '2', '180', '2021-11-15 10:48:01.857249'),
(2496, 479, 63, '2', '5', '2021-11-15 10:48:18.344008'),
(2497, 479, 175, '2.5', '5', '2021-11-15 10:48:29.757212'),
(2498, 479, 187, '2.5', '7', '2021-11-15 10:48:42.537587'),
(2499, 479, 37, '2.5', '6', '2021-11-15 10:49:02.356367'),
(2500, 479, 24, '0.8', '90', '2021-11-15 10:49:41.393611'),
(2501, 480, 113, '1', '\"', '2021-11-15 10:52:23.527987'),
(2502, 480, 142, '1', '5', '2021-11-15 10:52:46.920162'),
(2503, 480, 46, '1.5', '\"', '2021-11-15 10:54:11.019592'),
(2504, 480, 114, '1', '5', '2021-11-15 10:54:17.714672'),
(2505, 480, 102, '10', '40', '2021-11-15 10:54:43.568426'),
(2506, 481, 2, '3', '7', '2021-11-15 10:58:23.240256'),
(2507, 481, 1, '4', '7', '2021-11-15 10:58:34.235949'),
(2508, 481, 3, '2', '5', '2021-11-15 10:58:52.927009'),
(2509, 481, 146, '3.5', '\"', '2021-11-15 10:59:04.252687'),
(2510, 481, 48, '1', '\"', '2021-11-15 10:59:14.704574'),
(2511, 481, 31, '5', '60', '2021-11-15 10:59:38.045332'),
(2512, 483, 49, '5', '6', '2021-11-15 11:05:12.127250'),
(2514, 483, 55, '4.5', '60', '2021-11-15 11:05:56.465225'),
(2515, 483, 154, '5', '6', '2021-11-15 11:06:08.832849'),
(2516, 483, 86, '3', '7', '2021-11-15 11:06:28.395848'),
(2517, 482, 15, '0.6', '7', '2021-11-15 11:12:17.522513'),
(2518, 482, 17, '0.45', '6', '2021-11-15 11:12:50.628783'),
(2519, 482, 21, '0.45', '\"', '2021-11-15 11:13:01.836880'),
(2520, 482, 18, '1', '5', '2021-11-15 11:13:19.553534'),
(2521, 482, 23, '0.5', '\"', '2021-11-15 11:13:33.626672'),
(2522, 484, 7, '4', '7', '2021-11-15 11:16:31.469665'),
(2523, 484, 55, '4', '60', '2021-11-15 11:16:42.486091'),
(2524, 484, 9, '5', '60', '2021-11-15 11:16:52.611113'),
(2525, 484, 5, '5', '\"', '2021-11-15 11:17:06.089980'),
(2526, 484, 170, '6.5', '\"', '2021-11-15 11:17:34.413530'),
(2527, 484, 97, '2', '30', '2021-11-15 11:17:54.851851'),
(2528, 485, 54, '0.3', '5', '2021-11-15 11:21:44.905721'),
(2529, 485, 39, '3', '6', '2021-11-15 11:22:06.500696'),
(2530, 485, 72, '3', '5', '2021-11-15 11:22:21.133021'),
(2531, 485, 21, '0.8', '\"', '2021-11-15 11:22:36.298022'),
(2532, 485, 26, '1', '\"', '2021-11-15 11:22:43.702685'),
(2533, 485, 23, '0.5', '\"', '2021-11-15 11:22:53.446002'),
(2534, 486, 124, '1.5', '5', '2021-11-15 11:26:34.215428'),
(2535, 486, 56, '1', '90', '2021-11-15 11:26:55.768674'),
(2536, 486, 10, '5', '7', '2021-11-15 11:27:06.632849'),
(2537, 486, 41, '1', '5', '2021-11-15 11:27:21.961778'),
(2538, 486, 122, '1', '\"', '2021-11-15 11:27:29.992658'),
(2539, 488, 25, '0.7', '7', '2021-11-15 11:38:33.084573'),
(2540, 488, 23, '0.5', '\"', '2021-11-15 11:38:45.354946'),
(2541, 488, 134, '0.5', '60', '2021-11-15 11:39:00.162939'),
(2542, 488, 26, '1', '\"', '2021-11-15 11:39:15.797908'),
(2543, 488, 16, '0.7', '\"', '2021-11-15 11:39:34.178718'),
(2544, 488, 21, '0.6', '\"', '2021-11-15 11:39:50.343719'),
(2545, 487, 7, '4', '7', '2021-11-15 11:44:51.823582'),
(2546, 487, 9, '5', '6', '2021-11-15 11:45:00.899158'),
(2547, 487, 48, '0.5', '\"', '2021-11-15 11:45:15.717540'),
(2548, 487, 175, '2.5', '5', '2021-11-15 11:45:28.311792'),
(2549, 487, 5, '5', '\"', '2021-11-15 11:45:50.977697'),
(2550, 487, 31, '5', '60', '2021-11-15 11:46:05.241617'),
(2551, 489, 63, '2', '5', '2021-11-15 11:48:27.294593'),
(2552, 489, 41, '1.5', '5', '2021-11-15 11:48:37.307244'),
(2553, 489, 10, '5.5', '6', '2021-11-15 11:48:46.736406'),
(2554, 489, 146, '8.5', '\"', '2021-11-15 11:49:30.215748'),
(2555, 489, 180, '1', '3', '2021-11-15 11:49:58.408596'),
(2556, 491, 7, '5.5', '6', '2021-11-15 11:52:22.106773'),
(2557, 491, 55, '5', '36', '2021-11-15 11:52:34.338816'),
(2558, 491, 9, '6', '5', '2021-11-15 11:52:51.219843'),
(2559, 491, 5, '6.5', '\"', '2021-11-15 11:53:06.712393'),
(2560, 491, 94, '10', '\"', '2021-11-15 11:53:25.845706'),
(2561, 491, 31, '5', '60', '2021-11-15 11:53:40.392095'),
(2562, 490, 5, '5.5', '\"', '2021-11-15 11:56:18.374023'),
(2563, 490, 54, '0.5', '5', '2021-11-15 11:56:33.463638'),
(2564, 490, 9, '5.5', '5', '2021-11-15 11:56:48.762997'),
(2565, 490, 30, '4.5', '60', '2021-11-15 11:57:10.948464'),
(2566, 490, 97, '2.5', '30', '2021-11-15 11:57:26.453682'),
(2567, 492, 113, '1', '\"', '2021-11-15 12:00:23.534727'),
(2568, 492, 180, '1', '3', '2021-11-15 12:01:13.386263'),
(2569, 492, 142, '1', '3', '2021-11-15 12:02:32.456839'),
(2570, 492, 102, '10', '60', '2021-11-15 12:02:43.770107'),
(2571, 492, 94, '10', '\"', '2021-11-15 12:02:58.740084'),
(2572, 492, 112, '4.5', '6', '2021-11-15 12:03:35.022785'),
(2573, 493, 71, '1', '7', '2021-11-15 12:08:57.136550'),
(2574, 493, 29, '6.5', '7', '2021-11-15 12:09:13.340680'),
(2576, 493, 65, '7.5', '4', '2021-11-15 12:09:42.097956'),
(2577, 493, 106, '5', '6', '2021-11-15 12:10:32.433531'),
(2578, 493, 102, '7', '60', '2021-11-15 12:10:45.560008'),
(2579, 493, 48, '1.5', '\"', '2021-11-15 12:10:59.972962'),
(2580, 494, 63, '2', '5', '2021-11-15 12:14:05.788666'),
(2581, 494, 62, '2', '180', '2021-11-15 12:14:19.963678'),
(2582, 494, 10, '5.5', '6', '2021-11-15 12:14:31.854480'),
(2583, 494, 71, '1', '7', '2021-11-15 12:14:40.294989'),
(2584, 494, 43, '1', '5', '2021-11-15 12:14:52.399821'),
(2585, 494, 44, '1.5', '\"', '2021-11-15 12:15:15.835682'),
(2586, 495, 16, '0.5', '\"', '2021-11-15 12:20:43.457257'),
(2587, 495, 21, '0.4', '\"', '2021-11-15 12:21:01.468423'),
(2588, 495, 15, '0.6', '6', '2021-11-15 12:21:59.757013'),
(2589, 495, 23, '0.5', '\"', '2021-11-15 12:22:13.882510'),
(2590, 495, 26, '1', '\"', '2021-11-15 12:23:18.838891'),
(2591, 496, 56, '1.5', '30', '2021-11-15 12:27:37.806668'),
(2592, 496, 112, '4.5', '6', '2021-11-15 12:27:51.450500'),
(2593, 496, 114, '1', '5', '2021-11-15 12:28:13.199770'),
(2594, 496, 113, '1', '\"', '2021-11-15 12:28:18.896805'),
(2595, 496, 94, '10', '\"', '2021-11-15 12:28:31.123602'),
(2596, 496, 180, '1', '3', '2021-11-15 12:28:56.250499'),
(2597, 496, 46, '1.5', '\"', '2021-11-15 12:29:11.442397'),
(2598, 497, 71, '1', '14', '2021-11-15 13:03:15.008773'),
(2599, 497, 98, '4', '40', '2021-11-15 13:03:25.261641'),
(2600, 497, 51, '10', '60', '2021-11-15 13:03:46.892886'),
(2601, 497, 94, '10', '\"', '2021-11-15 13:04:04.419373'),
(2602, 498, 10, '4.5', '6', '2021-11-15 13:08:33.190723'),
(2603, 498, 1, '5.5', '5', '2021-11-15 13:08:41.447198'),
(2604, 498, 98, '3.5', '30', '2021-11-15 13:08:55.341971'),
(2605, 498, 48, '1', '\"', '2021-11-15 13:09:08.811025'),
(2606, 498, 4, '5.5', '\"', '2021-11-15 13:09:27.527895'),
(2607, 499, 175, '2.5', '5', '2021-11-15 13:12:54.608535'),
(2608, 499, 154, '4', '7', '2021-11-15 13:13:04.565284'),
(2609, 499, 1, '3.5', '6', '2021-11-15 13:13:16.927222'),
(2610, 499, 48, '0.5', '\"', '2021-11-15 13:13:30.375952'),
(2611, 499, 5, '5', '\"', '2021-11-15 13:13:41.479171'),
(2613, 500, 146, '5.5', '\"', '2021-11-15 13:16:11.310680'),
(2614, 500, 107, '8.5', '\"', '2021-11-15 13:16:37.315836'),
(2615, 500, 55, '5', '30', '2021-11-15 13:17:12.134820'),
(2616, 500, 48, '1', '\"', '2021-11-15 13:17:25.642377'),
(2617, 500, 11, '5.5', '5', '2021-11-15 13:17:34.904775'),
(2618, 501, 146, '5', '\"', '2021-11-15 13:20:27.484434'),
(2619, 501, 67, '2.5', '90', '2021-11-15 13:21:03.110095'),
(2620, 501, 170, '7', '\"', '2021-11-15 13:21:22.549962'),
(2621, 502, 45, '1', '7', '2021-11-15 13:24:49.017298'),
(2622, 502, 116, '4', '6', '2021-11-15 13:25:06.324423'),
(2623, 502, 41, '1', '5', '2021-11-15 13:25:19.830318'),
(2624, 502, 48, '1', '\"', '2021-11-15 13:25:29.164510'),
(2625, 502, 44, '1', '\"', '2021-11-15 13:25:39.875462'),
(2626, 502, 102, '6.5', '60', '2021-11-15 13:25:56.792635'),
(2627, 503, 157, '3', '7', '2021-11-15 13:28:51.480150'),
(2628, 503, 29, '5', '10', '2021-11-15 13:29:07.388432'),
(2629, 503, 95, '5', '\"', '2021-11-15 13:29:21.842749'),
(2630, 503, 30, '4.5', '60', '2021-11-15 13:30:01.138790'),
(2631, 503, 97, '2.5', '30', '2021-11-15 13:30:21.910194'),
(2632, 504, 187, '2.5', '7', '2021-11-15 13:33:06.955605'),
(2633, 504, 153, '4', '5', '2021-11-15 13:33:22.279761'),
(2634, 504, 9, '5', '6', '2021-11-15 13:33:32.507042'),
(2635, 504, 5, '5', '\"', '2021-11-15 13:33:49.143676'),
(2637, 504, 97, '2', '30', '2021-11-15 13:34:29.230107'),
(2638, 504, 30, '4', '60', '2021-11-15 13:34:43.477673'),
(2639, 505, 82, '\"', '\"', '2021-11-15 13:38:16.907728'),
(2640, 505, 116, '3.5', '7', '2021-11-15 13:38:27.312010'),
(2641, 505, 41, '1', '5', '2021-11-15 13:38:55.056865'),
(2642, 505, 44, '1', '\"', '2021-11-15 13:39:09.365210'),
(2643, 505, 51, '6.5', '60', '2021-11-15 13:39:32.496533'),
(2645, 506, 56, '1', '30', '2021-11-15 13:43:19.053225'),
(2646, 506, 77, '\"', '21', '2021-11-15 13:43:48.516673'),
(2647, 506, 146, '9', '\"', '2021-11-15 13:45:49.174673'),
(2648, 506, 41, '1.5', '5', '2021-11-15 13:46:06.782656'),
(2649, 507, 2, '3', '7', '2021-11-15 13:50:40.259841'),
(2650, 507, 9, '6', '5', '2021-11-15 13:50:58.102742'),
(2651, 507, 3, '2', '5', '2021-11-15 13:51:14.339645'),
(2652, 507, 55, '4.5', '30', '2021-11-15 13:51:46.378780'),
(2653, 507, 5, '6.5', '\"', '2021-11-15 13:52:01.455413'),
(2654, 507, 27, '4.5', '\"', '2021-11-15 13:52:29.465565'),
(2655, 507, 31, '5', '60', '2021-11-15 13:53:05.003162'),
(2656, 508, 15, '0.6', '6', '2021-11-15 13:58:13.726536'),
(2657, 508, 18, '0.8', '6', '2021-11-15 13:58:37.908223'),
(2658, 508, 26, '1', '\"', '2021-11-15 14:00:31.114054'),
(2659, 508, 23, '0.5', '\"', '2021-11-15 14:00:42.002089'),
(2660, 509, 12, '0.65', '5', '2021-11-15 14:04:51.018260'),
(2661, 509, 81, '\"', '7', '2021-11-15 14:05:17.863485'),
(2662, 509, 23, '1', '\"', '2021-11-15 14:06:39.848688'),
(2663, 509, 158, '1', '7', '2021-11-15 14:07:14.803654'),
(2664, 510, 45, '1', '7', '2021-11-15 14:10:57.558005'),
(2665, 510, 33, '5', '10', '2021-11-15 14:11:18.482247'),
(2666, 510, 146, '4.5', '\"', '2021-11-15 14:12:00.650665'),
(2667, 510, 107, '6', '\"', '2021-11-15 14:12:20.757527'),
(2668, 510, 36, '20', '\"', '2021-11-15 14:12:38.866165'),
(2669, 510, 48, '1', '\"', '2021-11-15 14:12:50.650740'),
(2670, 510, 173, '1.5', '5', '2021-11-15 14:13:07.869642'),
(2671, 510, 156, '1', '3', '2021-11-15 14:13:41.531943'),
(2672, 513, 71, '1', '12', '2021-11-15 14:20:43.211697'),
(2673, 513, 41, '1', '5', '2021-11-15 14:21:22.601818'),
(2674, 513, 10, '4.5', '7', '2021-11-15 14:21:50.852420'),
(2675, 513, 74, '7', '\"', '2021-11-15 14:22:51.927401'),
(2676, 513, 29, '6.5', '8', '2021-11-15 14:23:10.140507'),
(2677, 511, 57, '4', '10', '2021-11-15 14:27:50.778593'),
(2678, 511, 89, '\"', '10', '2021-11-15 14:28:10.898402'),
(2679, 511, 100, '4', '5', '2021-11-15 14:28:30.974392'),
(2680, 511, 82, '\"', '\"', '2021-11-15 14:28:47.197313'),
(2681, 511, 149, '4', '6', '2021-11-15 14:29:09.740331'),
(2682, 511, 55, '5', '5', '2021-11-15 14:29:30.655133'),
(2683, 511, 146, '5', '\"', '2021-11-15 14:30:07.973990'),
(2684, 512, 25, '0.4', '14', '2021-11-15 14:37:02.016151'),
(2685, 512, 23, '0.5', '\"', '2021-11-15 14:37:14.533580'),
(2686, 512, 134, '0.5', '120', '2021-11-15 14:37:28.222096'),
(2687, 512, 26, '1', '\"', '2021-11-15 14:37:43.373261'),
(2688, 499, 31, '5', '60', '2021-11-15 15:42:42.544102'),
(2689, 513, 160, '5', '4', '2021-11-16 04:04:35.816858'),
(2690, 514, 71, '1.5', '7', '2021-11-16 05:11:12.564666'),
(2691, 514, 129, '1', '5', '2021-11-16 05:11:19.590449'),
(2692, 514, 29, '7', '7', '2021-11-16 05:11:30.822685'),
(2695, 515, 9, '5', '5', '2021-11-16 05:14:59.071793'),
(2696, 515, 126, '2.5', '10', '2021-11-16 05:15:17.155469'),
(2697, 515, 36, '20', '\"', '2021-11-16 05:15:32.777724'),
(2698, 515, 101, '2.5', '4', '2021-11-16 05:16:15.125954'),
(2699, 515, 69, '5', '60', '2021-11-16 05:16:42.768544'),
(2700, 515, 5, '5', '\"', '2021-11-16 05:16:49.842405'),
(2701, 516, 62, '2', '180', '2021-11-16 05:19:31.142900'),
(2702, 516, 63, '2', '5', '2021-11-16 05:19:43.838253'),
(2703, 516, 187, '2', '6', '2021-11-16 05:20:00.699909'),
(2704, 516, 49, '3.5', '5', '2021-11-16 05:20:37.375693'),
(2705, 516, 26, '1', '\"', '2021-11-16 05:21:03.140770'),
(2706, 516, 23, '0.5', '\"', '2021-11-16 05:21:11.123128'),
(2707, 518, 30, '4.5', '90', '2021-11-16 05:24:47.923701'),
(2708, 518, 170, '6', '\"', '2021-11-16 05:25:03.926829'),
(2709, 518, 69, '6.5', '60', '2021-11-16 05:26:39.837493'),
(2710, 517, 9, '5', '6', '2021-11-16 05:30:24.296317'),
(2712, 517, 126, '2.5', '10', '2021-11-16 05:30:50.732069'),
(2713, 517, 66, '5', '5', '2021-11-16 05:31:36.907404'),
(2714, 517, 119, '4.5', '\"', '2021-11-16 05:31:54.227805'),
(2715, 517, 136, '5', '60', '2021-11-16 05:32:16.558420'),
(2716, 519, 125, '1.5', '5', '2021-11-16 05:36:16.789106'),
(2717, 519, 146, '5', '\"', '2021-11-16 05:36:28.155482'),
(2718, 519, 41, '1', '6', '2021-11-16 05:36:38.937596'),
(2719, 519, 45, '1', '6', '2021-11-16 05:37:11.181522'),
(2720, 519, 48, '1', '\"', '2021-11-16 05:37:25.805585'),
(2721, 520, 66, '5', '4', '2021-11-16 05:40:44.609115'),
(2722, 520, 126, '2.5', '10', '2021-11-16 05:40:58.170992'),
(2723, 520, 59, '3', '5', '2021-11-16 05:41:29.083591'),
(2724, 520, 48, '1', '\"', '2021-11-16 05:41:45.236114'),
(2725, 520, 30, '5', '90', '2021-11-16 05:42:14.912587'),
(2726, 520, 5, '6.5', '\"', '2021-11-16 05:42:42.390790'),
(2727, 521, 7, '4', '6', '2021-11-16 05:47:30.278672'),
(2728, 521, 5, '4.5', '\"', '2021-11-16 05:47:42.913552'),
(2729, 521, 153, '4', '5', '2021-11-16 05:47:55.786260'),
(2730, 521, 27, '3.5', '\"', '2021-11-16 05:48:46.777034'),
(2731, 521, 9, '5', '6', '2021-11-16 05:48:56.906698'),
(2732, 521, 136, '4', '60', '2021-11-16 05:49:05.427671'),
(2733, 522, 2, '2.5', '7', '2021-11-16 05:54:49.543681'),
(2734, 522, 26, '1', '\"', '2021-11-16 05:55:00.846099'),
(2735, 522, 13, '1', '5', '2021-11-16 05:55:10.381399'),
(2736, 522, 11, '2.5', '6', '2021-11-16 05:55:26.602590'),
(2737, 522, 23, '0.5', '\"', '2021-11-16 05:55:39.774889'),
(2738, 524, 54, '0.25', '4', '2021-11-16 06:01:27.292647'),
(2739, 524, 18, '1', '5', '2021-11-16 06:01:41.444853'),
(2740, 524, 26, '1', '\"', '2021-11-16 06:01:49.630325'),
(2741, 524, 16, '0.7', '\"', '2021-11-16 06:02:08.459512'),
(2742, 524, 23, '0.5', '\"', '2021-11-16 06:02:32.972398'),
(2743, 524, 21, '0.7', '\"', '2021-11-16 06:03:13.058214'),
(2744, 523, 127, '2.5', '60', '2021-11-16 06:06:06.692297'),
(2745, 523, 68, '1.5', '60', '2021-11-16 06:06:37.980277'),
(2746, 523, 24, '0.4', '90', '2021-11-16 06:06:59.703247'),
(2747, 523, 16, '0.7', '\"', '2021-11-16 06:07:23.065333'),
(2748, 525, 55, '5', '4', '2021-11-16 06:11:17.773687'),
(2749, 525, 146, '3.5', '\"', '2021-11-16 06:11:30.665915'),
(2750, 525, 26, '1', '\"', '2021-11-16 06:11:40.269389'),
(2751, 525, 31, '5', '60', '2021-11-16 06:12:09.154766'),
(2752, 525, 155, '3', '6', '2021-11-16 06:12:21.812674'),
(2753, 525, 48, '1', '\"', '2021-11-16 06:12:39.722667'),
(2754, 525, 9, '6', '5', '2021-11-16 06:12:53.755867'),
(2755, 526, 71, '1', '10', '2021-11-16 06:15:43.841978'),
(2756, 526, 98, '4', '30', '2021-11-16 06:15:58.903018'),
(2757, 526, 46, '1', '\"', '2021-11-16 06:16:03.871887'),
(2758, 526, 102, '7.5', '60', '2021-11-16 06:16:28.681462'),
(2759, 527, 16, '0.4', '\"', '2021-11-16 06:21:10.914139'),
(2760, 527, 26, '1', '\"', '2021-11-16 06:21:28.527673'),
(2761, 527, 23, '0.5', '\"', '2021-11-16 06:21:43.181380'),
(2762, 527, 21, '0.4', '\"', '2021-11-16 06:21:56.100305'),
(2763, 527, 134, '0.5', '60', '2021-11-16 06:22:09.851673'),
(2764, 528, 55, '5', '60', '2021-11-16 06:25:57.261406'),
(2765, 528, 2, '3', '6', '2021-11-16 06:26:10.835670'),
(2766, 528, 31, '5', '60', '2021-11-16 06:26:26.141415'),
(2767, 528, 26, '1', '\"', '2021-11-16 06:26:37.476160'),
(2768, 528, 5, '6', '\"', '2021-11-16 06:26:54.484461'),
(2769, 529, 62, '2', '180', '2021-11-16 06:31:32.884042'),
(2770, 529, 63, '2', '5', '2021-11-16 06:31:44.294314'),
(2771, 529, 10, '3.5', '6', '2021-11-16 06:32:13.172469'),
(2772, 529, 1, '5.5', '6', '2021-11-16 06:32:26.083075'),
(2773, 530, 146, '4.5', '\"', '2021-11-16 06:36:02.491444'),
(2774, 530, 26, '2', '\"', '2021-11-16 06:36:17.097895'),
(2775, 530, 9, '6', '5', '2021-11-16 06:36:33.401134'),
(2776, 530, 74, '6.5', '\"', '2021-11-16 06:37:00.228614'),
(2777, 530, 55, '5', '4', '2021-11-16 06:38:00.245040'),
(2778, 530, 78, '\"', '60', '2021-11-16 06:38:27.704020'),
(2779, 531, 97, '3', '30', '2021-11-16 06:41:16.542941'),
(2780, 531, 170, '6.5', '\"', '2021-11-16 06:42:01.083797'),
(2781, 531, 29, '5', '10', '2021-11-16 06:42:40.542754'),
(2782, 532, 102, '5', '\"', '2021-11-16 06:51:07.167691'),
(2783, 532, 29, '5', '\"', '2021-11-16 06:51:29.114408'),
(2784, 532, 5, '6.5', '\"', '2021-11-16 06:51:41.465675'),
(2785, 532, 155, '3', '6', '2021-11-16 06:51:49.818868'),
(2786, 532, 55, '5', '5', '2021-11-16 06:52:04.807292'),
(2787, 532, 26, '1', '\"', '2021-11-16 06:52:15.012180'),
(2788, 533, 27, '4', '\"', '2021-11-16 07:00:16.893129'),
(2789, 533, 155, '2.5', '7', '2021-11-16 07:00:25.885758'),
(2790, 533, 63, '2', '5', '2021-11-16 07:00:43.058222'),
(2791, 533, 9, '5.5', '5', '2021-11-16 07:01:26.557167'),
(2792, 533, 5, '5.5', '\"', '2021-11-16 07:01:36.973113'),
(2793, 534, 78, '\"', '60', '2021-11-16 07:05:14.864331'),
(2794, 534, 133, '0.7', '6', '2021-11-16 07:05:32.139699'),
(2795, 534, 17, '0.5', '6', '2021-11-16 07:05:41.006198'),
(2796, 534, 18, '1', '5', '2021-11-16 07:05:52.052317'),
(2797, 534, 16, '0.65', '\"', '2021-11-16 07:06:05.997661'),
(2798, 534, 23, '0.5', '\"', '2021-11-16 07:06:20.241711'),
(2799, 536, 132, '4', '\"', '2021-11-16 07:29:11.267345'),
(2800, 536, 154, '3.5', '7', '2021-11-16 07:29:22.707214');
INSERT INTO `tbl_medicine_for_generate_prescription` (`MG_Id`, `User_Id`, `M_Id`, `MG_medicine`, `MG_Day`, `MG_Date`) VALUES
(2801, 536, 13, '1', '5', '2021-11-16 07:29:31.878243'),
(2802, 536, 9, '5', '5', '2021-11-16 07:29:46.914222'),
(2804, 536, 27, '3', '\"', '2021-11-16 07:30:08.751863'),
(2805, 536, 136, '4', '60', '2021-11-16 07:30:27.393149'),
(2806, 535, 54, '0.6', '3', '2021-11-16 07:35:29.819675'),
(2807, 535, 146, '3.5', '\"', '2021-11-16 07:35:42.225919'),
(2808, 535, 27, '5', '\"', '2021-11-16 07:36:07.656982'),
(2810, 535, 36, '20', '\"', '2021-11-16 07:37:16.675646'),
(2811, 535, 59, '3', '5', '2021-11-16 07:37:50.085747'),
(2812, 535, 136, '5', '60', '2021-11-16 07:38:04.381614'),
(2813, 537, 138, '5', '60', '2021-11-16 07:41:18.851675'),
(2814, 537, 32, '4.5', '6', '2021-11-16 07:41:37.870333'),
(2815, 537, 170, '6.5', '\"', '2021-11-16 07:42:40.114033'),
(2816, 538, 170, '5', '\"', '2021-11-16 07:48:26.916871'),
(2817, 538, 138, '5', '60', '2021-11-16 07:48:35.169309'),
(2818, 538, 32, '4', '60', '2021-11-16 07:48:51.863169'),
(2819, 540, 39, '3', '6', '2021-11-16 07:55:25.794810'),
(2820, 540, 19, '0.75', '5', '2021-11-16 07:55:35.344860'),
(2821, 540, 21, '0.9', '\"', '2021-11-16 07:55:50.144828'),
(2822, 540, 26, '1', '\"', '2021-11-16 07:56:18.845890'),
(2823, 540, 23, '0.5', '\"', '2021-11-16 07:56:30.673235'),
(2824, 539, 71, '1', '7', '2021-11-16 08:00:30.537281'),
(2825, 539, 29, '7', '7', '2021-11-16 08:00:40.248138'),
(2826, 539, 46, '1.5', '\"', '2021-11-16 08:00:50.169983'),
(2827, 539, 128, '0.75', '\"', '2021-11-16 08:01:03.326310'),
(2828, 539, 78, '\"', '60', '2021-11-16 08:01:17.726671'),
(2829, 539, 36, '40', '\"', '2021-11-16 08:01:43.713685'),
(2830, 539, 129, '1', '5', '2021-11-16 08:01:54.270135'),
(2831, 541, 9, '5', '5', '2021-11-16 08:04:00.336448'),
(2832, 541, 34, '1', '10', '2021-11-16 08:04:11.391840'),
(2833, 541, 118, '4', '\"', '2021-11-16 08:04:24.932095'),
(2834, 541, 21, '1.4', '\"', '2021-11-16 08:04:39.428329'),
(2835, 541, 26, '1', '\"', '2021-11-16 08:04:48.198699'),
(2836, 541, 187, '2.5', '6', '2021-11-16 08:04:58.850807'),
(2837, 541, 36, '20', '\"', '2021-11-16 08:05:18.482671'),
(2838, 541, 30, '4.5', '90', '2021-11-16 08:05:48.807840'),
(2840, 543, 54, '0.2', '4', '2021-11-16 08:11:36.334331'),
(2841, 543, 16, '0.7', '\"', '2021-11-16 08:11:47.858754'),
(2842, 543, 23, '0.5', '\"', '2021-11-16 08:12:04.439808'),
(2843, 543, 26, '1', '\"', '2021-11-16 08:12:15.311549'),
(2844, 543, 21, '0.6', '\"', '2021-11-16 08:12:43.758828'),
(2845, 542, 62, '2', '180', '2021-11-16 08:15:23.617457'),
(2846, 542, 55, '5', '45', '2021-11-16 08:15:38.167159'),
(2847, 542, 63, '2', '5', '2021-11-16 08:15:54.588768'),
(2848, 542, 149, '4', '6', '2021-11-16 08:16:12.652411'),
(2849, 545, 15, '0.8', '6', '2021-11-16 08:19:29.377059'),
(2850, 545, 18, '1', '5', '2021-11-16 08:19:44.518347'),
(2851, 545, 85, '1', '7', '2021-11-16 08:19:54.724825'),
(2852, 545, 26, '1', '\"', '2021-11-16 08:20:09.738894'),
(2853, 545, 23, '0.5', '\"', '2021-11-16 08:20:32.880023'),
(2854, 544, 9, '5', '5', '2021-11-16 08:23:01.738497'),
(2855, 544, 7, '4', '6', '2021-11-16 08:23:13.288731'),
(2856, 544, 55, '4', '45', '2021-11-16 08:23:26.125136'),
(2857, 544, 5, '5', '\"', '2021-11-16 08:23:37.071911'),
(2858, 544, 136, '4', '60', '2021-11-16 08:24:08.984014'),
(2859, 546, 29, '4.5', '12', '2021-11-16 08:26:26.536686'),
(2860, 546, 33, '5', '10', '2021-11-16 08:26:39.169249'),
(2861, 546, 36, '40', '\"', '2021-11-16 08:26:56.500686'),
(2862, 546, 48, '1', '\"', '2021-11-16 08:27:07.735423'),
(2863, 546, 136, '4.5', '60', '2021-11-16 08:27:25.792926'),
(2864, 546, 65, '3.5', '4', '2021-11-16 08:27:53.698341'),
(2865, 547, 146, '5.5', '\"', '2021-11-16 08:30:37.169176'),
(2866, 547, 81, '\"', '\"', '2021-11-16 08:31:03.405666'),
(2867, 548, 97, '2', '30', '2021-11-16 08:34:35.627959'),
(2868, 548, 31, '5', '90', '2021-11-16 08:35:02.559684'),
(2869, 548, 69, '5.5', '90', '2021-11-16 08:35:19.078012'),
(2870, 548, 26, '1', '\"', '2021-11-16 08:35:30.873566'),
(2872, 549, 154, '5', '7', '2021-11-16 08:43:12.254526'),
(2873, 549, 3, '2', '5', '2021-11-16 08:43:31.007559'),
(2874, 549, 1, '3.5', '6', '2021-11-16 08:43:45.341340'),
(2875, 549, 146, '3', '\"', '2021-11-16 08:44:14.352531'),
(2876, 549, 31, '5', '60', '2021-11-16 08:44:31.011733'),
(2877, 551, 63, '2', '5', '2021-11-16 08:47:18.252777'),
(2878, 551, 62, '2', '180', '2021-11-16 08:47:32.480163'),
(2879, 551, 2, '2.5', '6', '2021-11-16 08:47:50.828571'),
(2880, 551, 11, '3', '5', '2021-11-16 08:48:04.859277'),
(2881, 551, 26, '1', '\"', '2021-11-16 08:48:21.666912'),
(2882, 551, 22, '0.45', '\"', '2021-11-16 08:49:15.832875'),
(2883, 550, 5, '5.5', '\"', '2021-11-16 08:52:48.699645'),
(2884, 550, 79, '5', '7', '2021-11-16 08:52:59.607334'),
(2885, 550, 1, '3.5', '6', '2021-11-16 08:53:13.633894'),
(2886, 550, 7, '4.5', '7', '2021-11-16 08:53:22.657514'),
(2887, 550, 136, '5', '60', '2021-11-16 08:53:32.042299'),
(2888, 552, 85, '1', '7', '2021-11-16 08:58:22.075811'),
(2889, 552, 16, '0.5', '\"', '2021-11-16 08:58:31.930372'),
(2890, 552, 26, '1', '\"', '2021-11-16 08:58:43.969323'),
(2891, 552, 23, '0.5', '\"', '2021-11-16 08:59:10.084393'),
(2892, 553, 161, '0.65', '7', '2021-11-16 09:04:41.927677'),
(2893, 553, 26, '1', '\"', '2021-11-16 09:04:50.461676'),
(2894, 553, 23, '0.5', '\"', '2021-11-16 09:05:04.766929'),
(2895, 553, 21, '0.6', '\"', '2021-11-16 09:05:50.132271'),
(2896, 554, 146, '5', '\"', '2021-11-16 09:47:08.788779'),
(2897, 554, 55, '5.5', '3', '2021-11-16 09:47:43.042060'),
(2898, 554, 41, '1', '5', '2021-11-16 09:48:09.806726'),
(2899, 554, 45, '1', '5', '2021-11-16 09:48:37.526463'),
(2900, 555, 146, '6', '\"', '2021-11-16 09:52:59.229762'),
(2901, 555, 98, '4', '40', '2021-11-16 09:53:26.285455'),
(2902, 555, 51, '7', '60', '2021-11-16 09:53:35.358949'),
(2903, 555, 71, '1', '12', '2021-11-16 09:53:46.507326'),
(2904, 557, 25, '0.5', '10', '2021-11-16 10:00:06.625219'),
(2905, 557, 16, '0.5', '\"', '2021-11-16 10:00:36.664872'),
(2906, 557, 23, '0.5', '\"', '2021-11-16 10:01:10.410468'),
(2907, 557, 134, '0.5', '60', '2021-11-16 10:01:19.702421'),
(2908, 557, 26, '1', '\"', '2021-11-16 10:01:32.549862'),
(2909, 556, 186, '0.4', '7', '2021-11-16 10:05:44.433498'),
(2910, 556, 18, '0.6', '7', '2021-11-16 10:05:59.041700'),
(2911, 556, 26, '1', '\"', '2021-11-16 10:06:12.676089'),
(2913, 556, 135, '0.4', '90', '2021-11-16 10:06:41.469270'),
(2914, 556, 68, '1.5', '90', '2021-11-16 10:07:47.311011'),
(2915, 558, 16, '0.8', '\"', '2021-11-16 10:13:05.431149'),
(2916, 558, 23, '0.5', '\"', '2021-11-16 10:13:59.192312'),
(2917, 558, 170, '2.5', '\"', '2021-11-16 10:14:39.002372'),
(2918, 559, 164, '1', '30', '2021-11-16 10:19:54.854522'),
(2919, 559, 98, '3.5', '35', '2021-11-16 10:20:24.073169'),
(2920, 560, 110, '6', '7', '2021-11-16 10:25:13.324914'),
(2921, 560, 43, '1.5', '5', '2021-11-16 10:25:47.781051'),
(2922, 560, 124, '1', '5', '2021-11-16 10:26:07.633189'),
(2923, 560, 115, '1', '7', '2021-11-16 10:26:35.154190'),
(2924, 560, 113, '1', '\"', '2021-11-16 10:26:45.240213'),
(2926, 561, 149, '4.5', '6', '2021-11-16 10:30:47.442612'),
(2927, 561, 146, '5.5', '\"', '2021-11-16 10:30:59.229678'),
(2928, 561, 98, '3.5', '30', '2021-11-16 10:31:16.142827'),
(2929, 561, 188, '5.5', '5', '2021-11-16 10:31:42.694473'),
(2930, 561, 48, '1', '\"', '2021-11-16 10:31:59.246735'),
(2931, 561, 69, '7', '60', '2021-11-16 10:32:25.164828'),
(2932, 562, 3, '3.5', '5', '2021-11-16 10:38:24.534520'),
(2934, 562, 111, '5', '7', '2021-11-16 10:39:11.553145'),
(2935, 562, 146, '5.5', '\"', '2021-11-16 10:39:56.350837'),
(2936, 562, 107, '9', '\"', '2021-11-16 10:40:14.239833'),
(2937, 562, 41, '1', '5', '2021-11-16 10:41:00.544138'),
(2938, 562, 71, '1', '7', '2021-11-16 10:41:09.195556'),
(2939, 562, 48, '1.5', '\"', '2021-11-16 10:41:24.930708'),
(2940, 563, 7, '4', '6', '2021-11-16 10:45:09.123578'),
(2941, 563, 9, '5', '5', '2021-11-16 10:45:14.008494'),
(2942, 563, 55, '4', '30', '2021-11-16 10:45:26.196738'),
(2943, 563, 5, '5', '\"', '2021-11-16 10:45:36.257526'),
(2944, 563, 136, '4', '60', '2021-11-16 10:45:51.681156'),
(2945, 565, 15, '0.75', '6', '2021-11-16 10:51:14.154817'),
(2946, 565, 18, '1', '5', '2021-11-16 10:51:22.811793'),
(2947, 565, 26, '1', '\"', '2021-11-16 10:51:33.904139'),
(2948, 565, 16, '0.7', '\"', '2021-11-16 10:51:43.834667'),
(2949, 565, 23, '0.5', '\"', '2021-11-16 10:52:01.214028'),
(2950, 564, 132, '6', '\"', '2021-11-16 10:56:55.411736'),
(2951, 564, 107, '5', '\"', '2021-11-16 10:58:02.459347'),
(2952, 564, 25, '2', '5', '2021-11-16 10:58:26.293698'),
(2953, 564, 54, '0.5', '3', '2021-11-16 10:58:41.256487'),
(2954, 564, 32, '5', '60', '2021-11-16 10:59:12.932399'),
(2955, 564, 50, '6', '5', '2021-11-16 10:59:43.642453'),
(2956, 566, 5, '5.5', '\"', '2021-11-16 11:03:30.846685'),
(2957, 566, 155, '3', '7', '2021-11-16 11:03:44.391176'),
(2958, 566, 50, '5', '5', '2021-11-16 11:03:52.323051'),
(2959, 566, 26, '1', '\"', '2021-11-16 11:04:10.232903'),
(2960, 566, 97, '2.5', '30', '2021-11-16 11:04:22.765939'),
(2961, 566, 31, '5', '60', '2021-11-16 11:04:39.503848'),
(2962, 568, 45, '1', '7', '2021-11-16 11:08:59.309499'),
(2963, 568, 119, '5.5', '\"', '2021-11-16 11:09:08.027534'),
(2964, 568, 29, '5.5', '10', '2021-11-16 11:09:37.987885'),
(2965, 568, 42, '1.5', '5', '2021-11-16 11:09:51.144303'),
(2966, 568, 48, '1', '\"', '2021-11-16 11:10:10.228949'),
(2967, 567, 56, '2', '4', '2021-11-16 11:13:48.602359'),
(2968, 567, 112, '5', '6', '2021-11-16 11:14:01.887015'),
(2969, 567, 44, '2', '\"', '2021-11-16 11:14:29.711854'),
(2970, 567, 114, '1', '5', '2021-11-16 11:15:58.900883'),
(2971, 567, 46, '1', '\"', '2021-11-16 11:16:57.138435'),
(2972, 569, 49, '3', '5', '2021-11-16 11:21:43.574379'),
(2973, 569, 12, '0.5', '5', '2021-11-16 11:21:59.189519'),
(2974, 569, 154, '3', '6', '2021-11-16 11:22:23.751048'),
(2975, 569, 82, '\"', '\"', '2021-11-16 11:22:38.734310'),
(2976, 569, 24, '0.7', '90', '2021-11-16 11:23:00.748335'),
(2977, 569, 85, '1', '7', '2021-11-16 11:23:09.836749'),
(2978, 570, 71, '1', '5', '2021-11-16 11:28:32.457679'),
(2979, 570, 173, '1', '5', '2021-11-16 11:28:47.737242'),
(2981, 570, 119, '6.5', '\"', '2021-11-16 11:29:23.644672'),
(2982, 570, 102, '7.5', '60', '2021-11-16 11:29:47.356486'),
(2983, 571, 132, '5', '\"', '2021-11-16 11:34:33.216490'),
(2984, 571, 107, '4', '\"', '2021-11-16 11:36:50.067867'),
(2985, 571, 136, '4', '60', '2021-11-16 11:37:09.218696'),
(2986, 571, 27, '4', '\"', '2021-11-16 11:37:28.044740'),
(2987, 573, 48, '1', '\"', '2021-11-16 11:42:12.450688'),
(2988, 573, 28, '3.5', '7', '2021-11-16 11:42:36.034192'),
(2989, 573, 36, '40', '\"', '2021-11-16 11:42:49.594701'),
(2990, 573, 29, '5.5', '10', '2021-11-16 11:43:14.405380'),
(2991, 573, 146, '4', '\"', '2021-11-16 11:43:37.997183'),
(2992, 573, 65, '4.5', '4', '2021-11-16 11:43:52.323902'),
(2993, 572, 187, '2.5', '7', '2021-11-16 11:49:07.975174'),
(2994, 572, 7, '3.5', '6', '2021-11-16 11:49:18.835473'),
(2995, 572, 13, '0.8', '6', '2021-11-16 11:49:40.205824'),
(2996, 572, 55, '3.5', '60', '2021-11-16 11:50:33.011880'),
(2997, 572, 21, '1', '\"', '2021-11-16 11:50:40.088557'),
(2998, 572, 24, '0.7', '60', '2021-11-16 11:50:56.364375'),
(2999, 574, 45, '1', '7', '2021-11-16 11:54:21.332790'),
(3000, 574, 42, '1.5', '5', '2021-11-16 11:55:17.065812'),
(3001, 574, 101, '3.5', '5', '2021-11-16 11:55:43.216982'),
(3002, 574, 146, '4.5', '\"', '2021-11-16 11:55:57.064365'),
(3003, 574, 155, '3.5', '6', '2021-11-16 11:56:13.260094'),
(3004, 574, 98, '3', '45', '2021-11-16 11:56:34.183195'),
(3005, 575, 45, '1', '4', '2021-11-16 12:05:12.093337'),
(3006, 575, 146, '4.5', '\"', '2021-11-16 12:05:23.017661'),
(3007, 575, 107, '6.5', '\"', '2021-11-16 12:05:50.811881'),
(3008, 575, 48, '1', '\"', '2021-11-16 12:06:10.687858'),
(3009, 575, 11, '4', '5', '2021-11-16 12:06:28.642036'),
(3010, 576, 112, '4.5', '6', '2021-11-16 12:14:40.736565'),
(3011, 576, 113, '1', '\"', '2021-11-16 12:14:47.761951'),
(3012, 576, 114, '1', '5', '2021-11-16 12:15:04.033815'),
(3013, 576, 180, '1', '4', '2021-11-16 12:15:22.182239'),
(3014, 576, 46, '1', '\"', '2021-11-16 12:15:38.874371'),
(3015, 577, 149, '3', '7', '2021-11-16 12:19:22.666677'),
(3016, 577, 26, '1', '\"', '2021-11-16 12:19:31.679872'),
(3017, 577, 55, '5', '45', '2021-11-16 12:20:06.709490'),
(3018, 577, 188, '4', '6', '2021-11-16 12:20:27.007225'),
(3019, 577, 45, '1', '7', '2021-11-16 12:20:35.058711'),
(3020, 577, 27, '5', '\"', '2021-11-16 12:20:52.713704'),
(3021, 577, 3, '2.5', '5', '2021-11-16 12:21:34.810676'),
(3022, 577, 170, '7.5', '\"', '2021-11-16 12:21:55.314106'),
(3023, 578, 98, '3.5', '30', '2021-11-16 12:26:39.480830'),
(3024, 578, 69, '6.5', '60', '2021-11-16 12:26:56.382404'),
(3025, 578, 146, '5', '\"', '2021-11-16 12:27:08.345573'),
(3026, 578, 94, '10', '\"', '2021-11-16 12:28:32.555957'),
(3027, 579, 68, '2', '90', '2021-11-16 13:25:21.395831'),
(3028, 579, 7, '3', '6', '2021-11-16 13:25:45.411222'),
(3029, 579, 24, '0.7', '90', '2021-11-16 13:26:14.251526'),
(3030, 578, 9, '5', '6', '2021-11-16 16:39:58.977435'),
(3032, 581, 19, '0.85', '5', '2021-11-17 04:58:17.560308'),
(3033, 581, 7, '3.5', '6', '2021-11-17 04:58:33.513747'),
(3034, 581, 55, '3.5', '7', '2021-11-17 04:58:50.427882'),
(3035, 581, 24, '0.7', '90', '2021-11-17 04:59:10.440588'),
(3036, 581, 63, '2', '5', '2021-11-17 04:59:29.211890'),
(3037, 581, 23, '0.5', '\"', '2021-11-17 04:59:56.459128'),
(3038, 582, 24, '0.6', '90', '2021-11-17 05:03:46.756085'),
(3039, 582, 68, '2.5', '90', '2021-11-17 05:03:58.576334'),
(3040, 582, 60, '2.5', '60', '2021-11-17 05:04:33.905494'),
(3041, 582, 21, '0.9', '\"', '2021-11-17 05:04:51.712853'),
(3042, 583, 36, '20', '\"', '2021-11-17 05:09:50.790589'),
(3043, 583, 39, '3', '6', '2021-11-17 05:10:03.568676'),
(3044, 583, 34, '1', '14', '2021-11-17 05:10:14.440232'),
(3045, 583, 11, '1.8', '5', '2021-11-17 05:10:40.093732'),
(3046, 583, 156, '1', '3', '2021-11-17 05:10:54.801923'),
(3047, 583, 22, '0.35', '\"', '2021-11-17 05:11:11.698820'),
(3048, 583, 21, '1', '\"', '2021-11-17 05:11:24.359465'),
(3049, 584, 34, '1', '14', '2021-11-17 05:14:16.188994'),
(3051, 584, 36, '20', '\"', '2021-11-17 05:14:47.836983'),
(3052, 584, 39, '3', '6', '2021-11-17 05:15:53.129932'),
(3053, 584, 13, '0.75', '5', '2021-11-17 05:16:04.136684'),
(3054, 584, 90, '\"', '7', '2021-11-17 05:16:41.076418'),
(3055, 584, 123, '1', '2', '2021-11-17 05:17:04.214553'),
(3056, 584, 11, '2', '5', '2021-11-17 05:17:17.725906'),
(3057, 585, 97, '2', '45', '2021-11-17 05:20:27.401586'),
(3058, 585, 136, '4', '60', '2021-11-17 05:20:45.580713'),
(3059, 585, 29, '4', '12', '2021-11-17 05:21:46.898382'),
(3060, 586, 7, '4', '7', '2021-11-17 05:24:29.777157'),
(3061, 586, 175, '2.5', '5', '2021-11-17 05:24:46.896409'),
(3062, 586, 38, '2.5', '6', '2021-11-17 05:25:25.661397'),
(3063, 586, 48, '0.5', '\"', '2021-11-17 05:25:35.767971'),
(3064, 586, 5, '5', '\"', '2021-11-17 05:25:48.560601'),
(3065, 586, 136, '4', '60', '2021-11-17 05:26:21.164211'),
(3066, 587, 18, '1', '5', '2021-11-17 05:29:03.380390'),
(3067, 587, 26, '1', '\"', '2021-11-17 05:29:16.790822'),
(3068, 587, 17, '0.55', '5', '2021-11-17 05:30:08.460909'),
(3069, 587, 14, '0.7', '6', '2021-11-17 05:30:24.602827'),
(3070, 587, 49, '2', '5', '2021-11-17 05:30:51.410255'),
(3071, 587, 23, '0.5', '\"', '2021-11-17 05:31:08.614104'),
(3072, 588, 55, '4', '30', '2021-11-17 05:38:19.163433'),
(3073, 588, 7, '4', '6', '2021-11-17 05:38:46.789335'),
(3074, 588, 89, '\"', '12', '2021-11-17 05:39:21.884501'),
(3075, 588, 82, '\"', '\"', '2021-11-17 05:39:36.464216'),
(3076, 588, 38, '2.5', '6', '2021-11-17 05:40:06.384953'),
(3077, 588, 86, '3', '7', '2021-11-17 05:40:30.864091'),
(3078, 588, 170, '5.5', '\"', '2021-11-17 05:41:09.428198'),
(3079, 589, 187, '2.5', '7', '2021-11-17 05:43:54.402640'),
(3080, 589, 48, '0.5', '\"', '2021-11-17 05:44:17.102852'),
(3081, 589, 38, '2.5', '6', '2021-11-17 05:44:34.164398'),
(3082, 589, 63, '2', '5', '2021-11-17 05:44:43.777395'),
(3083, 589, 62, '2', '120', '2021-11-17 05:45:00.074799'),
(3084, 589, 55, '4', '60', '2021-11-17 05:45:19.429117'),
(3085, 590, 54, '0.15', '4', '2021-11-17 05:48:38.579807'),
(3086, 590, 16, '0.5', '\"', '2021-11-17 05:49:15.691426'),
(3087, 590, 26, '1', '\"', '2021-11-17 05:49:26.631595'),
(3088, 590, 23, '0.5', '\"', '2021-11-17 05:50:03.898765'),
(3089, 591, 15, '0.6', '7', '2021-11-17 05:53:46.512068'),
(3090, 591, 26, '1', '\"', '2021-11-17 05:53:51.431735'),
(3091, 591, 18, '0.8', '6', '2021-11-17 05:54:06.701821'),
(3092, 591, 23, '0.5', '\"', '2021-11-17 05:54:38.616777'),
(3093, 591, 87, '\"', '7', '2021-11-17 05:54:57.649596'),
(3094, 592, 26, '1', '\"', '2021-11-17 05:58:09.585684'),
(3095, 592, 23, '0.5', '\"', '2021-11-17 05:58:21.328916'),
(3096, 592, 135, '0.6', '90', '2021-11-17 05:58:44.964370'),
(3097, 592, 78, '\"', '60', '2021-11-17 05:59:09.971415'),
(3098, 593, 171, '0.6', '5', '2021-11-17 06:02:24.415595'),
(3099, 593, 64, '\"', '7', '2021-11-17 06:03:47.065304'),
(3100, 593, 12, '0.3', '7', '2021-11-17 06:04:20.051108'),
(3101, 593, 16, '0.6', '\"', '2021-11-17 06:04:31.532412'),
(3102, 593, 23, '0.5', '\"', '2021-11-17 06:04:42.577919'),
(3103, 594, 26, '1', '\"', '2021-11-17 06:11:32.290666'),
(3104, 594, 16, '0.7', '\"', '2021-11-17 06:11:41.085591'),
(3105, 594, 23, '0.5', '\"', '2021-11-17 06:11:57.592958'),
(3106, 595, 186, '0.8', '6', '2021-11-17 06:16:20.316657'),
(3107, 595, 26, '1', '\"', '2021-11-17 06:16:28.828688'),
(3108, 595, 19, '0.6', '7', '2021-11-17 06:16:45.915252'),
(3109, 595, 63, '2', '4', '2021-11-17 06:17:03.476067'),
(3110, 595, 23, '0.5', '\"', '2021-11-17 06:18:01.156910'),
(3111, 595, 16, '0.7', '\"', '2021-11-17 06:18:16.478505'),
(3112, 596, 149, '4.5', '6', '2021-11-17 06:22:12.618531'),
(3113, 596, 26, '1', '\"', '2021-11-17 06:22:24.477170'),
(3114, 596, 41, '1', '5', '2021-11-17 06:22:40.210472'),
(3115, 596, 44, '1', '\"', '2021-11-17 06:22:48.448273'),
(3116, 596, 170, '7', '\"', '2021-11-17 06:23:55.536864'),
(3117, 597, 34, '0.5', '12', '2021-11-17 06:26:44.462310'),
(3118, 597, 90, '\"', '7', '2021-11-17 06:27:14.885878'),
(3119, 597, 152, '0.55', '5', '2021-11-17 06:27:40.374136'),
(3120, 597, 123, '1', '3', '2021-11-17 06:27:52.130831'),
(3121, 597, 121, '6', '14', '2021-11-17 06:28:17.021138'),
(3122, 597, 16, '0.65', '\"', '2021-11-17 06:28:58.451017'),
(3123, 598, 116, '5', '7', '2021-11-17 06:32:36.222942'),
(3124, 598, 63, '2', '5', '2021-11-17 06:32:48.600362'),
(3125, 598, 1, '6', '5', '2021-11-17 06:33:00.333940'),
(3126, 598, 48, '1.5', '\"', '2021-11-17 06:33:20.488385'),
(3127, 598, 146, '6', '\"', '2021-11-17 06:33:32.335390'),
(3128, 599, 66, '5', '5', '2021-11-17 06:37:59.438718'),
(3129, 599, 29, '5', '10', '2021-11-17 06:38:08.808751'),
(3130, 599, 9, '6', '5', '2021-11-17 06:38:24.653092'),
(3131, 599, 31, '5', '60', '2021-11-17 06:38:48.069509'),
(3132, 600, 14, '0.8', '5', '2021-11-17 06:43:34.046791'),
(3133, 600, 121, '6', '14', '2021-11-17 06:44:26.508094'),
(3134, 600, 16, '0.7', '\"', '2021-11-17 06:44:48.521787'),
(3135, 600, 23, '0.5', '\"', '2021-11-17 06:45:19.161530'),
(3136, 600, 21, '0.7', '\"', '2021-11-17 06:45:37.950123'),
(3137, 601, 7, '4', '6', '2021-11-17 06:50:06.818772'),
(3138, 601, 54, '0.4', '3', '2021-11-17 06:50:16.472077'),
(3139, 601, 11, '2.5', '5', '2021-11-17 06:50:34.227325'),
(3140, 601, 123, '1.3', '\"', '2021-11-17 06:50:47.546682'),
(3141, 601, 23, '0.5', '\"', '2021-11-17 06:50:59.084607'),
(3142, 602, 97, '2', '45', '2021-11-17 06:53:55.130754'),
(3143, 602, 69, '5', '90', '2021-11-17 06:54:06.833346'),
(3144, 602, 32, '4', '60', '2021-11-17 06:54:18.102150'),
(3145, 602, 48, '0.5', '\"', '2021-11-17 06:54:30.184114'),
(3146, 602, 5, '5', '\"', '2021-11-17 06:54:42.876197'),
(3147, 603, 7, '5', '6', '2021-11-17 06:57:57.413256'),
(3148, 603, 55, '4.5', '45', '2021-11-17 06:58:07.905966'),
(3149, 603, 38, '3', '5', '2021-11-17 06:58:29.645031'),
(3150, 603, 48, '1', '\"', '2021-11-17 06:58:37.036312'),
(3151, 603, 5, '6', '\"', '2021-11-17 06:59:05.591712'),
(3152, 603, 31, '5', '60', '2021-11-17 06:59:19.354735'),
(3153, 604, 114, '1', '6', '2021-11-17 07:02:51.046351'),
(3154, 604, 81, '\"', '10', '2021-11-17 07:03:15.797916'),
(3155, 604, 145, '1', '6', '2021-11-17 07:03:25.749419'),
(3156, 604, 113, '1', '\"', '2021-11-17 07:03:35.971078'),
(3157, 605, 7, '4.5', '7', '2021-11-17 07:06:31.944673'),
(3158, 605, 50, '5', '6', '2021-11-17 07:06:42.152421'),
(3159, 605, 81, '\"', '7', '2021-11-17 07:06:52.698008'),
(3160, 605, 108, '4', '5', '2021-11-17 07:07:09.836345'),
(3161, 605, 125, '1', '6', '2021-11-17 07:07:16.573270'),
(3162, 605, 5, '5.5', '\"', '2021-11-17 07:07:29.116847'),
(3163, 605, 136, '4.5', '60', '2021-11-17 07:07:41.728363'),
(3164, 606, 7, '4', '7', '2021-11-17 07:09:36.809793'),
(3165, 606, 55, '3.5', '60', '2021-11-17 07:09:51.663698'),
(3166, 606, 13, '1', '5', '2021-11-17 07:10:02.782083'),
(3167, 606, 147, '2.5', '6', '2021-11-17 07:10:37.858921'),
(3168, 606, 5, '4.5', '\"', '2021-11-17 07:10:49.899184'),
(3169, 606, 136, '4', '60', '2021-11-17 07:11:11.058159'),
(3170, 607, 7, '3.5', '6', '2021-11-17 07:14:45.389117'),
(3171, 607, 50, '4.5', '6', '2021-11-17 07:15:14.715945'),
(3172, 607, 13, '1', '5', '2021-11-17 07:15:23.644398'),
(3173, 607, 21, '1.2', '\"', '2021-11-17 07:15:45.099482'),
(3174, 607, 23, '0.5', '60', '2021-11-17 07:16:16.128697'),
(3175, 607, 24, '0.7', '60', '2021-11-17 07:16:33.598690'),
(3177, 608, 37, '2.5', '6', '2021-11-17 07:20:00.242685'),
(3178, 608, 108, '4', '5', '2021-11-17 07:20:11.323752'),
(3179, 608, 55, '3.5', '45', '2021-11-17 07:20:31.285342'),
(3180, 608, 26, '1', '\"', '2021-11-17 07:20:50.909342'),
(3181, 608, 63, '2', '4', '2021-11-17 07:21:14.529886'),
(3182, 608, 7, '3', '6', '2021-11-17 07:21:41.398668'),
(3183, 609, 7, '3.5', '6', '2021-11-17 07:28:22.470028'),
(3184, 609, 50, '4.5', '5', '2021-11-17 07:28:31.648914'),
(3185, 609, 5, '4.5', '\"', '2021-11-17 07:28:40.867449'),
(3186, 609, 26, '1', '\"', '2021-11-17 07:28:57.102489'),
(3187, 609, 24, '0.75', '90', '2021-11-17 07:29:18.357150'),
(3188, 610, 149, '3.5', '6', '2021-11-17 07:31:26.362470'),
(3189, 610, 26, '1', '\"', '2021-11-17 07:31:33.759461'),
(3190, 610, 146, '4.5', '\"', '2021-11-17 07:31:48.721097'),
(3191, 610, 188, '4.5', '5', '2021-11-17 07:31:56.944762'),
(3192, 610, 102, '6.5', '35', '2021-11-17 07:32:17.971847'),
(3193, 611, 188, '3.5', '7', '2021-11-17 07:35:07.542085'),
(3194, 611, 7, '5', '7', '2021-11-17 07:35:14.092657'),
(3195, 611, 3, '2', '5', '2021-11-17 07:35:32.371655'),
(3196, 611, 55, '4.5', '60', '2021-11-17 07:35:45.116167'),
(3197, 611, 5, '6', '\"', '2021-11-17 07:36:05.455121'),
(3198, 611, 31, '5', '60', '2021-11-17 07:36:16.086725'),
(3199, 611, 119, '5', '\"', '2021-11-17 07:36:34.435707'),
(3200, 612, 13, '0.75', '6', '2021-11-17 07:39:59.394350'),
(3201, 612, 187, '2', '7', '2021-11-17 07:40:18.488405'),
(3202, 612, 11, '1.8', '6', '2021-11-17 07:40:35.556683'),
(3203, 612, 22, '0.35', '\"', '2021-11-17 07:40:50.833086'),
(3204, 612, 26, '1', '\"', '2021-11-17 07:41:15.543682'),
(3205, 612, 5, '3', '\"', '2021-11-17 07:41:36.775398'),
(3206, 612, 23, '0.5', '\"', '2021-11-17 07:41:49.381023'),
(3207, 613, 157, '3.5', '7', '2021-11-17 07:45:05.945863'),
(3208, 613, 29, '5.5', '10', '2021-11-17 07:45:37.670573'),
(3209, 613, 119, '5', '\"', '2021-11-17 07:46:01.121407'),
(3210, 613, 65, '5', '5', '2021-11-17 07:46:15.134677'),
(3211, 613, 27, '5', '\"', '2021-11-17 07:46:27.379544'),
(3212, 613, 170, '6.5', '\"', '2021-11-17 07:48:12.102134'),
(3213, 614, 45, '1', '12', '2021-11-17 07:54:13.995847'),
(3214, 614, 98, '3.5', '35', '2021-11-17 07:54:27.939603'),
(3215, 614, 102, '6.5', '60', '2021-11-17 07:54:59.174287'),
(3216, 614, 146, '5', '\"', '2021-11-17 07:55:19.324077'),
(3217, 614, 149, '4', '6', '2021-11-17 07:55:36.240499'),
(3218, 614, 94, '10', '\"', '2021-11-17 07:55:58.222685'),
(3219, 615, 5, '5.5', '\"', '2021-11-17 07:58:37.624044'),
(3220, 615, 107, '4.5', '\"', '2021-11-17 07:58:53.054210'),
(3221, 615, 55, '4.5', '3', '2021-11-17 07:59:04.723859'),
(3222, 615, 28, '3', '7', '2021-11-17 07:59:18.723502'),
(3223, 615, 37, '3', '5', '2021-11-17 07:59:42.498837'),
(3224, 615, 136, '5', '60', '2021-11-17 07:59:55.931155'),
(3225, 616, 50, '6', '5', '2021-11-17 08:02:36.278207'),
(3226, 616, 2, '3', '6', '2021-11-17 08:02:49.359826'),
(3227, 616, 97, '3', '30', '2021-11-17 08:03:03.263674'),
(3228, 616, 26, '1', '\"', '2021-11-17 08:03:14.105847'),
(3230, 616, 146, '4', '\"', '2021-11-17 08:03:55.760189'),
(3231, 616, 31, '5', '60', '2021-11-17 08:04:11.189815'),
(3232, 617, 7, '4.5', '6', '2021-11-17 08:06:42.903544'),
(3233, 617, 26, '1', '\"', '2021-11-17 08:06:50.804588'),
(3234, 617, 50, '5', '5', '2021-11-17 08:07:04.479279'),
(3235, 617, 97, '2.5', '30', '2021-11-17 08:07:19.671674'),
(3236, 617, 36, '20', '\"', '2021-11-17 08:07:38.987672'),
(3237, 617, 136, '4', '60', '2021-11-17 08:08:06.071747'),
(3238, 618, 80, '4', '7', '2021-11-17 08:15:30.224920'),
(3239, 618, 23, '1', '\"', '2021-11-17 08:15:49.340570'),
(3240, 618, 134, '0.5', '60', '2021-11-17 08:16:05.775303'),
(3241, 619, 170, '6', '\"', '2021-11-17 08:21:19.417987'),
(3242, 619, 97, '2', '30', '2021-11-17 08:21:33.671162'),
(3243, 619, 76, '\"', '10', '2021-11-17 08:21:51.993555'),
(3244, 619, 60, '3.5', '35', '2021-11-17 08:22:34.056681'),
(3245, 620, 28, '3', '14', '2021-11-17 08:26:37.165659'),
(3246, 620, 170, '6', '\"', '2021-11-17 08:26:52.357152'),
(3247, 620, 27, '5', '\"', '2021-11-17 08:28:43.908441'),
(3248, 620, 29, '5', '10', '2021-11-17 08:28:55.236517'),
(3249, 621, 63, '2', '4', '2021-11-17 08:31:52.498237'),
(3250, 621, 50, '6', '5', '2021-11-17 08:32:28.286979'),
(3251, 621, 2, '3', '6', '2021-11-17 08:32:48.453309'),
(3252, 621, 26, '1', '\"', '2021-11-17 08:33:00.048761'),
(3253, 621, 146, '4', '\"', '2021-11-17 08:33:18.013524'),
(3254, 621, 31, '5', '30', '2021-11-17 08:33:36.948266'),
(3255, 623, 57, '3', '7', '2021-11-17 08:36:48.803788'),
(3256, 623, 82, '\"', '\"', '2021-11-17 08:36:58.660221'),
(3257, 623, 38, '3', '5', '2021-11-17 08:37:12.950934'),
(3258, 623, 87, '\"', '6', '2021-11-17 08:37:24.557245'),
(3259, 623, 31, '5', '60', '2021-11-17 08:37:43.509591'),
(3260, 622, 85, '1', '7', '2021-11-17 08:40:44.030217'),
(3261, 622, 23, '0.5', '\"', '2021-11-17 08:40:49.188060'),
(3262, 622, 26, '1', '\"', '2021-11-17 08:41:03.533743'),
(3264, 624, 24, '0.75', '60', '2021-11-17 08:45:01.328678'),
(3265, 624, 23, '0.5', '\"', '2021-11-17 08:45:11.675550'),
(3266, 624, 21, '1.3', '\"', '2021-11-17 08:45:26.375414'),
(3267, 625, 186, '0.8', '6', '2021-11-17 08:51:16.416247'),
(3268, 625, 17, '0.55', '6', '2021-11-17 08:51:28.417384'),
(3269, 625, 19, '0.55', '7', '2021-11-17 08:51:43.029916'),
(3270, 625, 68, '1.5', '90', '2021-11-17 08:52:08.588601'),
(3271, 625, 135, '0.4', '90', '2021-11-17 08:52:17.838137'),
(3272, 626, 45, '1', '10', '2021-11-17 08:58:36.243518'),
(3273, 626, 41, '1', '5', '2021-11-17 08:58:47.290156'),
(3274, 626, 98, '3', '30', '2021-11-17 08:59:01.402385'),
(3275, 626, 101, '4', '5', '2021-11-17 08:59:14.873522'),
(3276, 626, 44, '1', '\"', '2021-11-17 08:59:23.752852'),
(3277, 626, 102, '7', '60', '2021-11-17 08:59:40.878974'),
(3278, 627, 188, '4', '6', '2021-11-17 09:02:15.969020'),
(3279, 627, 7, '5', '7', '2021-11-17 09:02:28.521963'),
(3280, 627, 3, '2', '5', '2021-11-17 09:02:40.816938'),
(3281, 627, 26, '1', '\"', '2021-11-17 09:02:49.803930'),
(3282, 627, 5, '6.5', '\"', '2021-11-17 09:04:03.977021'),
(3283, 627, 97, '2.5', '30', '2021-11-17 09:04:16.583660'),
(3284, 629, 188, '5.5', '5', '2021-11-17 10:03:46.853280'),
(3285, 629, 116, '4.5', '6', '2021-11-17 10:03:58.515840'),
(3286, 629, 146, '5.5', '\"', '2021-11-17 10:04:07.707709'),
(3287, 629, 102, '7', '35', '2021-11-17 10:04:20.474842'),
(3288, 629, 177, '1', '\"', '2021-11-17 10:04:35.168493'),
(3289, 630, 186, '0.7', '6', '2021-11-17 10:13:23.652119'),
(3290, 630, 18, '1', '5', '2021-11-17 10:14:48.944273'),
(3291, 630, 23, '0.5', '\"', '2021-11-17 10:15:26.696066'),
(3292, 632, 19, '0.7', '6', '2021-11-17 10:20:40.809246'),
(3293, 632, 187, '1.6', '7', '2021-11-17 10:21:10.827384'),
(3294, 632, 13, '0.7', '6', '2021-11-17 10:21:23.130337'),
(3295, 632, 26, '1', '\"', '2021-11-17 10:21:28.723265'),
(3296, 632, 23, '0.5', '\"', '2021-11-17 10:21:34.827184'),
(3297, 632, 22, '0.3', '\"', '2021-11-17 10:21:54.765495'),
(3298, 631, 188, '3.5', '6', '2021-11-17 10:25:35.364709'),
(3299, 631, 2, '3', '7', '2021-11-17 10:25:44.023374'),
(3300, 631, 3, '2', '5', '2021-11-17 10:25:59.221713'),
(3301, 631, 63, '2', '4', '2021-11-17 10:26:11.908246'),
(3302, 631, 5, '6', '\"', '2021-11-17 10:26:35.915932'),
(3303, 631, 136, '4', '30', '2021-11-17 10:27:11.893660'),
(3304, 633, 188, '4', '7', '2021-11-17 10:29:11.150968'),
(3305, 633, 7, '4.5', '7', '2021-11-17 10:29:20.895071'),
(3306, 633, 3, '2', '5', '2021-11-17 10:29:35.407897'),
(3307, 633, 55, '4.5', '60', '2021-11-17 10:29:47.499782'),
(3308, 633, 5, '5.5', '\"', '2021-11-17 10:29:58.132481'),
(3309, 633, 48, '1', '\"', '2021-11-17 10:30:07.976769'),
(3310, 633, 31, '5', '60', '2021-11-17 10:30:25.536470'),
(3311, 635, 188, '5', '6', '2021-11-17 10:33:35.195167'),
(3312, 635, 116, '3.5', '7', '2021-11-17 10:33:42.725861'),
(3313, 635, 146, '5', '\"', '2021-11-17 10:33:55.035535'),
(3314, 635, 48, '1', '\"', '2021-11-17 10:34:11.847555'),
(3315, 635, 102, '6.5', '30', '2021-11-17 10:34:31.835592'),
(3316, 634, 23, '0.5', '\"', '2021-11-17 10:39:29.907140'),
(3317, 634, 134, '0.5', '60', '2021-11-17 10:39:38.974861'),
(3318, 634, 16, '0.5', '\"', '2021-11-17 10:39:47.028993'),
(3319, 634, 26, '1', '\"', '2021-11-17 10:39:56.261735'),
(3320, 628, 154, '4', '7', '2021-11-17 10:42:36.140343'),
(3321, 628, 175, '2.5', '5', '2021-11-17 10:42:53.772835'),
(3322, 628, 55, '4', '60', '2021-11-17 10:43:04.618326'),
(3323, 628, 188, '3.5', '6', '2021-11-17 10:43:23.054309'),
(3324, 628, 5, '5', '\"', '2021-11-17 10:43:35.084647'),
(3325, 628, 23, '0.5', '\"', '2021-11-17 10:44:03.390673'),
(3326, 636, 186, '0.5', '7', '2021-11-17 10:52:01.352686'),
(3327, 636, 20, '0.7', '6', '2021-11-17 10:52:16.030678'),
(3328, 636, 16, '0.5', '\"', '2021-11-17 10:52:52.339277'),
(3329, 636, 135, '0.3', '60', '2021-11-17 10:54:10.956069'),
(3330, 636, 68, '1', '60', '2021-11-17 10:54:27.917348'),
(3331, 637, 5, '5.5', '\"', '2021-11-17 10:57:31.824911'),
(3332, 637, 97, '2', '35', '2021-11-17 10:57:56.269072'),
(3333, 637, 31, '5', '60', '2021-11-17 10:58:12.927495'),
(3334, 637, 32, '4.5', '90', '2021-11-17 10:58:59.705663'),
(3335, 638, 45, '1', '7', '2021-11-17 11:03:28.023228'),
(3336, 638, 48, '1', '\"', '2021-11-17 11:03:35.143032'),
(3337, 638, 41, '1', '6', '2021-11-17 11:03:40.549837'),
(3338, 638, 145, '1', '5', '2021-11-17 11:03:50.270412'),
(3339, 638, 51, '6.5', '30', '2021-11-17 11:04:13.901072'),
(3340, 638, 44, '1', '\"', '2021-11-17 11:04:26.889359'),
(3341, 639, 62, '2', '180', '2021-11-17 11:06:09.226831'),
(3343, 639, 63, '2', '4', '2021-11-17 11:06:35.790652'),
(3344, 639, 187, '2.5', '7', '2021-11-17 11:06:47.567173'),
(3345, 639, 37, '2.5', '6', '2021-11-17 11:07:00.158687'),
(3346, 639, 21, '1.3', '\"', '2021-11-17 11:07:16.859588'),
(3347, 640, 146, '5', '\"', '2021-11-17 11:10:14.856321'),
(3348, 640, 55, '5.5', '45', '2021-11-17 11:10:41.935584'),
(3349, 640, 11, '4.5', '5', '2021-11-17 11:11:19.715801'),
(3350, 640, 26, '2', '\"', '2021-11-17 11:11:41.777752'),
(3351, 644, 79, '4', '7', '2021-11-17 11:15:54.940338'),
(3352, 644, 59, '3', '5', '2021-11-17 11:16:07.581660'),
(3353, 644, 132, '7.5', '\"', '2021-11-17 11:16:27.118552'),
(3354, 644, 28, '3', '7', '2021-11-17 11:16:46.136151'),
(3355, 641, 97, '2.5', '45', '2021-11-17 11:20:18.469839'),
(3356, 641, 50, '5.5', '5', '2021-11-17 11:20:33.532251'),
(3357, 641, 31, '5', '60', '2021-11-17 11:20:48.361447'),
(3358, 641, 26, '1', '\"', '2021-11-17 11:20:56.428918'),
(3359, 642, 116, '3', '7', '2021-11-17 11:23:31.329183'),
(3360, 642, 3, '2.5', '5', '2021-11-17 11:23:42.488044'),
(3361, 642, 188, '4', '6', '2021-11-17 11:23:51.012555'),
(3362, 642, 74, '7.5', '\"', '2021-11-17 11:24:02.888585'),
(3363, 642, 97, '3', '25', '2021-11-17 11:24:33.972398'),
(3364, 643, 5, '5', '\"', '2021-11-17 11:28:09.230009'),
(3365, 643, 85, '1', '7', '2021-11-17 11:28:21.588386'),
(3366, 643, 97, '2', '30', '2021-11-17 11:28:46.944134'),
(3367, 643, 136, '4', '60', '2021-11-17 11:29:54.218637'),
(3368, 643, 170, '5.5', '\"', '2021-11-17 11:30:09.852214'),
(3369, 645, 63, '2', '4', '2021-11-17 11:33:39.028543'),
(3370, 645, 62, '2', '90', '2021-11-17 11:33:54.141130'),
(3371, 645, 187, '2.5', '7', '2021-11-17 11:35:29.052294'),
(3372, 645, 37, '2.5', '6', '2021-11-17 11:35:50.802056'),
(3373, 645, 5, '5.5', '\"', '2021-11-17 11:36:43.628122'),
(3374, 645, 136, '4', '60', '2021-11-17 11:36:58.110492'),
(3375, 646, 74, '1.5', '\"', '2021-11-17 11:45:18.582694'),
(3376, 646, 16, '0.65', '\"', '2021-11-17 11:45:35.111992'),
(3377, 646, 23, '0.5', '\"', '2021-11-17 11:47:26.021962'),
(3378, 647, 97, '3', '30', '2021-11-17 11:51:12.259303'),
(3379, 647, 74, '6.5', '\"', '2021-11-17 11:51:34.495220'),
(3380, 647, 26, '1', '\"', '2021-11-17 11:51:58.367677'),
(3381, 647, 149, '3.5', '6', '2021-11-17 11:52:18.085341'),
(3382, 648, 45, '1', '12', '2021-11-17 11:55:27.674028'),
(3383, 648, 173, '1', '5', '2021-11-17 11:55:34.779993'),
(3385, 648, 138, '6.5', '60', '2021-11-17 11:56:19.445264'),
(3386, 648, 98, '3.5', '35', '2021-11-17 11:57:31.891345'),
(3387, 649, 56, '1', '60', '2021-11-17 12:00:25.448238'),
(3388, 649, 116, '4', '7', '2021-11-17 12:00:35.009899'),
(3389, 649, 188, '5', '6', '2021-11-17 12:00:42.223640'),
(3390, 649, 48, '1', '\"', '2021-11-17 12:00:53.856856'),
(3391, 649, 44, '1', '\"', '2021-11-17 12:01:06.764946'),
(3392, 649, 51, '6.5', '35', '2021-11-17 12:01:26.619300'),
(3393, 650, 188, '4.5', '5', '2021-11-17 12:04:43.570880'),
(3394, 650, 57, '3', '7', '2021-11-17 12:05:55.599788'),
(3395, 650, 116, '3.5', '6', '2021-11-17 12:06:15.324738'),
(3396, 650, 98, '3', '35', '2021-11-17 12:06:56.642352'),
(3397, 651, 49, '5', '6', '2021-11-17 12:11:09.687665'),
(3398, 651, 55, '5', '12', '2021-11-17 12:11:25.862769'),
(3399, 651, 86, '3', '7', '2021-11-17 12:11:36.820250'),
(3400, 651, 5, '6.5', '\"', '2021-11-17 12:11:47.594236'),
(3401, 651, 95, '5', '\"', '2021-11-17 12:12:21.111078'),
(3402, 651, 31, '5', '60', '2021-11-17 12:12:42.742079'),
(3404, 652, 16, '0.7', '\"', '2021-11-17 12:56:22.797229'),
(3405, 652, 25, '0.7', '7', '2021-11-17 12:56:55.282741'),
(3406, 652, 23, '0.5', '\"', '2021-11-17 12:58:17.311056'),
(3407, 652, 26, '1', '\"', '2021-11-17 12:58:43.788607'),
(3409, 653, 188, '4.5', '6', '2021-11-17 13:04:33.718845'),
(3410, 653, 116, '3.5', '7', '2021-11-17 13:04:48.087745'),
(3411, 653, 3, '2.5', '5', '2021-11-17 13:05:04.938616'),
(3412, 653, 48, '1', '\"', '2021-11-17 13:05:27.886594'),
(3413, 653, 146, '4.5', '\"', '2021-11-17 13:05:41.555194'),
(3414, 653, 31, '5', '30', '2021-11-17 13:06:11.606558'),
(3417, 654, 36, '40', '\"', '2021-11-17 13:09:00.042052'),
(3418, 654, 29, '7', '7', '2021-11-17 13:09:12.271467'),
(3419, 654, 27, '7', '\"', '2021-11-17 13:09:38.179115'),
(3420, 654, 28, '4.5', '6', '2021-11-17 13:10:01.492968'),
(3421, 654, 65, '6.5', '4', '2021-11-17 13:10:15.516726'),
(3422, 654, 141, '5.5', '\"', '2021-11-17 13:10:28.111828'),
(3423, 655, 59, '3', '5', '2021-11-18 04:52:55.103099'),
(3424, 655, 33, '5', '10', '2021-11-18 04:53:11.709660'),
(3425, 655, 79, '4', '7', '2021-11-18 04:53:31.525494'),
(3426, 655, 136, '5', '60', '2021-11-18 04:53:43.396367'),
(3427, 655, 190, '1', '5', '2021-11-18 04:53:50.800568'),
(3428, 655, 36, '20', '\"', '2021-11-18 04:54:12.767336'),
(3429, 657, 55, '5', '60', '2021-11-18 05:03:22.257704'),
(3430, 657, 126, '2.5', '10', '2021-11-18 05:03:45.881215'),
(3431, 657, 36, '20', '\"', '2021-11-18 05:04:05.188126'),
(3432, 657, 149, '3.5', '6', '2021-11-18 05:04:25.781798'),
(3433, 657, 65, '4.5', '4', '2021-11-18 05:04:57.079068'),
(3434, 657, 62, '2', '90', '2021-11-18 05:05:25.264698'),
(3435, 658, 138, '5', '60', '2021-11-18 05:08:58.192611'),
(3436, 658, 59, '3.5', '60', '2021-11-18 05:10:27.516476'),
(3437, 659, 23, '0.5', '\"', '2021-11-18 05:14:48.021155'),
(3438, 659, 25, '0.8', '7', '2021-11-18 05:15:03.825046'),
(3439, 659, 135, '0.7', '60', '2021-11-18 05:15:44.647759'),
(3440, 659, 21, '1', '\"', '2021-11-18 05:16:18.022013'),
(3442, 660, 154, '3.5', '7', '2021-11-18 05:20:23.551031'),
(3443, 660, 27, '2.5', '6', '2021-11-18 05:20:45.176294'),
(3444, 660, 108, '4', '5', '2021-11-18 05:20:59.198940'),
(3445, 660, 48, '1', '\"', '2021-11-18 05:21:11.146683'),
(3446, 660, 32, '4', '70', '2021-11-18 05:21:33.752143'),
(3447, 661, 66, '5', '6', '2021-11-18 05:24:26.422329'),
(3448, 661, 29, '5', '10', '2021-11-18 05:24:41.251819'),
(3449, 661, 126, '2.5', '10', '2021-11-18 05:24:54.948329'),
(3450, 661, 50, '6', '5', '2021-11-18 05:25:06.857196'),
(3451, 661, 31, '5', '60', '2021-11-18 05:25:27.579088'),
(3452, 662, 126, '2.5', '10', '2021-11-18 05:30:40.222431'),
(3454, 662, 50, '5', '5', '2021-11-18 05:30:54.544214'),
(3455, 662, 36, '30', '\"', '2021-11-18 05:31:10.134102'),
(3456, 662, 154, '4', '6', '2021-11-18 05:31:19.303343'),
(3457, 662, 156, '1', '3', '2021-11-18 05:31:32.111858'),
(3458, 662, 32, '4', '70', '2021-11-18 05:31:49.427678'),
(3459, 663, 188, '4', '7', '2021-11-18 05:37:50.931701'),
(3460, 663, 80, '4', '7', '2021-11-18 05:38:11.899969'),
(3461, 663, 29, '4.5', '10', '2021-11-18 05:38:35.622141'),
(3462, 663, 5, '5.5', '\"', '2021-11-18 05:38:49.793301'),
(3463, 663, 27, '4', '\"', '2021-11-18 05:39:37.048712'),
(3464, 663, 31, '5', '60', '2021-11-18 05:40:01.709908'),
(3465, 664, 9, '4.5', '6', '2021-11-18 05:43:14.786287'),
(3466, 664, 7, '3.5', '7', '2021-11-18 05:43:25.153974'),
(3467, 664, 55, '3.5', '30', '2021-11-18 05:43:43.351576'),
(3468, 664, 24, '0.7', '60', '2021-11-18 05:44:04.325102'),
(3469, 664, 26, '1', '\"', '2021-11-18 05:44:26.486274'),
(3470, 665, 110, '5', '7', '2021-11-18 05:47:03.046456'),
(3471, 665, 43, '1', '5', '2021-11-18 05:47:10.636892'),
(3472, 665, 146, '8', '\"', '2021-11-18 05:47:34.020255'),
(3473, 665, 26, '1', '\"', '2021-11-18 05:47:51.318831'),
(3474, 666, 55, '3.5', '45', '2021-11-18 05:51:15.608593'),
(3475, 666, 19, '0.85', '6', '2021-11-18 05:51:50.671686'),
(3476, 666, 7, '3.5', '6', '2021-11-18 05:52:09.829799'),
(3477, 666, 23, '0.5', '\"', '2021-11-18 05:52:28.309669'),
(3478, 667, 21, '0.75', '\"', '2021-11-18 05:57:11.181171'),
(3479, 667, 74, '2', '\"', '2021-11-18 05:57:50.277084'),
(3480, 667, 23, '0.5', '\"', '2021-11-18 05:58:33.780447'),
(3481, 667, 18, '1', '5', '2021-11-18 05:59:03.400039'),
(3482, 668, 21, '0.7', '\"', '2021-11-18 06:01:42.417616'),
(3483, 668, 54, '0.25', '3', '2021-11-18 06:01:55.906861'),
(3484, 668, 18, '1', '5', '2021-11-18 06:02:06.390541'),
(3485, 668, 26, '1', '\"', '2021-11-18 06:02:46.329699'),
(3486, 669, 34, '1', '10', '2021-11-18 06:04:08.928613'),
(3487, 669, 29, '3.5', '16', '2021-11-18 06:05:04.279436'),
(3488, 669, 36, '20', '\"', '2021-11-18 06:05:30.550988'),
(3489, 669, 163, '2.5', '4', '2021-11-18 06:05:49.515568'),
(3490, 669, 24, '0.7', '90', '2021-11-18 06:06:01.054671'),
(3491, 670, 80, '4', '7', '2021-11-18 06:12:51.907132'),
(3492, 670, 135, '0.6', '60', '2021-11-18 06:19:13.459028'),
(3494, 670, 25, '0.8', '8', '2021-11-18 06:19:52.131838'),
(3495, 671, 44, '1', '\"', '2021-11-18 06:22:05.663195'),
(3496, 671, 69, '6.5', '60', '2021-11-18 06:22:22.203722'),
(3497, 671, 77, '\"', '28', '2021-11-18 06:22:39.639847'),
(3498, 671, 96, '1', '28', '2021-11-18 06:22:54.443439'),
(3499, 672, 25, '0.5', '10', '2021-11-18 06:28:44.205259'),
(3500, 672, 68, '1', '90', '2021-11-18 06:29:02.118283'),
(3501, 672, 26, '1', '\"', '2021-11-18 06:29:35.930331'),
(3502, 672, 134, '0.5', '60', '2021-11-18 06:30:19.497102'),
(3503, 673, 146, '3.5', '\"', '2021-11-18 06:34:23.684062'),
(3504, 673, 31, '5', '30', '2021-11-18 06:34:35.658784'),
(3505, 674, 63, '2', '5', '2021-11-18 06:37:05.534957'),
(3506, 674, 62, '2', '90', '2021-11-18 06:37:14.488969'),
(3507, 674, 187, '3', '6', '2021-11-18 06:37:32.714249'),
(3508, 674, 188, '4', '6', '2021-11-18 06:37:46.204514'),
(3509, 674, 26, '2', '\"', '2021-11-18 06:37:58.851969'),
(3510, 674, 31, '5', '60', '2021-11-18 06:38:21.022015'),
(3511, 675, 19, '0.8', '6', '2021-11-18 06:43:07.794282'),
(3512, 675, 187, '2.5', '7', '2021-11-18 06:43:18.513440'),
(3513, 675, 13, '0.8', '6', '2021-11-18 06:43:30.899889'),
(3514, 675, 21, '1', '\"', '2021-11-18 06:43:37.575412'),
(3515, 675, 23, '0.5', '\"', '2021-11-18 06:43:44.852724'),
(3516, 675, 24, '0.7', '60', '2021-11-18 06:43:56.508234'),
(3517, 676, 5, '4', '\"', '2021-11-18 06:48:24.862265'),
(3518, 676, 13, '1', '5', '2021-11-18 06:48:43.309810'),
(3519, 676, 154, '3.5', '7', '2021-11-18 06:48:57.525418'),
(3520, 676, 103, '5', '6', '2021-11-18 06:49:15.959082'),
(3521, 676, 49, '3.5', '7', '2021-11-18 06:49:44.689008'),
(3522, 676, 22, '0.4', '\"', '2021-11-18 06:50:06.951160'),
(3523, 678, 146, '4', '\"', '2021-11-18 06:52:57.603694'),
(3524, 678, 155, '3', '6', '2021-11-18 06:53:11.232205'),
(3525, 678, 103, '6', '5', '2021-11-18 06:53:24.875546'),
(3526, 678, 26, '2', '\"', '2021-11-18 06:53:37.886579'),
(3527, 678, 189, '5', '60', '2021-11-18 06:53:57.211266'),
(3528, 677, 74, '3', '\"', '2021-11-18 06:57:20.706800'),
(3529, 677, 25, '0.8', '9', '2021-11-18 06:57:42.659184'),
(3530, 677, 23, '0.5', '\"', '2021-11-18 06:57:54.247253'),
(3531, 679, 110, '5', '7', '2021-11-18 07:01:14.851226'),
(3532, 679, 56, '1', '60', '2021-11-18 07:01:27.714104'),
(3533, 679, 43, '1', '5', '2021-11-18 07:01:44.531239'),
(3534, 679, 122, '1', '\"', '2021-11-18 07:01:51.739029'),
(3535, 679, 51, '7', '60', '2021-11-18 07:02:08.620824'),
(3536, 680, 146, '5', '\"', '2021-11-18 07:05:02.130031'),
(3537, 680, 86, '3', '7', '2021-11-18 07:05:23.217075'),
(3538, 680, 191, '\"', '2', '2021-11-18 07:06:08.141755'),
(3539, 680, 102, '7', '60', '2021-11-18 07:06:38.878642'),
(3540, 681, 63, '2', '5', '2021-11-18 07:11:26.624237'),
(3541, 681, 186, '0.7', '6', '2021-11-18 07:13:32.889944'),
(3542, 681, 19, '0.65', '7', '2021-11-18 07:14:05.507462'),
(3543, 681, 23, '0.5', '\"', '2021-11-18 07:14:26.872368'),
(3544, 682, 11, '2.5', '6', '2021-11-18 07:23:05.041903'),
(3545, 682, 187, '2.5', '7', '2021-11-18 07:23:16.343093'),
(3546, 682, 13, '1', '5', '2021-11-18 07:23:38.454960'),
(3547, 682, 22, '0.4', '\"', '2021-11-18 07:23:55.936719'),
(3548, 682, 21, '1.3', '\"', '2021-11-18 07:24:11.530091'),
(3549, 682, 23, '0.5', '\"', '2021-11-18 07:24:19.719769'),
(3550, 683, 149, '3.5', '6', '2021-11-18 07:31:58.961154'),
(3551, 683, 143, '1.5', '5', '2021-11-18 07:32:22.086920'),
(3552, 683, 55, '5', '30', '2021-11-18 07:32:31.174303'),
(3553, 683, 146, '4.5', '\"', '2021-11-18 07:32:41.877048'),
(3554, 684, 143, '0.25', '7', '2021-11-18 07:37:26.329653'),
(3555, 684, 45, '1', '7', '2021-11-18 07:37:40.247519'),
(3556, 685, 103, '4.5', '5', '2021-11-18 07:40:13.746399'),
(3557, 685, 7, '3.5', '6', '2021-11-18 07:40:29.532678'),
(3558, 685, 97, '2', '28', '2021-11-18 07:40:44.361017'),
(3559, 685, 80, '4', '7', '2021-11-18 07:41:05.950652'),
(3560, 685, 170, '5.5', '\"', '2021-11-18 07:41:27.100741'),
(3561, 685, 5, '4.5', '\"', '2021-11-18 07:41:44.231236'),
(3562, 686, 23, '0.5', '\"', '2021-11-18 07:45:20.332445'),
(3563, 686, 26, '1', '\"', '2021-11-18 07:45:27.740161'),
(3564, 686, 134, '0.5', '60', '2021-11-18 07:46:03.410569'),
(3565, 687, 175, '2.5', '5', '2021-11-18 07:48:27.071296'),
(3566, 687, 154, '4', '7', '2021-11-18 07:48:41.706716'),
(3567, 687, 9, '5', '6', '2021-11-18 07:48:52.158395'),
(3568, 687, 55, '4', '60', '2021-11-18 07:49:05.624674'),
(3569, 687, 5, '5', '\"', '2021-11-18 07:49:17.060470'),
(3570, 688, 157, '4', '7', '2021-11-18 07:52:06.329223'),
(3571, 688, 146, '5', '\"', '2021-11-18 07:52:22.670699'),
(3572, 688, 188, '5', '6', '2021-11-18 07:52:42.054682'),
(3573, 688, 27, '6.5', '\"', '2021-11-18 07:52:53.903041'),
(3575, 689, 188, '5', '6', '2021-11-18 07:54:57.563822'),
(3576, 689, 149, '4', '6', '2021-11-18 07:55:10.891723'),
(3577, 689, 146, '5.5', '\"', '2021-11-18 07:55:22.031074'),
(3578, 689, 45, '1', '7', '2021-11-18 07:55:29.000499'),
(3579, 689, 98, '3.5', '35', '2021-11-18 07:55:42.264609'),
(3580, 690, 19, '0.65', '7', '2021-11-18 07:58:45.409974'),
(3581, 690, 186, '0.8', '6', '2021-11-18 07:58:54.676962'),
(3582, 690, 13, '0.65', '6', '2021-11-18 07:59:16.621887'),
(3583, 690, 21, '0.75', '\"', '2021-11-18 07:59:32.234662'),
(3584, 690, 68, '1.5', '60', '2021-11-18 08:00:03.221355'),
(3585, 691, 45, '1', '6', '2021-11-18 08:02:09.218653'),
(3586, 691, 44, '1', '\"', '2021-11-18 08:02:17.668482'),
(3587, 691, 36, '30', '\"', '2021-11-18 08:02:39.202906'),
(3588, 691, 149, '3.5', '6', '2021-11-18 08:02:58.061345'),
(3589, 691, 188, '5', '6', '2021-11-18 08:03:06.756790'),
(3590, 691, 48, '1', '\"', '2021-11-18 08:03:28.577008'),
(3591, 692, 45, '1', '14', '2021-11-18 08:09:35.198353'),
(3592, 692, 147, '4', '30', '2021-11-18 08:09:50.268240'),
(3593, 692, 170, '10', '\"', '2021-11-18 08:10:12.850287'),
(3594, 692, 51, '6.5', '35', '2021-11-18 08:10:31.210655'),
(3595, 692, 146, '4.5', '\"', '2021-11-18 08:10:51.537287'),
(3596, 692, 119, '6', '\"', '2021-11-18 08:11:14.099824'),
(3597, 693, 63, '2', '5', '2021-11-18 08:15:01.817280'),
(3598, 693, 187, '1.8', '6', '2021-11-18 08:15:35.084302'),
(3599, 693, 19, '0.75', '6', '2021-11-18 08:16:03.144493'),
(3600, 693, 21, '1', '\"', '2021-11-18 08:16:23.058185'),
(3601, 693, 22, '0.35', '\"', '2021-11-18 08:17:07.630129'),
(3602, 694, 180, '1', '4', '2021-11-18 08:20:15.660275'),
(3603, 694, 102, '7', '30', '2021-11-18 08:20:50.652038'),
(3604, 695, 146, '4.5', '\"', '2021-11-18 08:23:11.655550'),
(3605, 695, 93, '1', '3', '2021-11-18 08:23:30.769925'),
(3607, 695, 27, '6', '\"', '2021-11-18 08:23:56.651678'),
(3608, 695, 45, '1', '6', '2021-11-18 08:24:13.898369'),
(3609, 695, 42, '1.5', '5', '2021-11-18 08:24:37.611659'),
(3610, 696, 149, '3.5', '7', '2021-11-18 08:28:33.943879'),
(3611, 696, 188, '4.5', '6', '2021-11-18 08:28:42.516032'),
(3612, 696, 146, '4.5', '\"', '2021-11-18 08:28:53.630993'),
(3613, 697, 76, '\"', '10', '2021-11-18 08:32:01.507368'),
(3614, 697, 80, '4', '10', '2021-11-18 08:32:16.250066'),
(3615, 697, 96, '1', '7', '2021-11-18 08:32:27.200199'),
(3616, 697, 19, '0.75', '6', '2021-11-18 08:32:49.223270'),
(3617, 697, 187, '2', '7', '2021-11-18 08:33:02.221286'),
(3618, 697, 13, '0.75', '6', '2021-11-18 08:33:16.168887'),
(3619, 697, 23, '0.5', '\"', '2021-11-18 08:33:37.066268'),
(3620, 698, 85, '1', '6', '2021-11-18 08:36:27.741374'),
(3622, 698, 132, '4', '\"', '2021-11-18 08:37:06.074379'),
(3623, 698, 28, '2.5', '7', '2021-11-18 08:37:30.864508'),
(3624, 698, 9, '4.5', '6', '2021-11-18 08:37:47.852144'),
(3625, 698, 136, '4', '6', '2021-11-18 08:38:05.435137'),
(3626, 699, 186, '1', '5', '2021-11-18 08:41:32.942591'),
(3627, 699, 21, '0.75', '\"', '2021-11-18 08:41:45.441531'),
(3628, 699, 16, '0.8', '\"', '2021-11-18 08:41:58.447009'),
(3629, 699, 151, '0.5', '\"', '2021-11-18 08:42:07.710000'),
(3630, 699, 26, '1', '\"', '2021-11-18 08:42:18.491429'),
(3631, 700, 149, '4', '7', '2021-11-18 08:45:02.707903'),
(3632, 700, 11, '5', '6', '2021-11-18 08:45:10.141899'),
(3633, 700, 146, '5', '\"', '2021-11-18 08:45:39.322356'),
(3634, 700, 26, '1', '\"', '2021-11-18 08:45:51.986502'),
(3635, 700, 48, '1', '\"', '2021-11-18 08:46:11.359331'),
(3636, 700, 88, '\"', '7', '2021-11-18 08:46:26.954748'),
(3637, 701, 63, '2', '5', '2021-11-18 09:59:21.381164'),
(3638, 701, 187, '2.5', '7', '2021-11-18 09:59:36.309400'),
(3639, 701, 13, '1', '5', '2021-11-18 09:59:43.583107'),
(3640, 701, 37, '2.5', '6', '2021-11-18 09:59:57.331605'),
(3641, 701, 26, '1', '\"', '2021-11-18 10:00:16.728890'),
(3642, 701, 23, '0.5', '\"', '2021-11-18 10:00:40.492471'),
(3643, 702, 146, '4', '\"', '2021-11-18 10:05:27.687965'),
(3644, 702, 177, '1.5', '\"', '2021-11-18 10:05:35.393962'),
(3646, 702, 41, '1.5', '6', '2021-11-18 10:06:22.822783'),
(3647, 702, 110, '5.5', '6', '2021-11-18 10:06:38.134550'),
(3648, 702, 71, '1.5', '6', '2021-11-18 10:07:20.745574'),
(3649, 703, 28, '2.5', '7', '2021-11-18 10:10:18.448774'),
(3650, 703, 5, '4.5', '\"', '2021-11-18 10:10:29.677951'),
(3651, 703, 54, '0.4', '4', '2021-11-18 10:10:53.569509'),
(3652, 703, 118, '4', '\"', '2021-11-18 10:11:19.649665'),
(3653, 703, 170, '5.5', '\"', '2021-11-18 10:11:38.382908'),
(3654, 703, 95, '5', '\"', '2021-11-18 10:13:16.172962'),
(3655, 704, 25, '0.8', '7', '2021-11-18 10:16:54.050902'),
(3656, 704, 151, '0.5', '\"', '2021-11-18 10:17:07.273052'),
(3657, 704, 134, '0.5', '60', '2021-11-18 10:17:31.819742'),
(3658, 705, 63, '2', '4', '2021-11-18 10:20:48.607438'),
(3659, 705, 76, '\"', '12', '2021-11-18 10:21:30.797191'),
(3660, 705, 187, '2.5', '6', '2021-11-18 10:21:57.155655'),
(3661, 705, 9, '4.5', '5', '2021-11-18 10:22:13.790377'),
(3662, 705, 26, '1', '\"', '2021-11-18 10:22:32.599251'),
(3663, 707, 21, '1', '\"', '2021-11-18 10:26:11.320013'),
(3664, 707, 187, '2', '7', '2021-11-18 10:26:21.049741'),
(3665, 707, 13, '0.75', '6', '2021-11-18 10:26:30.413822'),
(3666, 707, 55, '3.5', '60', '2021-11-18 10:26:53.650419'),
(3667, 707, 11, '2', '6', '2021-11-18 10:27:05.525679'),
(3668, 707, 24, '0.65', '90', '2021-11-18 10:27:34.163717'),
(3669, 706, 187, '2.5', '7', '2021-11-18 10:30:59.155889'),
(3670, 706, 13, '1', '5', '2021-11-18 10:31:09.731825'),
(3671, 706, 19, '0.8', '6', '2021-11-18 10:31:21.463503'),
(3672, 706, 26, '1', '\"', '2021-11-18 10:31:44.563955'),
(3673, 706, 63, '2', '4', '2021-11-18 10:31:56.631271'),
(3674, 706, 24, '0.7', '60', '2021-11-18 10:32:16.048455'),
(3675, 708, 16, '0.6', '\"', '2021-11-18 10:36:43.401746'),
(3676, 708, 23, '0.5', '\"', '2021-11-18 10:37:01.753195'),
(3677, 708, 134, '0.5', '60', '2021-11-18 10:37:45.199385'),
(3678, 708, 26, '1', '\"', '2021-11-18 10:37:57.170710'),
(3679, 708, 21, '0.45', '\"', '2021-11-18 10:38:16.751588'),
(3680, 709, 63, '2', '5', '2021-11-18 10:41:59.508248'),
(3681, 709, 62, '2', '120', '2021-11-18 10:42:10.993651'),
(3682, 709, 187, '2.5', '7', '2021-11-18 10:42:37.109472'),
(3683, 709, 9, '5.5', '6', '2021-11-18 10:42:50.399465'),
(3684, 709, 5, '6', '\"', '2021-11-18 10:43:08.216409'),
(3685, 709, 29, '5', '10', '2021-11-18 10:43:32.080443'),
(3686, 710, 28, '2.5', '10', '2021-11-18 10:47:08.958236'),
(3687, 710, 29, '3.5', '15', '2021-11-18 10:47:25.791692'),
(3688, 710, 36, '30', '\"', '2021-11-18 10:47:39.043205'),
(3689, 710, 126, '2.5', '10', '2021-11-18 10:47:55.658216'),
(3690, 710, 27, '3.5', '\"', '2021-11-18 10:48:06.745798'),
(3691, 710, 163, '3', '4', '2021-11-18 10:48:59.794125'),
(3692, 711, 34, '1', '14', '2021-11-18 10:52:11.209517'),
(3693, 711, 7, '4', '7', '2021-11-18 10:52:20.713792'),
(3694, 711, 108, '4', '5', '2021-11-18 10:52:34.631061'),
(3695, 711, 9, '5', '6', '2021-11-18 10:52:43.598962'),
(3696, 711, 36, '40', '\"', '2021-11-18 10:52:56.201162'),
(3697, 711, 5, '5', '\"', '2021-11-18 10:53:09.462299'),
(3698, 711, 32, '4', '90', '2021-11-18 10:53:40.866210'),
(3699, 712, 155, '2.5', '7', '2021-11-18 10:56:36.848888'),
(3700, 712, 108, '5', '4', '2021-11-18 10:56:46.323250'),
(3701, 712, 103, '5.5', '6', '2021-11-18 10:56:55.658011'),
(3702, 712, 48, '0.5', '\"', '2021-11-18 10:57:17.943373'),
(3703, 712, 30, '4.5', '90', '2021-11-18 10:57:40.305049'),
(3704, 712, 5, '5.5', '\"', '2021-11-18 10:57:53.312116'),
(3705, 713, 5, '3.5', '\"', '2021-11-18 11:01:49.228413');
INSERT INTO `tbl_medicine_for_generate_prescription` (`MG_Id`, `User_Id`, `M_Id`, `MG_medicine`, `MG_Day`, `MG_Date`) VALUES
(3706, 713, 93, '0.5', '3', '2021-11-18 11:01:59.742538'),
(3707, 713, 24, '0.7', '90', '2021-11-18 11:02:41.879348'),
(3708, 713, 29, '3.5', '14', '2021-11-18 11:03:05.450069'),
(3709, 713, 95, '4', '\"', '2021-11-18 11:03:41.589451'),
(3710, 714, 20, '0.8', '6', '2021-11-18 11:09:25.563338'),
(3711, 714, 64, '\"', '6', '2021-11-18 11:09:56.935375'),
(3712, 714, 17, '0.55', '6', '2021-11-18 11:10:09.781137'),
(3713, 714, 14, '0.7', '7', '2021-11-18 11:10:21.904368'),
(3714, 714, 19, '0.55', '7', '2021-11-18 11:10:48.532286'),
(3715, 715, 55, '6', '35', '2021-11-18 11:14:22.064174'),
(3716, 715, 149, '5', '6', '2021-11-18 11:14:36.639787'),
(3717, 715, 41, '1', '5', '2021-11-18 11:14:44.072802'),
(3718, 715, 26, '2', '\"', '2021-11-18 11:15:00.707245'),
(3719, 716, 102, '6.5', '60', '2021-11-18 11:19:33.489478'),
(3720, 716, 77, '\"', '60', '2021-11-18 11:19:50.230487'),
(3721, 717, 16, '0.75', '\"', '2021-11-18 11:27:03.406229'),
(3722, 717, 23, '0.5', '\"', '2021-11-18 11:27:14.572154'),
(3723, 717, 54, '0.25', '\"', '2021-11-18 11:28:37.966569'),
(3724, 717, 26, '1', '\"', '2021-11-18 11:29:04.467806'),
(3725, 720, 42, '1.5', '6', '2021-11-18 11:38:40.172843'),
(3726, 720, 64, '\"', '7', '2021-11-18 11:38:48.735989'),
(3727, 720, 125, '1', '5', '2021-11-18 11:39:00.073808'),
(3728, 720, 149, '3.5', '7', '2021-11-18 11:39:47.815834'),
(3729, 720, 146, '4.5', '\"', '2021-11-18 11:39:55.903304'),
(3730, 719, 170, '6', '\"', '2021-11-18 11:44:06.483179'),
(3731, 719, 81, '\"', '7', '2021-11-18 11:44:18.009914'),
(3732, 719, 97, '3', '25', '2021-11-18 11:44:33.760092'),
(3733, 718, 77, '\"', '28', '2021-11-18 11:48:09.307262'),
(3734, 718, 90, '\"', '14', '2021-11-18 11:48:33.853401'),
(3735, 718, 76, '\"', '10', '2021-11-18 11:48:51.429758'),
(3736, 718, 38, '2.5', '5', '2021-11-18 11:50:02.864156'),
(3737, 718, 97, '2.5', '25', '2021-11-18 11:50:20.233918'),
(3738, 721, 146, '4', '\"', '2021-11-18 11:54:37.741906'),
(3739, 721, 48, '1', '\"', '2021-11-18 11:54:48.600532'),
(3740, 721, 149, '3', '7', '2021-11-18 11:55:07.781669'),
(3741, 721, 55, '5', '3', '2021-11-18 11:55:23.061470'),
(3742, 721, 189, '5', '60', '2021-11-18 11:55:40.481561'),
(3744, 723, 149, '5', '7', '2021-11-18 11:58:25.780689'),
(3745, 723, 3, '4', '5', '2021-11-18 11:58:43.348196'),
(3746, 723, 56, '1', '90', '2021-11-18 11:58:54.131543'),
(3747, 723, 41, '1', '5', '2021-11-18 11:59:06.238390'),
(3748, 722, 149, '3', '7', '2021-11-18 12:02:15.052265'),
(3749, 722, 3, '2.5', '5', '2021-11-18 12:02:24.333376'),
(3750, 722, 48, '1', '\"', '2021-11-18 12:02:32.579922'),
(3751, 722, 1, '3.5', '6', '2021-11-18 12:02:51.821731'),
(3752, 722, 146, '4', '\"', '2021-11-18 12:03:01.764015'),
(3753, 722, 138, '5', '90', '2021-11-18 12:03:15.405875'),
(3754, 724, 181, '1', '45', '2021-11-18 12:47:30.541552'),
(3755, 724, 67, '3', '60', '2021-11-18 12:47:51.206337'),
(3756, 724, 170, '7.5', '\"', '2021-11-18 12:49:41.129611'),
(3757, 724, 94, '10', '\"', '2021-11-18 12:49:56.830234'),
(3758, 725, 136, '5', '60', '2021-11-18 12:52:58.420961'),
(3759, 725, 190, '1', '5', '2021-11-18 12:53:08.191589'),
(3760, 725, 59, '3', '5', '2021-11-18 12:53:15.919203'),
(3761, 725, 79, '4', '7', '2021-11-18 12:53:26.676684'),
(3762, 725, 132, '6.5', '\"', '2021-11-18 12:53:46.595488'),
(3763, 726, 154, '5', '7', '2021-11-18 12:57:31.404013'),
(3764, 726, 3, '2', '5', '2021-11-18 12:57:40.819944'),
(3765, 726, 1, '3.5', '7', '2021-11-18 12:57:49.697988'),
(3766, 726, 48, '1', '\"', '2021-11-18 12:57:55.274949'),
(3767, 726, 5, '6', '\"', '2021-11-18 12:58:05.569027'),
(3768, 726, 191, '\"', '3', '2021-11-18 12:58:23.289875'),
(3769, 726, 136, '4.5', '60', '2021-11-18 12:58:40.441543'),
(3771, 727, 177, '1', '\"', '2021-11-18 13:02:13.758669'),
(3772, 727, 71, '1', '5', '2021-11-18 13:02:24.390936'),
(3773, 727, 41, '1', '5', '2021-11-18 13:02:32.043694'),
(3774, 727, 122, '1', '\"', '2021-11-18 13:02:59.842683'),
(3775, 727, 69, '7', '60', '2021-11-18 13:03:34.774916'),
(3776, 727, 98, '4', '35', '2021-11-18 13:03:50.453089'),
(3777, 728, 34, '1', '14', '2021-11-18 13:06:45.158267'),
(3778, 728, 155, '3', '6', '2021-11-18 13:06:58.360453'),
(3779, 728, 36, '30', '\"', '2021-11-18 13:07:09.818353'),
(3780, 728, 103, '5.5', '5', '2021-11-18 13:07:22.515495'),
(3781, 728, 27, '4', '\"', '2021-11-18 13:07:30.236682'),
(3782, 728, 5, '5.5', '\"', '2021-11-18 13:07:42.313897'),
(3783, 729, 37, '3', '5', '2021-11-18 13:10:14.385298'),
(3784, 729, 192, '2.5', '3', '2021-11-18 13:10:29.401383'),
(3785, 729, 28, '3', '7', '2021-11-18 13:10:37.383418'),
(3786, 729, 26, '1', '\"', '2021-11-18 13:10:42.842532'),
(3787, 729, 5, '5.5', '\"', '2021-11-18 13:11:24.827684'),
(3788, 729, 31, '5', '60', '2021-11-18 13:11:34.459470'),
(3789, 731, 155, '3', '7', '2021-11-18 13:19:48.336950'),
(3790, 731, 103, '5', '6', '2021-11-18 13:20:02.764580'),
(3791, 731, 126, '2.5', '10', '2021-11-18 13:20:32.800456'),
(3792, 731, 36, '30', '\"', '2021-11-18 13:20:45.855017'),
(3793, 731, 27, '4', '\"', '2021-11-18 13:21:22.037790'),
(3794, 731, 29, '4.5', '10', '2021-11-18 13:21:35.632440'),
(3795, 731, 136, '4.5', '60', '2021-11-18 13:21:52.041148'),
(3796, 730, 1, '5', '6', '2021-11-18 13:23:58.399670'),
(3797, 730, 146, '4.5', '\"', '2021-11-18 13:24:07.953915'),
(3798, 730, 45, '1', '6', '2021-11-18 13:24:17.705842'),
(3799, 730, 27, '5.5', '\"', '2021-11-18 13:24:55.909484'),
(3800, 732, 16, '0.7', '\"', '2021-11-18 13:29:39.545732'),
(3801, 732, 25, '0.7', '7', '2021-11-18 13:29:55.519366'),
(3802, 732, 23, '0.5', '\"', '2021-11-18 13:30:09.494407'),
(3803, 732, 26, '1', '\"', '2021-11-18 13:30:27.278233'),
(3804, 732, 83, '\"', '12', '2021-11-18 13:30:59.252469'),
(3805, 733, 149, '3.5', '7', '2021-11-18 13:33:22.025457'),
(3806, 733, 1, '4', '6', '2021-11-18 13:33:28.272145'),
(3807, 733, 146, '4.5', '\"', '2021-11-18 13:33:37.960286'),
(3808, 733, 26, '1', '\"', '2021-11-18 13:33:56.659872'),
(3809, 733, 85, '1', '5', '2021-11-18 13:34:18.119815'),
(3810, 734, 16, '0.7', '\"', '2021-11-18 13:39:11.760973'),
(3811, 734, 139, '\"', '7', '2021-11-18 13:39:30.018006'),
(3812, 734, 77, '\"', '14', '2021-11-18 13:39:52.927132'),
(3813, 734, 23, '0.5', '\"', '2021-11-18 13:40:16.305438'),
(3814, 735, 124, '1', '5', '2021-11-18 13:43:43.842207'),
(3815, 735, 110, '6', '6', '2021-11-18 13:44:01.779263'),
(3816, 735, 26, '2', '\"', '2021-11-18 13:44:11.293095'),
(3817, 735, 41, '1.5', '5', '2021-11-18 13:44:28.759816'),
(3818, 735, 122, '1.5', '\"', '2021-11-18 13:44:44.671808'),
(3820, 741, 181, '2', '20', '2021-11-18 18:12:40.923785'),
(3821, 741, 188, '3', '5', '2021-11-18 18:13:00.464258'),
(3824, 745, 61, '2', '4', '2021-11-19 04:51:42.429727'),
(3825, 745, 2, '3', '7', '2021-11-19 04:51:55.222336'),
(3826, 745, 1, '4', '7', '2021-11-19 04:52:04.938971'),
(3827, 745, 146, '4.5', '\"', '2021-11-19 04:52:20.020483'),
(3828, 746, 137, '\"', '7', '2021-11-19 04:58:01.487372'),
(3829, 746, 31, '5', '60', '2021-11-19 04:58:20.380978'),
(3830, 746, 42, '1.5', '5', '2021-11-19 04:59:35.400496'),
(3831, 747, 16, '0.6', '\"', '2021-11-19 05:02:54.838020'),
(3832, 747, 23, '0.5', '\"', '2021-11-19 05:03:16.259772'),
(3833, 747, 25, '0.7', '7', '2021-11-19 05:04:20.050359'),
(3837, 749, 103, '4', '7', '2021-11-19 05:10:52.741037'),
(3838, 749, 19, '0.7', '7', '2021-11-19 05:11:03.600241'),
(3839, 749, 7, '3', '7', '2021-11-19 05:11:19.741542'),
(3840, 749, 13, '0.7', '6', '2021-11-19 05:12:10.569679'),
(3841, 749, 55, '3', '60', '2021-11-19 05:12:29.260141'),
(3842, 749, 24, '0.6', '90', '2021-11-19 05:12:47.835275'),
(3843, 750, 38, '3', '5', '2021-11-19 05:15:04.423233'),
(3844, 750, 154, '5', '6', '2021-11-19 05:15:17.246574'),
(3845, 750, 87, '\"', '6', '2021-11-19 05:15:47.267223'),
(3846, 750, 5, '6.5', '\"', '2021-11-19 05:16:00.387838'),
(3847, 750, 81, '\"', '7', '2021-11-19 05:16:24.069601'),
(3848, 750, 32, '5', '60', '2021-11-19 05:16:39.390324'),
(3849, 751, 38, '2.5', '6', '2021-11-19 05:19:39.286679'),
(3850, 751, 154, '4', '7', '2021-11-19 05:19:46.525134'),
(3851, 751, 55, '4', '45', '2021-11-19 05:19:57.226357'),
(3852, 751, 5, '4.5', '\"', '2021-11-19 05:20:11.096491'),
(3853, 752, 39, '3', '7', '2021-11-19 05:23:00.663167'),
(3854, 752, 21, '1.1', '\"', '2021-11-19 05:23:38.449916'),
(3855, 752, 103, '4', '6', '2021-11-19 05:24:33.509579'),
(3856, 752, 23, '0.5', '\"', '2021-11-19 05:24:46.554646'),
(3858, 753, 63, '2', '4', '2021-11-19 05:28:18.487765'),
(3859, 753, 13, '1', '5', '2021-11-19 05:28:39.663800'),
(3860, 753, 187, '2.5', '7', '2021-11-19 05:29:03.315488'),
(3861, 753, 9, '5', '6', '2021-11-19 05:29:23.243434'),
(3862, 753, 26, '1', '\"', '2021-11-19 05:31:27.928400'),
(3863, 753, 5, '4.5', '\"', '2021-11-19 05:31:52.360613'),
(3864, 753, 24, '0.7', '60', '2021-11-19 05:32:14.488399'),
(3865, 754, 13, '1', '5', '2021-11-19 05:34:21.722976'),
(3866, 754, 7, '3.5', '6', '2021-11-19 05:34:31.841107'),
(3867, 754, 103, '4', '6', '2021-11-19 05:34:47.470707'),
(3868, 754, 21, '1', '\"', '2021-11-19 05:35:02.068649'),
(3869, 754, 24, '0.7', '60', '2021-11-19 05:35:12.580388'),
(3870, 754, 68, '2', '60', '2021-11-19 05:36:07.279509'),
(3871, 755, 5, '5.5', '\"', '2021-11-19 05:38:01.788746'),
(3872, 755, 28, '2.5', '7', '2021-11-19 05:38:28.967751'),
(3873, 755, 48, '0.5', '\"', '2021-11-19 05:38:38.016566'),
(3874, 755, 103, '5', '5', '2021-11-19 05:38:57.213291'),
(3875, 756, 16, '0.7', '\"', '2021-11-19 05:44:55.841652'),
(3876, 756, 23, '0.5', '\"', '2021-11-19 05:45:04.382680'),
(3877, 756, 134, '0.5', '60', '2021-11-19 05:45:26.271352'),
(3878, 756, 15, '0.7', '6', '2021-11-19 05:46:54.453945'),
(3879, 756, 21, '0.6', '\"', '2021-11-19 05:47:09.002963'),
(3880, 757, 76, '\"', '10', '2021-11-19 05:52:04.607713'),
(3881, 757, 23, '0.5', '\"', '2021-11-19 05:52:16.626679'),
(3882, 757, 26, '1', '\"', '2021-11-19 05:52:26.025268'),
(3883, 757, 77, '\"', '14', '2021-11-19 05:52:57.194758'),
(3884, 757, 21, '0.7', '\"', '2021-11-19 05:53:26.070358'),
(3885, 758, 56, '1', '30', '2021-11-19 05:57:07.774671'),
(3886, 758, 124, '1.5', '5', '2021-11-19 05:57:19.941614'),
(3887, 758, 43, '1', '6', '2021-11-19 05:57:25.768006'),
(3888, 758, 110, '5', '7', '2021-11-19 05:57:34.047075'),
(3889, 758, 122, '1', '\"', '2021-11-19 05:57:47.033924'),
(3890, 758, 63, '3', '4', '2021-11-19 05:58:24.259458'),
(3891, 759, 2, '2.5', '7', '2021-11-19 06:06:08.120617'),
(3892, 759, 63, '2', '4', '2021-11-19 06:06:19.181018'),
(3893, 759, 9, '5', '6', '2021-11-19 06:06:30.467287'),
(3894, 759, 22, '0.5', '\"', '2021-11-19 06:06:55.414372'),
(3895, 759, 175, '2.5', '5', '2021-11-19 06:07:23.118931'),
(3896, 760, 86, '4', '7', '2021-11-19 06:10:23.342941'),
(3897, 760, 180, '1', '3', '2021-11-19 06:11:02.349283'),
(3898, 760, 41, '1', '6', '2021-11-19 06:11:24.735278'),
(3899, 760, 122, '1', '\"', '2021-11-19 06:11:36.792744'),
(3900, 761, 16, '0.6', '\"', '2021-11-19 06:16:36.701287'),
(3901, 761, 25, '0.6', '7', '2021-11-19 06:16:49.696758'),
(3902, 761, 23, '0.5', '\"', '2021-11-19 06:16:59.498177'),
(3903, 761, 26, '1', '\"', '2021-11-19 06:17:04.672226'),
(3904, 762, 16, '0.5', '\"', '2021-11-19 06:21:46.914864'),
(3905, 762, 23, '0.5', '\"', '2021-11-19 06:21:54.905117'),
(3906, 762, 26, '1', '\"', '2021-11-19 06:22:03.783699'),
(3907, 762, 21, '0.4', '\"', '2021-11-19 06:22:50.266916'),
(3908, 763, 149, '3', '7', '2021-11-19 06:26:32.064842'),
(3909, 763, 3, '2.5', '5', '2021-11-19 06:26:54.102449'),
(3910, 763, 1, '4', '6', '2021-11-19 06:27:13.624755'),
(3911, 763, 146, '4', '\"', '2021-11-19 06:27:27.193579'),
(3912, 765, 55, '5', '60', '2021-11-19 06:30:31.166930'),
(3913, 765, 155, '3', '7', '2021-11-19 06:30:50.176113'),
(3914, 765, 9, '6', '5', '2021-11-19 06:31:07.624208'),
(3915, 765, 5, '6.5', '\"', '2021-11-19 06:31:16.966501'),
(3916, 764, 62, '2', '90', '2021-11-19 06:34:02.344932'),
(3917, 764, 63, '2', '5', '2021-11-19 06:34:11.706702'),
(3918, 764, 55, '4', '60', '2021-11-19 06:34:21.393005'),
(3919, 764, 187, '2.5', '7', '2021-11-19 06:34:53.925116'),
(3920, 764, 9, '5', '6', '2021-11-19 06:35:25.406780'),
(3921, 766, 176, '0.6', '21', '2021-11-19 06:40:52.969146'),
(3922, 766, 123, '1', '5', '2021-11-19 06:41:02.850612'),
(3923, 766, 39, '5', '6', '2021-11-19 06:41:19.590284'),
(3924, 766, 19, '0.8', '6', '2021-11-19 06:41:31.456397'),
(3925, 766, 21, '1', '\"', '2021-11-19 06:41:44.106669'),
(3926, 766, 23, '0.5', '\"', '2021-11-19 06:41:58.947275'),
(3927, 766, 135, '0.7', '60', '2021-11-19 06:43:06.971742'),
(3928, 767, 59, '4', '7', '2021-11-19 06:48:43.100073'),
(3929, 767, 81, '\"', '7', '2021-11-19 06:48:54.817791'),
(3930, 767, 146, '5', '\"', '2021-11-19 06:49:27.963375'),
(3931, 768, 7, '5.5', '6', '2021-11-19 06:53:48.879513'),
(3932, 768, 194, '3', '35', '2021-11-19 06:54:01.152883'),
(3933, 768, 45, '1', '7', '2021-11-19 06:54:07.719536'),
(3934, 768, 117, '6.5', '60', '2021-11-19 06:54:27.781515'),
(3935, 768, 67, '2.5', '60', '2021-11-19 06:54:48.201697'),
(3936, 768, 94, '10', '\"', '2021-11-19 06:55:07.803576'),
(3937, 769, 123, '1', '4', '2021-11-19 06:59:33.969567'),
(3938, 769, 152, '1', '5', '2021-11-19 06:59:44.401302'),
(3939, 769, 25, '0.7', '7', '2021-11-19 06:59:59.616026'),
(3940, 769, 36, '20', '\"', '2021-11-19 07:00:15.873339'),
(3941, 769, 16, '0.7', '\"', '2021-11-19 07:00:34.914905'),
(3942, 769, 23, '0.5', '\"', '2021-11-19 07:00:46.588775'),
(3943, 770, 116, '4', '7', '2021-11-19 07:03:09.114870'),
(3944, 770, 41, '1', '5', '2021-11-19 07:03:18.610051'),
(3945, 770, 55, '5', '60', '2021-11-19 07:03:30.099264'),
(3946, 770, 146, '5', '\"', '2021-11-19 07:03:38.801377'),
(3947, 771, 187, '2.5', '7', '2021-11-19 07:06:22.816000'),
(3948, 771, 21, '1.3', '\"', '2021-11-19 07:06:38.692332'),
(3949, 771, 11, '2.5', '6', '2021-11-19 07:06:55.942453'),
(3950, 771, 13, '1', '5', '2021-11-19 07:07:05.601391'),
(3951, 771, 55, '3.5', '35', '2021-11-19 07:07:24.501219'),
(3952, 771, 23, '0.5', '\"', '2021-11-19 07:07:39.486030'),
(3953, 771, 24, '0.75', '60', '2021-11-19 07:07:50.082896'),
(3954, 772, 71, '1.5', '10', '2021-11-19 07:11:56.865668'),
(3955, 772, 173, '1.5', '5', '2021-11-19 07:12:10.483079'),
(3956, 772, 29, '7', '7', '2021-11-19 07:12:58.050338'),
(3957, 772, 128, '0.5', '\"', '2021-11-19 07:13:14.793937'),
(3958, 773, 26, '1', '\"', '2021-11-19 07:17:16.182764'),
(3959, 773, 16, '0.7', '\"', '2021-11-19 07:17:27.472925'),
(3960, 773, 15, '0.7', '6', '2021-11-19 07:17:37.925206'),
(3961, 773, 23, '0.5', '\"', '2021-11-19 07:17:45.360308'),
(3962, 773, 197, '0.5', '\"', '2021-11-19 07:18:13.505063'),
(3963, 774, 60, '2', '70', '2021-11-19 07:21:50.588480'),
(3964, 774, 23, '0.5', '\"', '2021-11-19 07:22:00.958758'),
(3965, 774, 172, '1', '60', '2021-11-19 07:22:45.212447'),
(3966, 774, 59, '1.5', '60', '2021-11-19 07:23:13.096953'),
(3967, 775, 18, '1', '5', '2021-11-19 07:27:22.377409'),
(3968, 775, 193, '\"', '\"', '2021-11-19 07:27:37.009781'),
(3969, 775, 14, '0.7', '6', '2021-11-19 07:28:02.866552'),
(3970, 775, 23, '0.5', '\"', '2021-11-19 07:28:14.251672'),
(3971, 776, 13, '1', '5', '2021-11-19 07:30:36.102490'),
(3972, 776, 2, '2', '7', '2021-11-19 07:31:02.811865'),
(3973, 776, 11, '2', '6', '2021-11-19 07:31:25.121354'),
(3974, 776, 123, '1', '3', '2021-11-19 07:31:32.832284'),
(3975, 776, 90, '\"', '7', '2021-11-19 07:31:52.700119'),
(3976, 777, 57, '2.5', '7', '2021-11-19 07:34:41.951343'),
(3977, 777, 5, '6', '\"', '2021-11-19 07:34:57.104838'),
(3978, 777, 107, '5', '\"', '2021-11-19 07:35:05.205427'),
(3979, 777, 37, '3', '5', '2021-11-19 07:35:26.349496'),
(3981, 778, 26, '1', '\"', '2021-11-19 07:58:06.408744'),
(3982, 778, 15, '0.7', '6', '2021-11-19 07:58:38.328717'),
(3983, 778, 16, '0.7', '\"', '2021-11-19 07:58:47.915397'),
(3984, 778, 23, '0.5', '\"', '2021-11-19 07:58:56.516574'),
(3985, 779, 5, '6.5', '\"', '2021-11-19 08:00:58.785310'),
(3986, 779, 107, '5', '\"', '2021-11-19 08:01:13.356417'),
(3987, 779, 37, '3', '5', '2021-11-19 08:01:26.194730'),
(3988, 779, 26, '1', '\"', '2021-11-19 08:01:41.453266'),
(3989, 779, 196, '1', '5', '2021-11-19 08:01:56.516354'),
(3990, 780, 27, '4.5', '\"', '2021-11-19 08:04:25.889115'),
(3991, 780, 28, '3.5', '7', '2021-11-19 08:04:35.122333'),
(3992, 780, 5, '6', '\"', '2021-11-19 08:04:46.102033'),
(3993, 780, 107, '5', '\"', '2021-11-19 08:04:54.377135'),
(3994, 780, 37, '3', '5', '2021-11-19 08:05:07.103279'),
(3995, 781, 126, '5', '10', '2021-11-19 08:08:35.022112'),
(3996, 781, 9, '6', '5', '2021-11-19 08:08:45.089822'),
(3997, 781, 156, '1', '4', '2021-11-19 08:08:53.152187'),
(3998, 781, 48, '1', '\"', '2021-11-19 08:09:09.094486'),
(3999, 781, 101, '3', '5', '2021-11-19 08:09:26.950198'),
(4000, 782, 15, '0.5', '6', '2021-11-19 08:13:48.693700'),
(4001, 782, 16, '0.5', '\"', '2021-11-19 08:13:55.835884'),
(4002, 782, 26, '1', '\"', '2021-11-19 08:14:01.660019'),
(4003, 782, 23, '0.5', '\"', '2021-11-19 08:14:18.259701'),
(4004, 783, 9, '4', '7', '2021-11-19 08:23:16.122309'),
(4005, 783, 7, '3.5', '7', '2021-11-19 08:23:22.959758'),
(4006, 783, 13, '1', '5', '2021-11-19 08:23:31.461667'),
(4008, 783, 24, '0.7', '60', '2021-11-19 08:24:05.832096'),
(4009, 783, 22, '0.35', '\"', '2021-11-19 08:24:20.990605'),
(4010, 783, 63, '2', '5', '2021-11-19 08:24:47.495583'),
(4011, 783, 62, '2', '180', '2021-11-19 08:25:04.197494'),
(4012, 784, 15, '0.6', '6', '2021-11-19 08:27:53.744274'),
(4013, 784, 26, '1', '\"', '2021-11-19 08:28:07.955138'),
(4014, 784, 16, '0.6', '\"', '2021-11-19 08:28:16.077467'),
(4015, 784, 23, '0.5', '\"', '2021-11-19 08:28:23.940009'),
(4016, 786, 38, '2.5', '6', '2021-11-19 08:31:40.837467'),
(4017, 786, 154, '4.5', '6', '2021-11-19 08:32:43.028082'),
(4018, 786, 55, '4.5', '45', '2021-11-19 08:33:04.052632'),
(4019, 786, 64, '\"', '7', '2021-11-19 08:33:29.940088'),
(4020, 786, 5, '5.5', '\"', '2021-11-19 08:34:03.304170'),
(4021, 786, 63, '2', '4', '2021-11-19 08:34:23.111751'),
(4022, 786, 62, '2', '90', '2021-11-19 08:34:35.738789'),
(4023, 785, 155, '2.5', '7', '2021-11-19 08:36:59.329678'),
(4024, 785, 9, '5', '6', '2021-11-19 08:37:11.891361'),
(4025, 785, 13, '1', '5', '2021-11-19 08:37:20.159293'),
(4026, 785, 5, '4.5', '\"', '2021-11-19 08:37:35.062260'),
(4027, 785, 136, '4', '60', '2021-11-19 08:37:50.199753'),
(4028, 787, 5, '4.5', '\"', '2021-11-19 08:40:13.308502'),
(4029, 787, 107, '3.5', '\"', '2021-11-19 08:40:32.369458'),
(4030, 787, 27, '3.5', '\"', '2021-11-19 08:41:42.596966'),
(4031, 787, 37, '2.5', '5', '2021-11-19 08:42:19.256103'),
(4032, 787, 24, '0.7', '90', '2021-11-19 08:42:46.298579'),
(4033, 788, 155, '3', '6', '2021-11-19 08:45:28.107351'),
(4034, 788, 55, '4.5', '5', '2021-11-19 08:46:18.299985'),
(4035, 788, 9, '5.5', '5', '2021-11-19 08:46:24.949999'),
(4036, 788, 5, '5.5', '\"', '2021-11-19 08:46:43.754601'),
(4037, 788, 136, '4', '60', '2021-11-19 08:47:08.135652'),
(4038, 789, 1, '4.5', '5', '2021-11-19 08:48:57.290475'),
(4039, 789, 196, '1', '7', '2021-11-19 08:49:10.136004'),
(4040, 789, 116, '3.5', '6', '2021-11-19 08:49:29.342972'),
(4041, 789, 170, '7', '\"', '2021-11-19 08:49:44.968507'),
(4042, 789, 146, '4.5', '\"', '2021-11-19 08:50:00.626460'),
(4043, 790, 63, '2', '4', '2021-11-19 08:54:05.941373'),
(4044, 790, 75, '\"', '7', '2021-11-19 08:54:17.361498'),
(4045, 790, 55, '4', '5', '2021-11-19 08:54:30.277817'),
(4046, 790, 187, '2.5', '7', '2021-11-19 08:54:53.280574'),
(4047, 790, 26, '1', '\"', '2021-11-19 08:55:03.881359'),
(4048, 790, 190, '1', '5', '2021-11-19 08:55:17.264564'),
(4049, 790, 38, '2.5', '6', '2021-11-19 08:55:49.599474'),
(4050, 791, 139, '\"', '7', '2021-11-19 09:00:54.971680'),
(4051, 791, 55, '4', '5', '2021-11-19 09:01:38.794047'),
(4052, 791, 136, '4', '60', '2021-11-19 09:02:10.950111'),
(4053, 792, 16, '0.6', '\"', '2021-11-19 09:06:14.749107'),
(4054, 792, 20, '1', '5', '2021-11-19 09:06:37.833695'),
(4055, 792, 15, '0.6', '6', '2021-11-19 09:07:04.215676'),
(4056, 792, 21, '0.45', '\"', '2021-11-19 09:07:20.707130'),
(4057, 793, 16, '0.7', '\"', '2021-11-19 09:44:26.637691'),
(4058, 793, 14, '0.7', '6', '2021-11-19 09:45:09.247290'),
(4059, 793, 18, '1', '5', '2021-11-19 09:45:36.851680'),
(4060, 793, 23, '0.5', '\"', '2021-11-19 09:45:58.361517'),
(4061, 794, 16, '0.65', '\"', '2021-11-19 09:47:21.839266'),
(4062, 794, 23, '0.5', '\"', '2021-11-19 09:48:50.436408'),
(4063, 794, 26, '1', '\"', '2021-11-19 09:49:29.719258'),
(4064, 794, 14, '0.7', '6', '2021-11-19 09:49:41.988408'),
(4065, 795, 21, '1', '\"', '2021-11-19 09:57:49.245830'),
(4066, 795, 135, '0.6', '90', '2021-11-19 09:58:02.902971'),
(4067, 795, 19, '0.75', '5', '2021-11-19 09:58:23.145596'),
(4068, 795, 39, '2.5', '7', '2021-11-19 09:58:35.309209'),
(4069, 795, 26, '1', '\"', '2021-11-19 09:59:32.074665'),
(4070, 795, 23, '0.5', '\"', '2021-11-19 09:59:43.808853'),
(4071, 796, 81, '\"', '6', '2021-11-19 10:01:41.550898'),
(4072, 796, 125, '1', '5', '2021-11-19 10:01:49.461675'),
(4073, 796, 127, '3.5', '21', '2021-11-19 10:02:13.473967'),
(4074, 797, 71, '1', '12', '2021-11-19 10:05:19.311091'),
(4075, 797, 194, '4', '35', '2021-11-19 10:05:34.006603'),
(4076, 797, 69, '7', '60', '2021-11-19 10:05:55.028757'),
(4077, 797, 164, '1', '30', '2021-11-19 10:06:30.475637'),
(4079, 798, 19, '0.85', '6', '2021-11-19 10:10:00.314883'),
(4080, 798, 55, '3.5', '60', '2021-11-19 10:10:25.944799'),
(4081, 798, 63, '2', '4', '2021-11-19 10:10:46.216432'),
(4082, 798, 187, '2.5', '7', '2021-11-19 10:11:39.765772'),
(4083, 798, 23, '0.5', '\"', '2021-11-19 10:12:08.225603'),
(4084, 799, 155, '3', '7', '2021-11-19 10:14:16.548891'),
(4085, 799, 9, '6', '5', '2021-11-19 10:14:25.696433'),
(4086, 799, 5, '7', '\"', '2021-11-19 10:14:39.517124'),
(4087, 799, 31, '5', '60', '2021-11-19 10:14:56.413552'),
(4088, 800, 19, '0.75', '6', '2021-11-19 10:18:38.545689'),
(4089, 800, 187, '1.5', '7', '2021-11-19 10:18:55.209952'),
(4090, 800, 13, '0.75', '6', '2021-11-19 10:19:14.167198'),
(4091, 800, 22, '0.3', '\"', '2021-11-19 10:19:30.312220'),
(4092, 800, 21, '0.9', '\"', '2021-11-19 10:19:47.119236'),
(4093, 800, 23, '0.5', '\"', '2021-11-19 10:20:11.475507'),
(4094, 801, 19, '0.8', '6', '2021-11-19 10:22:45.483273'),
(4095, 801, 13, '0.8', '6', '2021-11-19 10:22:58.748789'),
(4096, 801, 26, '1', '\"', '2021-11-19 10:23:11.536750'),
(4097, 801, 187, '2.5', '7', '2021-11-19 10:23:31.170044'),
(4098, 801, 22, '0.35', '\"', '2021-11-19 10:24:02.580295'),
(4099, 801, 21, '1', '\"', '2021-11-19 10:24:17.524762'),
(4100, 801, 23, '0.5', '\"', '2021-11-19 10:24:28.674661'),
(4101, 802, 26, '1', '\"', '2021-11-19 10:27:51.362710'),
(4102, 802, 16, '0.7', '\"', '2021-11-19 10:28:00.424273'),
(4103, 802, 23, '0.5', '\"', '2021-11-19 10:28:31.883820'),
(4105, 803, 26, '1', '\"', '2021-11-19 10:32:39.520296'),
(4106, 803, 16, '0.5', '\"', '2021-11-19 10:32:47.654680'),
(4107, 803, 23, '0.5', '\"', '2021-11-19 10:33:03.008372'),
(4108, 803, 134, '0.5', '60', '2021-11-19 10:33:12.203292'),
(4109, 804, 16, '0.65', '\"', '2021-11-19 10:39:15.900497'),
(4110, 804, 15, '0.8', '6', '2021-11-19 10:39:31.901426'),
(4111, 804, 26, '1', '\"', '2021-11-19 10:39:42.266610'),
(4112, 804, 23, '0.5', '\"', '2021-11-19 10:40:15.242778'),
(4113, 805, 16, '0.6', '\"', '2021-11-19 10:44:14.536272'),
(4114, 805, 23, '0.5', '\"', '2021-11-19 10:44:27.152757'),
(4115, 805, 134, '0.5', '60', '2021-11-19 10:44:38.040533'),
(4116, 805, 26, '1', '\"', '2021-11-19 10:44:46.323876'),
(4117, 805, 21, '0.5', '\"', '2021-11-19 10:45:01.845618'),
(4118, 806, 175, '2.5', '5', '2021-11-19 10:48:13.434105'),
(4119, 806, 154, '4', '7', '2021-11-19 10:48:30.210784'),
(4120, 806, 1, '3.5', '7', '2021-11-19 10:48:43.146885'),
(4121, 806, 48, '0.5', '\"', '2021-11-19 10:49:00.410319'),
(4122, 806, 21, '1.3', '\"', '2021-11-19 10:49:09.501246'),
(4123, 806, 23, '0.5', '\"', '2021-11-19 10:49:28.606670'),
(4124, 807, 19, '0.5', '7', '2021-11-19 10:54:14.248151'),
(4125, 807, 186, '0.65', '7', '2021-11-19 10:54:26.636697'),
(4126, 807, 17, '0.5', '6', '2021-11-19 10:54:44.619701'),
(4127, 807, 22, '0.2', '\"', '2021-11-19 10:54:59.596480'),
(4128, 808, 71, '1', '7', '2021-11-19 10:59:21.836729'),
(4129, 808, 146, '6', '\"', '2021-11-19 10:59:52.807900'),
(4130, 808, 107, '9', '\"', '2021-11-19 11:00:31.748652'),
(4131, 808, 149, '5', '6', '2021-11-19 11:00:52.035866'),
(4132, 808, 48, '1.5', '\"', '2021-11-19 11:02:05.973507'),
(4133, 808, 11, '5.5', '5', '2021-11-19 11:02:24.376823'),
(4134, 809, 21, '0.5', '\"', '2021-11-19 11:10:23.902714'),
(4135, 809, 16, '0.65', '\"', '2021-11-19 11:10:36.170895'),
(4136, 809, 54, '0.2', '4', '2021-11-19 11:10:59.025216'),
(4137, 809, 26, '1', '\"', '2021-11-19 11:11:10.734423'),
(4138, 809, 20, '0.8', '6', '2021-11-19 11:11:37.820865'),
(4139, 809, 23, '0.5', '\"', '2021-11-19 11:12:01.035731'),
(4140, 811, 2, '3', '6', '2021-11-19 11:16:20.186003'),
(4141, 811, 26, '1', '\"', '2021-11-19 11:16:30.230235'),
(4142, 811, 77, '\"', '14', '2021-11-19 11:16:50.467739'),
(4143, 810, 16, '0.65', '\"', '2021-11-19 11:21:23.854954'),
(4144, 810, 21, '0.6', '\"', '2021-11-19 11:21:40.714715'),
(4145, 810, 26, '1', '\"', '2021-11-19 11:21:50.317408'),
(4146, 810, 23, '0.5', '\"', '2021-11-19 11:22:13.359861'),
(4147, 812, 196, '1', '10', '2021-11-19 11:27:48.800344'),
(4148, 812, 74, '7', '\"', '2021-11-19 11:28:39.876167'),
(4149, 812, 146, '4.5', '\"', '2021-11-19 11:28:57.482008'),
(4150, 813, 20, '0.8', '6', '2021-11-19 11:37:08.122170'),
(4151, 813, 14, '0.65', '6', '2021-11-19 11:37:20.688774'),
(4152, 813, 17, '0.55', '6', '2021-11-19 11:37:31.329811'),
(4153, 813, 16, '0.65', '\"', '2021-11-19 11:37:51.836745'),
(4154, 813, 23, '0.5', '\"', '2021-11-19 11:38:01.958339'),
(4155, 813, 21, '0.6', '\"', '2021-11-19 11:38:24.814464'),
(4156, 814, 155, '3', '7', '2021-11-19 11:40:43.139615'),
(4157, 814, 55, '4.5', '60', '2021-11-19 11:41:00.496789'),
(4158, 814, 3, '2', '5', '2021-11-19 11:41:15.802888'),
(4159, 814, 37, '3', '5', '2021-11-19 11:41:31.141220'),
(4160, 814, 27, '5', '\"', '2021-11-19 11:41:46.392823'),
(4161, 814, 95, '5', '\"', '2021-11-19 11:42:08.683058'),
(4162, 815, 161, '0.6', '7', '2021-11-19 11:46:40.227658'),
(4163, 815, 15, '0.6', '7', '2021-11-19 11:46:51.138581'),
(4164, 815, 18, '0.8', '6', '2021-11-19 11:47:17.368918'),
(4165, 815, 22, '0.2', '\"', '2021-11-19 11:47:41.040066'),
(4166, 815, 23, '0.5', '\"', '2021-11-19 11:48:05.201188'),
(4167, 817, 97, '2', '30', '2021-11-19 11:49:56.280976'),
(4168, 817, 63, '2', '5', '2021-11-19 11:50:11.693337'),
(4169, 817, 136, '4', '60', '2021-11-19 11:50:27.753244'),
(4170, 817, 187, '2.5', '7', '2021-11-19 11:51:04.619914'),
(4171, 816, 57, '3', '6', '2021-11-19 11:53:37.813260'),
(4172, 816, 75, '\"', '6', '2021-11-19 11:53:46.625846'),
(4173, 816, 79, '4', '7', '2021-11-19 11:53:57.480802'),
(4174, 816, 146, '3.5', '\"', '2021-11-19 11:54:10.679321'),
(4175, 816, 31, '5', '60', '2021-11-19 11:54:26.126537'),
(4176, 818, 29, '4', '25', '2021-11-19 11:58:00.561452'),
(4177, 818, 66, '5', '6', '2021-11-19 11:58:15.648243'),
(4178, 818, 62, '2', '90', '2021-11-19 11:58:26.371664'),
(4179, 818, 9, '5', '6', '2021-11-19 11:58:34.189888'),
(4180, 818, 101, '2.5', '5', '2021-11-19 11:58:49.134449'),
(4181, 819, 48, '1', '\"', '2021-11-19 12:02:11.437601'),
(4182, 819, 196, '1', '7', '2021-11-19 12:02:24.122407'),
(4183, 819, 36, '40', '\"', '2021-11-19 12:02:47.995049'),
(4184, 819, 29, '7', '7', '2021-11-19 12:03:07.231355'),
(4185, 819, 44, '1', '\"', '2021-11-19 12:03:17.535890'),
(4186, 819, 65, '6.5', '4', '2021-11-19 12:03:44.094203'),
(4187, 820, 41, '1.5', '5', '2021-11-19 12:06:19.025659'),
(4188, 820, 125, '1', '5', '2021-11-19 12:06:34.190529'),
(4190, 822, 88, '\"', '7', '2021-11-19 12:11:38.855923'),
(4191, 822, 99, '4.5', '5', '2021-11-19 12:11:54.289999'),
(4192, 822, 57, '2', '5', '2021-11-19 12:12:04.799226'),
(4193, 821, 55, '5', '3', '2021-11-19 12:15:22.934369'),
(4194, 821, 146, '4.5', '\"', '2021-11-19 12:15:39.658379'),
(4195, 821, 11, '4', '5', '2021-11-19 12:15:54.873073'),
(4196, 821, 97, '3', '25', '2021-11-19 12:16:47.395416'),
(4197, 823, 7, '4', '6', '2021-11-19 12:19:04.952782'),
(4198, 823, 97, '2', '30', '2021-11-19 12:19:17.204293'),
(4199, 823, 136, '4', '60', '2021-11-19 12:19:31.314318'),
(4200, 823, 68, '2.5', '60', '2021-11-19 12:20:23.180065'),
(4201, 824, 19, '0.65', '6', '2021-11-19 13:04:49.998275'),
(4202, 824, 186, '0.8', '6', '2021-11-19 13:05:01.815659'),
(4203, 824, 17, '0.65', '5', '2021-11-19 13:05:15.261949'),
(4204, 824, 16, '0.75', '\"', '2021-11-19 13:05:27.428843'),
(4205, 824, 21, '0.75', '\"', '2021-11-19 13:05:43.750898'),
(4206, 824, 63, '2', '4', '2021-11-19 13:05:55.904762'),
(4207, 825, 28, '3', '12', '2021-11-19 13:08:47.308366'),
(4208, 825, 48, '1', '\"', '2021-11-19 13:08:57.026963'),
(4209, 825, 29, '5', '10', '2021-11-19 13:09:05.135304'),
(4211, 825, 5, '6.5', '\"', '2021-11-19 13:09:39.031361'),
(4212, 825, 59, '3', '5', '2021-11-19 13:09:56.041492'),
(4213, 825, 97, '2.5', '30', '2021-11-19 13:10:07.314223'),
(4214, 826, 55, '4', '60', '2021-11-19 13:12:07.274043'),
(4215, 826, 37, '2.5', '6', '2021-11-19 13:12:20.225738'),
(4216, 826, 26, '1', '\"', '2021-11-19 13:12:33.512038'),
(4217, 826, 154, '4', '7', '2021-11-19 13:13:13.203652'),
(4218, 827, 41, '1.5', '5', '2021-11-19 13:17:18.922840'),
(4219, 827, 124, '1', '5', '2021-11-19 13:17:33.023401'),
(4220, 827, 110, '6', '7', '2021-11-19 13:17:41.425546'),
(4221, 827, 71, '1.5', '6', '2021-11-19 13:18:38.481658'),
(4222, 828, 180, '1', '\"', '2021-11-19 13:22:34.780514'),
(4223, 828, 110, '6.5', '7', '2021-11-19 13:22:48.318825'),
(4224, 828, 113, '1', '\"', '2021-11-19 13:23:00.678242'),
(4225, 828, 71, '1.5', '5', '2021-11-19 13:23:14.161238'),
(4226, 828, 43, '1.5', '5', '2021-11-19 13:23:24.389062'),
(4227, 829, 146, '5.5', '\"', '2021-11-19 13:25:53.401605'),
(4228, 829, 149, '4.5', '6', '2021-11-19 13:26:09.399373'),
(4229, 829, 26, '2', '\"', '2021-11-19 13:26:19.825061'),
(4230, 829, 196, '1', '7', '2021-11-19 13:26:29.093404'),
(4231, 829, 11, '5.5', '5', '2021-11-19 13:26:50.029541'),
(4232, 831, 28, '3', '14', '2021-11-20 04:56:06.032470'),
(4233, 831, 55, '4.5', '30', '2021-11-20 04:56:22.698555'),
(4234, 831, 9, '5.5', '5', '2021-11-20 04:56:34.845191'),
(4235, 831, 7, '5', '6', '2021-11-20 04:56:51.605221'),
(4236, 831, 5, '6.5', '\"', '2021-11-20 04:57:08.633900'),
(4242, 833, 113, '1', '\"', '2021-11-20 05:02:28.020446'),
(4243, 833, 114, '1', '5', '2021-11-20 05:02:39.116223'),
(4244, 833, 112, '4.5', '6', '2021-11-20 05:02:50.670810'),
(4245, 833, 142, '1', '6', '2021-11-20 05:03:01.342301'),
(4246, 833, 36, '40', '\"', '2021-11-20 05:03:18.190387'),
(4247, 833, 46, '1', '\"', '2021-11-20 05:03:29.728782'),
(4248, 834, 56, '1', '90', '2021-11-20 05:06:07.254218'),
(4249, 834, 195, '5', '6', '2021-11-20 05:06:45.743942'),
(4250, 834, 87, '\"', '7', '2021-11-20 05:06:55.267318'),
(4251, 834, 7, '5', '7', '2021-11-20 05:07:03.092990'),
(4252, 834, 48, '1', '\"', '2021-11-20 05:07:15.618088'),
(4253, 834, 31, '5', '60', '2021-11-20 05:07:27.705722'),
(4254, 836, 187, '1.6', '7', '2021-11-20 05:10:33.305575'),
(4255, 836, 197, '0.5', '\"', '2021-11-20 05:10:46.107970'),
(4256, 836, 13, '0.75', '5', '2021-11-20 05:11:22.752073'),
(4257, 836, 19, '0.75', '5', '2021-11-20 05:11:34.234939'),
(4258, 836, 26, '1', '\"', '2021-11-20 05:11:43.216878'),
(4259, 836, 23, '0.5', '\"', '2021-11-20 05:11:56.175868'),
(4260, 835, 28, '3', '7', '2021-11-20 05:15:26.026183'),
(4261, 835, 5, '5.5', '\"', '2021-11-20 05:15:35.990911'),
(4262, 835, 107, '4.5', '\"', '2021-11-20 05:15:50.929892'),
(4263, 835, 37, '3', '5', '2021-11-20 05:16:26.225615'),
(4264, 835, 154, '4.5', '6', '2021-11-20 05:16:39.509583'),
(4265, 835, 48, '1', '\"', '2021-11-20 05:17:14.810300'),
(4266, 837, 45, '1', '7', '2021-11-20 05:20:48.066051'),
(4267, 837, 42, '1.5', '6', '2021-11-20 05:20:59.456021'),
(4268, 837, 149, '3.5', '6', '2021-11-20 05:21:16.970083'),
(4269, 837, 146, '4.5', '\"', '2021-11-20 05:21:26.686115'),
(4270, 837, 168, '1', '\"', '2021-11-20 05:21:33.375713'),
(4271, 837, 117, '6.5', '60', '2021-11-20 05:21:48.400881'),
(4272, 838, 146, '8.5', '\"', '2021-11-20 05:27:17.465940'),
(4273, 838, 47, '1.5', '4', '2021-11-20 05:27:33.325940'),
(4275, 839, 63, '2', '5', '2021-11-20 05:34:25.382819'),
(4276, 839, 62, '2', '120', '2021-11-20 05:34:45.061969'),
(4277, 839, 3, '2', '5', '2021-11-20 05:35:11.197427'),
(4278, 839, 155, '2.5', '7', '2021-11-20 05:35:24.748453'),
(4279, 839, 1, '3.5', '6', '2021-11-20 05:35:45.207041'),
(4280, 839, 27, '5', '\"', '2021-11-20 05:35:59.560058'),
(4281, 839, 5, '6.5', '\"', '2021-11-20 05:36:41.323427'),
(4282, 840, 63, '2', '5', '2021-11-20 05:39:15.680094'),
(4283, 840, 26, '1', '\"', '2021-11-20 05:39:23.781592'),
(4284, 840, 62, '2', '120', '2021-11-20 05:39:35.934474'),
(4286, 840, 155, '2.5', '6', '2021-11-20 05:40:13.666242'),
(4287, 840, 38, '2.5', '6', '2021-11-20 05:40:26.455996'),
(4288, 841, 1, '4', '6', '2021-11-20 05:43:22.876173'),
(4289, 841, 66, '5.5', '6', '2021-11-20 05:43:30.137868'),
(4290, 841, 33, '5', '10', '2021-11-20 05:43:40.646731'),
(4291, 841, 36, '40', '\"', '2021-11-20 05:43:54.336958'),
(4292, 841, 48, '1', '\"', '2021-11-20 05:44:01.577671'),
(4293, 841, 119, '6', '\"', '2021-11-20 05:44:17.297522'),
(4294, 841, 146, '4', '\"', '2021-11-20 05:44:26.246053'),
(4295, 842, 149, '4', '6', '2021-11-20 05:48:37.898194'),
(4296, 842, 1, '5', '5', '2021-11-20 05:48:47.356338'),
(4297, 842, 44, '1', '\"', '2021-11-20 05:48:54.895305'),
(4298, 842, 48, '1', '\"', '2021-11-20 05:49:07.618352'),
(4299, 842, 117, '6.5', '60', '2021-11-20 05:49:18.895235'),
(4300, 843, 186, '0.6', '6', '2021-11-20 05:52:27.693607'),
(4301, 843, 80, '4', '7', '2021-11-20 05:52:37.797415'),
(4302, 843, 20, '0.8', '6', '2021-11-20 05:52:54.495478'),
(4303, 843, 17, '0.5', '5', '2021-11-20 05:53:22.639209'),
(4304, 843, 23, '0.5', '\"', '2021-11-20 05:53:37.298428'),
(4305, 843, 21, '0.5', '\"', '2021-11-20 05:53:59.259083'),
(4306, 844, 146, '4.5', '\"', '2021-11-20 05:58:41.230293'),
(4307, 844, 82, '\"', '\"', '2021-11-20 05:59:09.436659'),
(4308, 844, 69, '6', '60', '2021-11-20 06:00:17.793082'),
(4309, 844, 42, '1.5', '5', '2021-11-20 06:00:42.116239'),
(4310, 845, 187, '2.5', '7', '2021-11-20 06:04:21.791032'),
(4311, 845, 63, '2', '5', '2021-11-20 06:04:43.715117'),
(4312, 845, 26, '1', '\"', '2021-11-20 06:04:59.767369'),
(4313, 847, 19, '0.65', '6', '2021-11-20 06:12:24.267716'),
(4314, 847, 186, '1', '5', '2021-11-20 06:12:32.491255'),
(4315, 847, 16, '0.9', '\"', '2021-11-20 06:12:43.735616'),
(4316, 847, 26, '1', '\"', '2021-11-20 06:13:01.066562'),
(4317, 847, 197, '0.5', '\"', '2021-11-20 06:13:13.796545'),
(4318, 847, 23, '0.5', '\"', '2021-11-20 06:13:31.164911'),
(4319, 846, 41, '1.5', '5', '2021-11-20 06:16:18.632956'),
(4320, 846, 110, '6', '6', '2021-11-20 06:16:34.545140'),
(4321, 846, 122, '1.5', '\"', '2021-11-20 06:16:49.809104'),
(4322, 846, 74, '7.5', '\"', '2021-11-20 06:17:07.733647'),
(4323, 848, 11, '3.5', '6', '2021-11-20 06:20:57.386100'),
(4324, 848, 7, '5', '7', '2021-11-20 06:21:03.300369'),
(4325, 848, 48, '1', '\"', '2021-11-20 06:21:11.481272'),
(4326, 848, 3, '2', '5', '2021-11-20 06:21:23.564203'),
(4327, 848, 5, '6', '\"', '2021-11-20 06:21:34.575309'),
(4328, 848, 31, '5', '60', '2021-11-20 06:21:53.644729'),
(4329, 848, 63, '2', '4', '2021-11-20 06:22:03.790409'),
(4330, 849, 176, '0.6', '60', '2021-11-20 06:25:44.779388'),
(4331, 849, 24, '0.7', '90', '2021-11-20 06:26:01.922103'),
(4332, 849, 68, '2.5', '60', '2021-11-20 06:26:22.781202'),
(4333, 849, 21, '1', '\"', '2021-11-20 06:26:38.031283'),
(4334, 851, 27, '4', '\"', '2021-11-20 06:29:05.073081'),
(4335, 851, 34, '1', '14', '2021-11-20 06:29:14.229125'),
(4336, 851, 29, '4', '14', '2021-11-20 06:29:26.992881'),
(4337, 851, 32, '4', '60', '2021-11-20 06:29:49.468597'),
(4338, 851, 86, '3', '7', '2021-11-20 06:30:21.684714'),
(4339, 850, 16, '0.7', '\"', '2021-11-20 06:35:40.735083'),
(4340, 850, 121, '6', '14', '2021-11-20 06:36:12.939488'),
(4341, 850, 23, '0.5', '\"', '2021-11-20 06:36:35.879552'),
(4342, 850, 26, '1', '\"', '2021-11-20 06:36:43.044297'),
(4343, 853, 19, '0.65', '6', '2021-11-20 06:41:12.557975'),
(4344, 853, 186, '0.8', '6', '2021-11-20 06:41:21.203599'),
(4345, 853, 17, '0.65', '5', '2021-11-20 06:41:36.540369'),
(4346, 853, 21, '0.75', '\"', '2021-11-20 06:41:46.623446'),
(4347, 853, 26, '1', '\"', '2021-11-20 06:41:54.911390'),
(4348, 853, 23, '0.5', '\"', '2021-11-20 06:42:08.642241'),
(4349, 852, 63, '2', '5', '2021-11-20 06:44:50.665458'),
(4350, 852, 187, '2.5', '6', '2021-11-20 06:45:00.586925'),
(4351, 852, 55, '4', '60', '2021-11-20 06:45:09.216352'),
(4352, 852, 9, '5', '6', '2021-11-20 06:45:23.104852'),
(4353, 852, 5, '5', '\"', '2021-11-20 06:46:02.177230'),
(4354, 854, 7, '3', '7', '2021-11-20 06:47:49.716790'),
(4355, 854, 11, '2', '7', '2021-11-20 06:47:59.003036'),
(4356, 854, 55, '3', '60', '2021-11-20 06:48:11.108680'),
(4357, 854, 13, '0.75', '6', '2021-11-20 06:48:28.685679'),
(4358, 854, 21, '0.9', '\"', '2021-11-20 06:48:41.925662'),
(4359, 854, 24, '0.7', '90', '2021-11-20 06:49:01.965448'),
(4360, 854, 68, '2', '60', '2021-11-20 06:49:10.980355'),
(4361, 855, 195, '4.5', '6', '2021-11-20 06:51:26.691675'),
(4362, 855, 63, '2', '5', '2021-11-20 06:51:36.727230'),
(4363, 855, 87, '\"', '6', '2021-11-20 06:51:48.294094'),
(4364, 855, 187, '2.5', '6', '2021-11-20 06:52:07.769432'),
(4365, 855, 5, '5.5', '\"', '2021-11-20 06:52:40.778056'),
(4366, 855, 78, '\"', '60', '2021-11-20 06:53:04.354657'),
(4367, 856, 28, '3', '7', '2021-11-20 06:56:00.154020'),
(4368, 856, 29, '5.5', '9', '2021-11-20 06:56:11.624523'),
(4369, 856, 36, '40', '\"', '2021-11-20 06:56:30.811660'),
(4370, 856, 27, '5', '\"', '2021-11-20 06:56:42.010424'),
(4371, 856, 31, '5', '60', '2021-11-20 06:56:54.024011'),
(4372, 857, 146, '4.5', '\"', '2021-11-20 06:59:10.324942'),
(4373, 857, 111, '4', '6', '2021-11-20 06:59:52.687372'),
(4374, 857, 1, '4', '5', '2021-11-20 07:01:20.023331'),
(4375, 857, 48, '1', '\"', '2021-11-20 07:01:51.412016'),
(4376, 857, 182, '3', '10', '2021-11-20 07:02:40.818026'),
(4377, 858, 158, '1', '7', '2021-11-20 07:08:16.054253'),
(4378, 858, 23, '0.5', '\"', '2021-11-20 07:08:56.760224'),
(4379, 858, 16, '0.5', '\"', '2021-11-20 07:09:14.731797'),
(4380, 858, 26, '1', '\"', '2021-11-20 07:09:45.504049'),
(4381, 858, 80, '4', '7', '2021-11-20 07:10:25.593700'),
(4382, 859, 187, '2.5', '7', '2021-11-20 07:13:35.473318'),
(4383, 859, 13, '1', '5', '2021-11-20 07:13:45.420483'),
(4384, 859, 11, '2.5', '6', '2021-11-20 07:13:54.094048'),
(4385, 859, 26, '1', '\"', '2021-11-20 07:14:03.646268'),
(4386, 859, 21, '1.1', '\"', '2021-11-20 07:14:16.350310'),
(4387, 859, 23, '0.5', '\"', '2021-11-20 07:14:25.150695'),
(4388, 860, 71, '1', '10', '2021-11-20 07:16:57.888315'),
(4389, 860, 41, '1', '5', '2021-11-20 07:17:06.760756'),
(4390, 860, 119, '7', '\"', '2021-11-20 07:17:18.713641'),
(4391, 860, 149, '4', '7', '2021-11-20 07:17:32.897516'),
(4392, 860, 63, '2', '5', '2021-11-20 07:17:55.309698'),
(4393, 860, 93, '1.5', '3', '2021-11-20 07:18:14.904028'),
(4394, 860, 146, '5.5', '\"', '2021-11-20 07:18:31.939220'),
(4395, 861, 9, '5', '5', '2021-11-20 07:22:02.849785'),
(4396, 861, 29, '4.5', '12', '2021-11-20 07:22:17.943918'),
(4397, 861, 66, '4.5', '5', '2021-11-20 07:22:46.895837'),
(4398, 861, 79, '4', '6', '2021-11-20 07:22:58.861261'),
(4399, 862, 68, '1', '60', '2021-11-20 07:27:14.691284'),
(4400, 862, 134, '0.5', '60', '2021-11-20 07:27:23.474756'),
(4401, 862, 23, '0.5', '\"', '2021-11-20 07:27:31.423423'),
(4402, 863, 19, '0.7', '5', '2021-11-20 07:31:40.926818'),
(4403, 863, 187, '1.7', '6', '2021-11-20 07:31:57.697340'),
(4404, 863, 26, '1', '\"', '2021-11-20 07:32:05.210067'),
(4405, 863, 23, '0.5', '\"', '2021-11-20 07:32:17.372590'),
(4406, 864, 196, '1', '10', '2021-11-20 07:36:31.241397'),
(4407, 864, 33, '5', '10', '2021-11-20 07:36:41.157519'),
(4408, 864, 29, '5', '10', '2021-11-20 07:36:52.328379'),
(4409, 864, 2, '3', '6', '2021-11-20 07:37:07.210937'),
(4410, 864, 103, '6', '5', '2021-11-20 07:37:24.371646'),
(4411, 865, 56, '1', '60', '2021-11-20 07:41:10.482907'),
(4412, 865, 43, '1', '5', '2021-11-20 07:41:43.215148'),
(4413, 866, 1, '4', '7', '2021-11-20 07:45:53.993589'),
(4414, 866, 149, '3', '7', '2021-11-20 07:46:02.325426'),
(4416, 866, 146, '4', '\"', '2021-11-20 07:46:28.071835'),
(4417, 866, 56, '1', '90', '2021-11-20 07:46:43.611220'),
(4418, 866, 3, '2.5', '5', '2021-11-20 07:47:12.128866'),
(4419, 866, 48, '1', '\"', '2021-11-20 07:47:20.533102'),
(4420, 866, 31, '5', '60', '2021-11-20 07:47:33.256917'),
(4421, 867, 161, '0.7', '7', '2021-11-20 07:51:17.424296'),
(4422, 867, 25, '0.7', '7', '2021-11-20 07:51:23.143034'),
(4423, 867, 151, '0.5', '\"', '2021-11-20 07:51:50.096887'),
(4424, 867, 26, '1', '\"', '2021-11-20 07:52:11.151483'),
(4425, 868, 16, '0.7', '\"', '2021-11-20 07:57:20.570746'),
(4426, 868, 19, '0.55', '7', '2021-11-20 07:57:31.539009'),
(4427, 868, 186, '0.7', '6', '2021-11-20 07:57:45.801572'),
(4428, 868, 17, '0.55', '6', '2021-11-20 07:57:56.955718'),
(4429, 868, 63, '2', '5', '2021-11-20 07:58:20.682145'),
(4431, 869, 7, '4', '7', '2021-11-20 08:02:29.797432'),
(4432, 869, 175, '2.5', '5', '2021-11-20 08:02:54.415664'),
(4433, 869, 132, '5.5', '\"', '2021-11-20 08:03:11.172103'),
(4434, 869, 34, '1', '14', '2021-11-20 08:03:18.508822'),
(4435, 869, 48, '0.5', '\"', '2021-11-20 08:03:33.014510'),
(4436, 869, 9, '5', '6', '2021-11-20 08:04:03.199974'),
(4437, 869, 136, '4', '60', '2021-11-20 08:04:11.937098'),
(4438, 870, 7, '4', '7', '2021-11-20 08:06:54.317885'),
(4439, 870, 175, '2.5', '5', '2021-11-20 08:07:04.797306'),
(4440, 870, 1, '3.5', '6', '2021-11-20 08:07:15.333067'),
(4441, 870, 48, '0.5', '\"', '2021-11-20 08:07:22.526024'),
(4442, 870, 5, '5', '\"', '2021-11-20 08:07:41.464914'),
(4443, 870, 136, '4', '60', '2021-11-20 08:07:50.496412'),
(4444, 871, 187, '2.5', '7', '2021-11-20 08:09:24.687809'),
(4445, 871, 13, '1', '5', '2021-11-20 08:09:31.876296'),
(4446, 871, 9, '4.5', '6', '2021-11-20 08:09:41.193286'),
(4447, 871, 34, '1', '14', '2021-11-20 08:09:48.306294'),
(4448, 871, 5, '4', '\"', '2021-11-20 08:09:59.727558'),
(4449, 871, 63, '2', '5', '2021-11-20 08:10:08.759258'),
(4450, 871, 151, '0.5', '\"', '2021-11-20 08:10:22.274618'),
(4451, 872, 11, '4', '7', '2021-11-20 08:12:44.525699'),
(4452, 872, 149, '3', '7', '2021-11-20 08:12:57.628870'),
(4453, 872, 3, '2.5', '5', '2021-11-20 08:13:09.166931'),
(4454, 872, 5, '7', '\"', '2021-11-20 08:13:24.180426'),
(4455, 872, 32, '5.5', '60', '2021-11-20 08:13:46.810425'),
(4456, 873, 7, '4', '7', '2021-11-20 08:15:53.677940'),
(4457, 873, 9, '5', '6', '2021-11-20 08:16:02.999946'),
(4458, 873, 13, '1', '5', '2021-11-20 08:16:21.520796'),
(4459, 873, 55, '4', '60', '2021-11-20 08:16:35.238926'),
(4460, 873, 26, '1', '\"', '2021-11-20 08:16:42.556663'),
(4461, 873, 24, '0.75', '90', '2021-11-20 08:17:02.133223'),
(4462, 874, 195, '2', '5', '2021-11-20 08:20:07.648147'),
(4463, 874, 186, '1', '5', '2021-11-20 08:20:14.742243'),
(4464, 874, 17, '0.7', '5', '2021-11-20 08:20:23.529120'),
(4465, 874, 23, '0.5', '\"', '2021-11-20 08:20:38.319107'),
(4466, 874, 21, '0.8', '\"', '2021-11-20 08:21:05.393824'),
(4467, 876, 15, '0.7', '6', '2021-11-20 08:24:37.815752'),
(4468, 876, 23, '0.5', '\"', '2021-11-20 08:24:56.836504'),
(4469, 876, 26, '1', '\"', '2021-11-20 08:25:09.334425'),
(4470, 876, 16, '0.7', '\"', '2021-11-20 08:25:22.065752'),
(4471, 875, 62, '2', '90', '2021-11-20 08:28:46.511944'),
(4472, 875, 63, '2', '4', '2021-11-20 08:29:09.140529'),
(4473, 875, 28, '2.5', '7', '2021-11-20 08:29:27.199150'),
(4474, 875, 54, '0.4', '4', '2021-11-20 08:29:43.105238'),
(4475, 875, 5, '5', '\"', '2021-11-20 08:30:04.769725'),
(4476, 875, 118, '4', '\"', '2021-11-20 08:30:22.722679'),
(4477, 879, 37, '2.5', '6', '2021-11-20 08:32:47.268402'),
(4478, 879, 154, '4.5', '7', '2021-11-20 08:32:54.239040'),
(4479, 879, 175, '2.5', '5', '2021-11-20 08:33:08.990040'),
(4480, 879, 48, '1', '\"', '2021-11-20 08:33:20.721963'),
(4481, 879, 55, '4', '60', '2021-11-20 08:33:49.191809'),
(4482, 879, 26, '1', '\"', '2021-11-20 08:34:08.212679'),
(4483, 877, 54, '0.3', '4', '2021-11-20 08:40:27.962783'),
(4484, 877, 21, '0.9', '\"', '2021-11-20 08:40:42.800862'),
(4485, 877, 19, '0.75', '6', '2021-11-20 08:40:57.361799'),
(4486, 877, 22, '0.35', '\"', '2021-11-20 08:41:12.570523'),
(4487, 877, 16, '0.9', '\"', '2021-11-20 08:41:29.369801'),
(4488, 877, 26, '1', '\"', '2021-11-20 08:41:46.051715'),
(4489, 877, 23, '0.5', '\"', '2021-11-20 08:42:00.596690'),
(4490, 878, 194, '3.5', '60', '2021-11-20 08:44:08.120607'),
(4491, 878, 67, '2.5', '90', '2021-11-20 08:44:25.296082'),
(4492, 878, 69, '6.5', '90', '2021-11-20 08:44:37.687414'),
(4493, 878, 44, '1', '\"', '2021-11-20 08:44:48.346728'),
(4494, 880, 16, '0.7', '\"', '2021-11-20 08:48:51.606464'),
(4495, 880, 23, '0.5', '\"', '2021-11-20 08:49:05.689383'),
(4496, 880, 26, '1', '\"', '2021-11-20 08:49:15.527892'),
(4497, 880, 21, '0.7', '\"', '2021-11-20 08:50:08.110093'),
(4498, 881, 64, '\"', '7', '2021-11-20 08:55:08.993349'),
(4499, 881, 23, '0.5', '\"', '2021-11-20 08:55:18.941050'),
(4500, 881, 26, '1', '\"', '2021-11-20 08:55:25.283595'),
(4501, 881, 134, '0.5', '60', '2021-11-20 08:56:04.116729'),
(4502, 882, 45, '1', '10', '2021-11-20 08:59:33.241381'),
(4503, 882, 65, '4', '5', '2021-11-20 08:59:53.261115'),
(4504, 882, 29, '5.5', '10', '2021-11-20 09:00:05.329019'),
(4505, 882, 119, '6.5', '\"', '2021-11-20 09:00:49.891682'),
(4506, 882, 146, '4', '\"', '2021-11-20 09:01:11.073011'),
(4507, 883, 149, '4.5', '6', '2021-11-20 09:41:11.403697'),
(4508, 883, 1, '5', '5', '2021-11-20 09:41:23.205140'),
(4509, 883, 71, '1', '7', '2021-11-20 09:41:32.443534'),
(4510, 883, 178, '1', '7', '2021-11-20 09:41:41.227643'),
(4511, 883, 44, '1', '\"', '2021-11-20 09:41:51.022702'),
(4512, 883, 69, '6.5', '60', '2021-11-20 09:42:16.240012'),
(4513, 884, 149, '3', '6', '2021-11-20 09:45:03.970586'),
(4514, 884, 1, '4', '6', '2021-11-20 09:45:09.702587'),
(4515, 884, 146, '4.5', '\"', '2021-11-20 09:45:20.561359'),
(4516, 884, 55, '5', '60', '2021-11-20 09:46:01.761519'),
(4517, 884, 26, '2', '\"', '2021-11-20 09:46:22.723248'),
(4518, 884, 73, '1', '5', '2021-11-20 09:46:31.663071'),
(4519, 885, 155, '2.5', '6', '2021-11-20 09:50:39.103995'),
(4520, 885, 11, '2.5', '5', '2021-11-20 09:51:36.568537'),
(4521, 885, 21, '1.4', '\"', '2021-11-20 09:52:28.810390'),
(4522, 885, 23, '0.5', '\"', '2021-11-20 09:52:44.689963'),
(4523, 886, 54, '0.4', '4', '2021-11-20 09:57:21.079238'),
(4524, 886, 19, '1', '5', '2021-11-20 09:57:28.778204'),
(4525, 886, 26, '1', '\"', '2021-11-20 09:57:39.960955'),
(4526, 886, 21, '1.3', '\"', '2021-11-20 09:57:58.963689'),
(4527, 886, 23, '0.5', '\"', '2021-11-20 09:58:13.748072'),
(4528, 887, 187, '2.5', '7', '2021-11-20 10:01:43.018224'),
(4529, 887, 13, '1', '5', '2021-11-20 10:01:51.917784'),
(4530, 887, 11, '2.5', '6', '2021-11-20 10:02:02.772314'),
(4531, 887, 21, '1.3', '\"', '2021-11-20 10:02:16.740133'),
(4532, 887, 23, '0.5', '\"', '2021-11-20 10:02:37.051795'),
(4533, 887, 26, '1', '\"', '2021-11-20 10:02:45.168069'),
(4534, 888, 19, '0.75', '6', '2021-11-20 10:04:51.574444'),
(4535, 888, 39, '3', '7', '2021-11-20 10:05:22.912030'),
(4536, 888, 13, '0.75', '5', '2021-11-20 10:05:35.904823'),
(4537, 888, 21, '1', '\"', '2021-11-20 10:05:42.709356'),
(4538, 888, 23, '0.5', '\"', '2021-11-20 10:05:59.287345'),
(4539, 889, 155, '2.5', '7', '2021-11-20 10:08:31.816067'),
(4540, 889, 13, '0.85', '6', '2021-11-20 10:08:47.584283'),
(4541, 889, 19, '0.8', '6', '2021-11-20 10:09:03.325871'),
(4542, 889, 21, '1', '\"', '2021-11-20 10:09:13.618642'),
(4543, 889, 23, '0.5', '\"', '2021-11-20 10:09:27.926147'),
(4544, 890, 116, '4', '7', '2021-11-20 10:11:57.770815'),
(4545, 890, 124, '1', '5', '2021-11-20 10:12:09.416419'),
(4546, 890, 11, '5', '5', '2021-11-20 10:12:41.491217'),
(4547, 890, 48, '1', '\"', '2021-11-20 10:12:48.504899'),
(4548, 890, 44, '1', '\"', '2021-11-20 10:13:05.156649'),
(4549, 891, 195, '2.5', '6', '2021-11-20 10:15:57.249242'),
(4550, 891, 19, '0.65', '7', '2021-11-20 10:16:05.992025'),
(4551, 891, 125, '0.5', '6', '2021-11-20 10:16:12.332496'),
(4552, 891, 64, '\"', '7', '2021-11-20 10:16:31.141047'),
(4553, 891, 21, '0.75', '\"', '2021-11-20 10:16:41.763822'),
(4554, 892, 90, '\"', '7', '2021-11-20 10:19:33.066825'),
(4555, 892, 34, '1', '14', '2021-11-20 10:19:52.451015'),
(4556, 892, 156, '1', '3', '2021-11-20 10:20:04.193715'),
(4557, 892, 11, '2', '5', '2021-11-20 10:20:59.230575'),
(4558, 892, 36, '20', '\"', '2021-11-20 10:21:16.525091'),
(4559, 892, 23, '0.5', '\"', '2021-11-20 10:21:26.424033'),
(4560, 893, 155, '2.5', '7', '2021-11-20 10:24:27.360448'),
(4561, 893, 9, '5', '6', '2021-11-20 10:24:38.112349'),
(4562, 893, 13, '1', '5', '2021-11-20 10:24:45.316904'),
(4563, 893, 21, '1.3', '\"', '2021-11-20 10:24:56.781497'),
(4564, 893, 135, '0.75', '60', '2021-11-20 10:25:30.791899'),
(4565, 894, 11, '5', '6', '2021-11-20 10:31:49.460337'),
(4566, 894, 7, '5', '7', '2021-11-20 10:32:01.397933'),
(4567, 894, 5, '6.5', '\"', '2021-11-20 10:32:14.254651'),
(4568, 894, 107, '5', '\"', '2021-11-20 10:32:23.129752'),
(4569, 894, 48, '1', '\"', '2021-11-20 10:32:35.218954'),
(4570, 894, 28, '3', '7', '2021-11-20 10:32:53.359113'),
(4571, 895, 7, '3', '7', '2021-11-20 10:36:54.972978'),
(4572, 895, 11, '2', '6', '2021-11-20 10:37:05.227193'),
(4573, 895, 21, '1', '\"', '2021-11-20 10:37:19.884305'),
(4574, 895, 24, '0.7', '90', '2021-11-20 10:37:42.987103'),
(4575, 895, 68, '2', '60', '2021-11-20 10:37:55.419308'),
(4576, 896, 5, '5.5', '\"', '2021-11-20 10:46:05.421781'),
(4577, 896, 154, '4.5', '7', '2021-11-20 10:46:31.116057'),
(4578, 896, 3, '2', '5', '2021-11-20 10:47:23.326961'),
(4579, 896, 1, '3.5', '6', '2021-11-20 10:48:36.854936'),
(4580, 896, 48, '1', '\"', '2021-11-20 10:48:44.778229'),
(4581, 896, 30, '4.5', '90', '2021-11-20 10:49:09.700355'),
(4582, 897, 16, '0.65', '\"', '2021-11-20 10:56:06.947770'),
(4583, 897, 23, '0.5', '\"', '2021-11-20 10:56:23.934823'),
(4584, 897, 25, '0.7', '7', '2021-11-20 10:57:40.320533'),
(4585, 897, 26, '1', '\"', '2021-11-20 10:58:41.503409'),
(4586, 899, 7, '3', '7', '2021-11-20 11:01:37.204908'),
(4587, 899, 195, '3', '5', '2021-11-20 11:01:53.421248'),
(4588, 899, 21, '0.8', '\"', '2021-11-20 11:02:03.743781'),
(4589, 899, 170, '4', '\"', '2021-11-20 11:02:22.692574'),
(4590, 899, 24, '0.6', '90', '2021-11-20 11:02:41.769182'),
(4591, 899, 68, '2', '90', '2021-11-20 11:03:02.450130'),
(4592, 898, 158, '1', '7', '2021-11-20 11:07:21.308155'),
(4593, 898, 68, '1.5', '90', '2021-11-20 11:08:09.942955'),
(4594, 898, 134, '0.5', '60', '2021-11-20 11:08:40.583700'),
(4595, 898, 26, '1', '\"', '2021-11-20 11:09:05.798475'),
(4596, 900, 9, '4.5', '6', '2021-11-20 11:11:29.871638'),
(4597, 900, 7, '3.5', '7', '2021-11-20 11:11:38.758686'),
(4598, 900, 29, '3.5', '15', '2021-11-20 11:11:52.318043'),
(4599, 900, 26, '1', '\"', '2021-11-20 11:11:59.838228'),
(4600, 900, 5, '4', '\"', '2021-11-20 11:12:09.690002'),
(4601, 900, 97, '2', '60', '2021-11-20 11:12:30.226328'),
(4602, 901, 28, '3.5', '8', '2021-11-20 11:15:37.887156'),
(4603, 901, 65, '4.5', '4', '2021-11-20 11:15:47.557654'),
(4604, 901, 29, '5.5', '9', '2021-11-20 11:15:59.016319'),
(4605, 901, 146, '4', '\"', '2021-11-20 11:16:07.177605'),
(4606, 901, 119, '5.5', '\"', '2021-11-20 11:16:17.963074'),
(4607, 901, 36, '40', '\"', '2021-11-20 11:16:31.907923'),
(4608, 901, 55, '5', '5', '2021-11-20 11:16:56.660574');
INSERT INTO `tbl_medicine_for_generate_prescription` (`MG_Id`, `User_Id`, `M_Id`, `MG_medicine`, `MG_Day`, `MG_Date`) VALUES
(4609, 902, 39, '3', '6', '2021-11-20 11:19:56.192916'),
(4611, 902, 19, '0.75', '5', '2021-11-20 11:20:32.226591'),
(4612, 902, 16, '1.2', '\"', '2021-11-20 11:20:48.656118'),
(4613, 902, 21, '0.9', '\"', '2021-11-20 11:21:02.798687'),
(4614, 902, 13, '0.75', '5', '2021-11-20 11:21:30.540462'),
(4615, 903, 186, '1', '5', '2021-11-20 11:26:06.944538'),
(4616, 903, 23, '0.5', '\"', '2021-11-20 11:27:35.697733'),
(4617, 903, 26, '1', '\"', '2021-11-20 11:27:56.067217'),
(4618, 903, 16, '0.8', '\"', '2021-11-20 11:28:34.726935'),
(4619, 904, 71, '1', '7', '2021-11-20 11:33:57.129259'),
(4620, 904, 122, '1', '\"', '2021-11-20 11:34:02.981246'),
(4621, 904, 128, '0.5', '\"', '2021-11-20 11:34:13.122084'),
(4622, 904, 29, '7', '7', '2021-11-20 11:34:35.639216'),
(4623, 904, 40, '1', '5', '2021-11-20 11:34:46.883527'),
(4624, 904, 117, '7', '35', '2021-11-20 11:35:04.134765'),
(4625, 905, 124, '1.5', '5', '2021-11-20 11:37:09.635660'),
(4626, 905, 149, '5.5', '7', '2021-11-20 11:37:15.768241'),
(4627, 905, 43, '1', '6', '2021-11-20 11:37:25.755969'),
(4628, 905, 122, '1', '\"', '2021-11-20 11:37:37.336268'),
(4629, 905, 48, '1.5', '\"', '2021-11-20 11:37:50.345711'),
(4630, 905, 117, '7.5', '35', '2021-11-20 11:38:08.227439'),
(4631, 906, 63, '2', '5', '2021-11-20 11:48:49.660294'),
(4632, 906, 186, '0.8', '6', '2021-11-20 11:49:12.421990'),
(4633, 906, 195, '2.5', '6', '2021-11-20 11:49:26.639098'),
(4634, 906, 17, '0.65', '5', '2021-11-20 11:49:42.991294'),
(4635, 906, 26, '1', '\"', '2021-11-20 11:50:40.790693'),
(4636, 906, 23, '0.5', '\"', '2021-11-20 11:50:51.556717'),
(4637, 907, 77, '\"', '21', '2021-11-20 11:54:54.596577'),
(4638, 907, 23, '0.5', '\"', '2021-11-20 11:55:11.702216'),
(4639, 908, 187, '1.6', '6', '2021-11-20 12:00:33.034488'),
(4640, 908, 54, '0.3', '3', '2021-11-20 12:00:54.780197'),
(4641, 908, 26, '1', '\"', '2021-11-20 12:01:06.858854'),
(4642, 908, 85, '1', '6', '2021-11-20 12:01:21.898187'),
(4643, 908, 77, '\"', '60', '2021-11-20 12:01:48.015222'),
(4644, 909, 149, '4', '6', '2021-11-20 12:05:21.844987'),
(4645, 909, 55, '5', '60', '2021-11-20 12:05:30.218902'),
(4646, 909, 1, '5', '5', '2021-11-20 12:05:35.894644'),
(4647, 909, 26, '1', '\"', '2021-11-20 12:05:44.009349'),
(4648, 909, 146, '5', '\"', '2021-11-20 12:05:51.654252'),
(4649, 911, 71, '1.5', '10', '2021-11-20 12:58:22.427612'),
(4650, 911, 194, '4', '35', '2021-11-20 12:58:33.059432'),
(4651, 911, 51, '7.5', '60', '2021-11-20 12:58:56.179911'),
(4652, 911, 69, '7', '60', '2021-11-20 12:59:15.648682'),
(4653, 911, 94, '10', '\"', '2021-11-20 12:59:35.549880'),
(4654, 910, 155, '3', '6', '2021-11-20 13:06:26.796363'),
(4655, 910, 5, '6.5', '\"', '2021-11-20 13:06:34.648539'),
(4656, 910, 9, '6', '5', '2021-11-20 13:06:46.967920'),
(4657, 910, 26, '1', '\"', '2021-11-20 13:06:55.394854'),
(4658, 910, 31, '5', '60', '2021-11-20 13:07:04.755991'),
(4659, 917, 27, '6', '\"', '2021-11-20 13:11:26.599322'),
(4660, 917, 47, '1', '7', '2021-11-20 13:12:19.114677'),
(4661, 917, 29, '6.5', '7', '2021-11-20 13:12:45.396177'),
(4662, 917, 36, '40', '\"', '2021-11-20 13:13:20.419223'),
(4663, 917, 146, '5.5', '\"', '2021-11-20 13:13:46.705639'),
(4664, 917, 119, '6.5', '\"', '2021-11-20 13:15:07.485671'),
(4665, 917, 94, '10', '\"', '2021-11-20 13:15:37.085691'),
(4666, 917, 65, '7', '4', '2021-11-20 13:15:52.626088'),
(4667, 916, 155, '3', '6', '2021-11-20 13:20:22.158831'),
(4668, 916, 55, '5', '50', '2021-11-20 13:20:31.975112'),
(4669, 916, 26, '1', '\"', '2021-11-20 13:20:47.835786'),
(4670, 916, 146, '4', '\"', '2021-11-20 13:20:58.814210'),
(4671, 913, 155, '3', '7', '2021-11-20 13:23:57.338754'),
(4672, 913, 55, '4', '3', '2021-11-20 13:24:19.667023'),
(4673, 913, 5, '6', '\"', '2021-11-20 13:24:38.876682'),
(4674, 913, 103, '5.5', '5', '2021-11-20 13:24:58.101104'),
(4675, 913, 136, '4.5', '60', '2021-11-20 13:25:25.209347'),
(4676, 912, 71, '1', '7', '2021-11-20 13:28:16.555948'),
(4677, 912, 128, '0.5', '\"', '2021-11-20 13:28:39.353640'),
(4678, 912, 65, '6.5', '5', '2021-11-20 13:28:49.520426'),
(4679, 912, 29, '6.5', '8', '2021-11-20 13:29:04.557940'),
(4680, 912, 36, '40', '\"', '2021-11-20 13:29:19.443604'),
(4681, 912, 48, '1', '\"', '2021-11-20 13:29:37.639434'),
(4682, 914, 187, '2.5', '6', '2021-11-20 13:32:31.112817'),
(4683, 914, 108, '4', '5', '2021-11-20 13:32:51.681977'),
(4684, 914, 9, '5', '6', '2021-11-20 13:32:58.788014'),
(4685, 914, 22, '0.4', '\"', '2021-11-20 13:33:13.982512'),
(4686, 914, 136, '4', '60', '2021-11-20 13:33:45.797931'),
(4687, 915, 146, '5.5', '\"', '2021-11-20 13:43:58.743749'),
(4688, 915, 102, '7', '60', '2021-11-20 13:44:16.229160'),
(4689, 915, 47, '1', '10', '2021-11-20 13:44:29.417413'),
(4690, 918, 27, '5', '\"', '2021-11-20 13:48:41.539667'),
(4691, 918, 28, '3.5', '7', '2021-11-20 13:48:54.615310'),
(4692, 918, 29, '5.5', '8', '2021-11-20 13:49:07.306331'),
(4693, 918, 36, '40', '\"', '2021-11-20 13:49:35.769187'),
(4694, 919, 186, '0.8', '6', '2021-11-20 13:53:47.179508'),
(4695, 919, 19, '0.65', '7', '2021-11-20 13:53:55.857341'),
(4696, 919, 13, '0.65', '6', '2021-11-20 13:54:32.336439'),
(4697, 919, 85, '1', '7', '2021-11-20 13:54:43.937502'),
(4698, 919, 21, '0.75', '\"', '2021-11-20 13:54:53.145205'),
(4699, 919, 26, '1', '\"', '2021-11-20 13:55:29.102819'),
(4700, 919, 23, '0.5', '\"', '2021-11-20 13:55:55.717309');

-- --------------------------------------------------------

--
-- Table structure for table `tbl_medicine_master`
--

CREATE TABLE `tbl_medicine_master` (
  `M_Id` int(11) NOT NULL,
  `M_Name` text NOT NULL,
  `M_Code` int(50) NOT NULL,
  `MT_Id` int(11) NOT NULL,
  `Dosage_Id` int(11) NOT NULL,
  `M_Menu` varchar(20) NOT NULL,
  `M_Status` varchar(2) NOT NULL,
  `M_Date` datetime(6) NOT NULL DEFAULT CURRENT_TIMESTAMP(6)
) ENGINE=InnoDB DEFAULT CHARSET=utf8mb4;

--
-- Dumping data for table `tbl_medicine_master`
--

INSERT INTO `tbl_medicine_master` (`M_Id`, `M_Name`, `M_Code`, `MT_Id`, `Dosage_Id`, `M_Menu`, `M_Status`, `M_Date`) VALUES
(1, 'Syr. Azifly(200)', 1, 1, 187, 'Menu-2', '1', '2021-10-24 16:15:36.960560'),
(2, 'Syr. Alernyl B +', 2, 1, 191, 'Menu-2', '1', '2021-10-24 16:15:37.117914'),
(3, 'Syr Omnacortil Forte', 300, 1, 191, 'Menu-2', '1', '2021-10-24 16:15:37.471560'),
(4, 'Syr. SumoL(250)DS', 380, 1, 200, 'Menu-2', '1', '2021-10-24 16:15:37.734448'),
(5, 'Syr. T-98(125)', 400, 1, 200, 'Menu-2', '1', '2021-10-24 16:15:38.072478'),
(6, 'Tab. Clavam(228.5)', 61, 2, 188, 'Menu-1', '1', '2021-10-24 16:15:38.205731'),
(7, 'Syr. Ambrodil S', 7, 1, 191, 'Menu-2', '1', '2021-10-24 16:15:38.339123'),
(8, 'Tab. Clamp Kid Forte(457)', 62, 2, 188, 'Menu-1', '1', '2021-10-24 16:15:38.515999'),
(9, 'Syr. ATM(100)XL', 9, 1, 187, 'Menu-2', '1', '2021-10-24 16:15:38.639075'),
(10, 'Syr. J V Tuss Ax', 200, 1, 191, 'Menu-2', '1', '2021-10-24 16:15:38.772508'),
(11, 'Syr. Azithral(200)XL', 11, 1, 187, 'Menu-2', '1', '2021-10-24 16:15:38.905789'),
(12, 'Hicope(6)  Drop.', 164, 1, 193, 'Menu-3', '1', '2021-10-24 16:15:39.005001'),
(13, 'Prednex Drop.', 320, 1, 193, 'Menu-3', '1', '2021-10-24 16:15:39.122891'),
(14, ' Macbery   Drop.', 267, 1, 193, 'Menu-3', '1', '2021-10-24 16:15:39.271669'),
(15, 'Mucolite   Drop.', 266, 1, 193, 'Menu-3', '1', '2021-10-24 16:15:39.450248'),
(16, ' Gastica  Drop.', 140, 1, 204, 'Menu-3', '1', '2021-10-24 16:15:39.772567'),
(17, ' Omnacortil   Drop.', 301, 1, 192, 'Menu-3', '1', '2021-10-24 16:15:39.861439'),
(18, ' Swich(25) Drop', 381, 1, 192, 'Menu-3', '1', '2021-10-24 16:15:39.983797'),
(19, 'Cedon(50) Drop.', 67, 1, 192, 'Menu-3', '1', '2021-10-24 16:15:40.050204'),
(20, 'Moxclav  Drop.', 262, 1, 192, 'Menu-3', '1', '2021-10-24 16:15:40.260857'),
(21, 'T-98  Drop.', 405, 1, 200, 'Menu-3', '1', '2021-10-24 16:15:40.372500'),
(22, ' Motinorm   Drop.', 263, 1, 203, 'Menu-3', '1', '2021-10-24 16:15:40.439052'),
(23, ' Macbrite D3 800 Drop', 265, 1, 217, 'Menu-3', '1', '2021-10-24 16:15:40.516737'),
(24, 'Tonoferon  Drop.', 403, 1, 229, 'Menu-3', '1', '2021-10-24 16:15:40.607442'),
(25, 'Apigest Drop.', 15, 1, 193, 'Menu-3', '1', '2021-10-24 16:15:40.845807'),
(26, 'Nasoclear Drop', 280, 3, 232, 'Menu-3', '1', '2021-10-24 16:15:40.939292'),
(27, 'Syr. Zofer', 520, 1, 203, 'Menu-2', '1', '2021-10-24 16:15:41.005356'),
(28, 'Syr. Ranidom PD', 364, 1, 189, 'Menu-2', '1', '2021-10-24 16:15:41.105287'),
(29, 'Syr. Multizyme(100)', 271, 1, 188, 'Menu-2', '1', '2021-10-24 16:15:41.171881'),
(30, 'Syr. Femia XT', 127, 1, 186, 'Menu-2', '1', '2021-10-24 16:15:41.238598'),
(31, 'Syr. Vitzin(150)', 442, 1, 185, 'Menu-2', '1', '2021-10-24 16:15:41.349825'),
(32, 'Syr Raviron XT', 360, 1, 186, 'Menu-2', '1', '2021-10-24 16:15:41.416571'),
(33, 'Syr Zincolife', 523, 1, 185, 'Menu-2', '1', '2021-10-24 16:15:41.483274'),
(34, 'Zn20  Drop.', 522, 1, 228, 'Menu-3', '1', '2021-10-24 16:15:41.549904'),
(35, 'Gutgermina suspension', 143, 4, 189, 'Menu-3', '1', '2021-10-24 16:15:41.638703'),
(36, 'ORS- Dakson ORL/Coslyte P in 200ml of water', 310, 1, 215, 'Menu-3', '1', '2021-10-24 16:15:41.727666'),
(37, 'Syr. Zopof(100)', 521, 1, 188, 'Menu-2', '1', '2021-10-24 16:15:41.916791'),
(38, 'Syr. Sensiclav(457)', 383, 1, 188, 'Menu-2', '1', '2021-10-24 16:15:42.016153'),
(39, 'Syr. Macbery PD', 269, 1, 191, 'Menu-2', '1', '2021-10-24 16:15:42.082730'),
(40, 'Syr. Taxim -o(100)', 401, 2, 188, 'Menu-1', '1', '2021-10-24 16:15:42.149401'),
(41, 'Tab. Swich(100)', 384, 2, 188, 'Menu-1', '1', '2021-10-24 16:15:42.216224'),
(42, 'Tab.Swich(50)', 382, 2, 188, 'Menu-1', '1', '2021-10-24 16:15:42.293984'),
(43, 'Tab. Azibact(250)', 8, 2, 187, 'Menu-1', '1', '2021-10-24 16:15:42.371766'),
(44, 'Tab. P-250', 324, 2, 200, 'Menu-1', '1', '2021-10-24 16:15:42.438329'),
(45, 'Tab. Baby Lanz(15)', 45, 2, 207, 'Menu-1', '1', '2021-10-24 16:15:42.504988'),
(46, 'Tab. Ondem(4)', 302, 2, 203, 'Menu-1', '1', '2021-10-24 16:15:42.571673'),
(47, 'Tab. Pan 20 Jr', 322, 2, 207, 'Menu-1', '1', '2021-10-24 16:15:42.638972'),
(48, 'Tab. Vomikind(2)', 440, 2, 203, 'Menu-1', '1', '2021-10-24 16:15:42.993951'),
(49, 'Syr. Moxclav(228.5)', 268, 1, 188, 'Menu-2', '1', '2021-10-24 16:15:43.095229'),
(50, 'Syr. Zithrox(100)XL', 3004, 1, 186, 'Menu-2', '1', '2021-10-24 16:15:43.171798'),
(51, 'Syr. Mactotal', 260, 1, 185, 'Menu-2', '1', '2021-10-24 16:15:43.260625'),
(52, ' Vitaspark D3  Drop.', 444, 1, 217, 'Menu-3', '1', '2021-10-24 16:15:43.327376'),
(53, ' Hold  Drop.', 162, 1, 228, 'Menu-3', '1', '2021-10-24 16:15:43.405151'),
(54, 'Flucold AF  Drop.', 138, 1, 193, 'Menu-3', '1', '2021-10-24 16:15:43.506164'),
(55, 'Syr. Lasma LC', 240, 1, 227, 'Menu-2', '1', '2021-10-24 16:15:43.571823'),
(56, 'Tab. Telekast L Kid', 404, 2, 227, 'Menu-1', '1', '2021-10-24 16:15:43.682972'),
(57, 'Syr. Hizet', 171, 1, 191, 'Menu-2', '1', '2021-10-24 16:15:43.817394'),
(58, 'Tab. Medomol(300)', 264, 2, 200, 'Menu-1', '1', '2021-10-24 16:15:43.882985'),
(59, 'Syr Cefolac(100)', 64, 1, 188, 'Menu-2', '1', '2021-10-24 16:15:43.949583'),
(60, 'Syr. Cefolac(50)', 60, 1, 188, 'Menu-2', '1', '2021-10-24 16:15:44.050096'),
(61, 'Levolin(50)MDI', 244, 5, 208, 'Menu-3', '1', '2021-10-24 16:15:44.116833'),
(62, 'Budecort(100)MDI', 40, 5, 216, 'Menu-3', '1', '2021-10-24 16:15:44.205766'),
(63, 'Asthalin(100)MDI', 3, 5, 208, 'Menu-3', '1', '2021-10-24 16:15:44.272882'),
(64, 'Mupi Oinment', 270, 6, 195, 'Menu-3', '1', '2021-10-24 16:15:44.339173'),
(65, 'Syr. Xintof M', 480, 1, 188, 'Menu-2', '1', '2021-10-24 16:15:44.439509'),
(66, 'Syr. Gut ok', 142, 1, 196, 'Menu-2', '1', '2021-10-24 16:15:44.539190'),
(67, 'Syr. R B Tone(80)', 361, 1, 186, 'Menu-2', '1', '2021-10-24 16:15:44.605811'),
(68, 'Syr. Cavit', 68, 1, 191, 'Menu-2', '1', '2021-10-24 16:15:44.672483'),
(69, 'Syr. Reqcal', 363, 1, 185, 'Menu-2', '1', '2021-10-24 16:15:44.739113'),
(70, 'Syr. HH Levo M Kid', 173, 1, 227, 'Menu-2', '1', '2021-10-24 16:15:44.805845'),
(71, 'Tab. PNZ 20 MD', 325, 2, 207, 'Menu-1', '1', '2021-10-24 16:15:44.872534'),
(72, 'Syr.Opox(50)', 305, 1, 188, 'Menu-2', '1', '2021-10-24 16:15:44.939527'),
(73, 'Tab. Wysolone(10)', 460, 2, 188, 'Menu-1', '1', '2021-10-24 16:15:45.005963'),
(74, 'Syr. Emty(100)', 116, 1, 205, 'Menu-2', '1', '2021-10-24 16:15:45.206145'),
(75, 'Angelskin AC  lotion', 20, 7, 195, 'Menu-3', '1', '2021-10-24 16:15:45.294323'),
(76, 'Ketonate Cream', 222, 8, 194, 'Menu-3', '1', '2021-10-24 16:15:45.372047'),
(77, 'Ketostar Cream', 224, 8, 195, 'Menu-3', '1', '2021-10-24 16:15:45.749855'),
(78, 'Ketostar Lotion', 225, 7, 230, 'Menu-3', '1', '2021-10-24 16:15:45.839623'),
(79, 'Orahelp Gel', 304, 3, 223, 'Menu-3', '1', '2021-10-24 16:15:45.973054'),
(80, 'Candilitz M P', 80, 3, 222, 'Menu-3', '1', '2021-10-24 16:15:46.049835'),
(81, 'Herudal Cream', 160, 8, 195, 'Menu-3', '1', '2021-10-24 16:15:46.116552'),
(82, 'HHMite Cream', 163, 8, 213, 'Menu-3', '1', '2021-10-24 16:15:46.183292'),
(83, '  Keto B Cream', 220, 8, 194, 'Menu-3', '1', '2021-10-24 16:15:46.295536'),
(84, 'Keto B Lotion', 223, 7, 194, 'Menu-3', '1', '2021-10-24 16:15:46.439714'),
(85, 'Nebracin eye drop', 283, 3, 201, 'Menu-3', '1', '2021-10-24 16:15:46.505497'),
(86, 'L B C ear drop', 245, 3, 202, 'Menu-3', '1', '2021-10-24 16:15:46.572238'),
(87, 'Futop Cream', 120, 8, 195, 'Menu-3', '1', '2021-10-24 16:15:46.638812'),
(88, ' Futop B Cream', 121, 8, 194, 'Menu-3', '1', '2021-10-24 16:15:46.709917'),
(89, 'Dosetil Lotion', 89, 7, 194, 'Menu-3', '1', '2021-10-24 16:15:46.782777'),
(90, 'Ezinapi Cream', 106, 8, 233, 'Menu-3', '1', '2021-10-24 16:15:46.860521'),
(91, 'Syr. Sofazyme(100)', 385, 1, 188, 'Menu-2', '1', '2021-10-24 16:15:47.064995'),
(92, 'Syr. Soval(200)', 389, 1, 188, 'Menu-2', '1', '2021-10-24 16:15:47.262051'),
(93, 'Tab. Frisium(5)', 124, 2, 226, 'Menu-1', '1', '2021-10-24 16:15:47.373151'),
(94, 'Syr.Nowarm(200)', 281, 1, 198, 'Menu-2', '1', '2021-10-24 16:15:47.438925'),
(95, 'Syr.Bandy(200)', 55, 1, 199, 'Menu-2', '1', '2021-10-24 16:15:47.505621'),
(96, 'Tab. Flucos(50)', 123, 2, 231, 'Menu-1', '1', '2021-10-24 16:15:47.572290'),
(97, 'Syr. Lysipro(100)', 249, 1, 189, 'Menu-2', '1', '2021-10-24 16:15:47.638894'),
(98, 'Syr. Appydone', 4, 1, 189, 'Menu-2', '1', '2021-10-24 16:15:47.705641'),
(99, 'Syr. Sporidex(125)', 387, 1, 191, 'Menu-2', '1', '2021-10-24 16:15:47.772216'),
(100, 'Syr. Sporidex(250)', 386, 1, 191, 'Menu-2', '1', '2021-10-24 16:15:47.839009'),
(101, 'Syr. Metrogyl', 272, 1, 191, 'Menu-2', '1', '2021-10-24 16:15:47.905622'),
(102, 'Syr. Zincovit CL', 525, 1, 185, 'Menu-2', '1', '2021-10-24 16:15:47.972307'),
(103, 'Syr. Azithral(100)XL', 10, 1, 187, 'Menu-2', '1', '2021-10-24 16:15:48.150096'),
(104, 'Tab. Martefur(50)', 273, 2, 191, 'Menu-1', '1', '2021-10-24 16:15:48.394596'),
(105, 'Syr. Uriliser', 420, 1, 238, 'Menu-2', '1', '2021-10-24 16:15:48.494093'),
(106, 'Syr. Macbery XT', 274, 1, 191, 'Menu-2', '1', '2021-10-24 16:15:48.898013'),
(107, 'Syr. Ibugesic(100)', 195, 1, 210, 'Menu-2', '1', '2021-10-24 16:15:49.005785'),
(108, 'Syr. Omnacortil', 307, 1, 191, 'Menu-2', '1', '2021-10-24 16:15:49.106745'),
(109, 'Syr. Cetzine', 76, 1, 185, 'Menu-2', '1', '2021-10-24 16:15:49.294779'),
(110, 'Syr. Brozeet', 50, 1, 191, 'Menu-2', '1', '2021-10-24 16:15:49.394133'),
(111, 'Syr. Macbery Levo', 275, 1, 191, 'Menu-2', '1', '2021-10-24 16:15:49.460860'),
(112, 'Syr.Instaryl', 180, 1, 191, 'Menu-2', '1', '2021-10-24 16:15:49.528386'),
(113, 'Tab.P-500', 334, 2, 200, 'Menu-1', '1', '2021-10-24 16:15:49.616432'),
(114, 'Tab. Swich(200)', 388, 2, 188, 'Menu-1', '1', '2021-10-24 16:15:49.683138'),
(115, 'Tab. Repodox(100)', 367, 2, 188, 'Menu-1', '1', '2021-10-24 16:15:49.749714'),
(116, 'Syr. Butabrom', 41, 1, 191, 'Menu-2', '1', '2021-10-24 16:15:49.895542'),
(117, 'Syr. Snovit LZ(200)', 390, 1, 185, 'Menu-2', '1', '2021-10-24 16:15:50.447270'),
(118, 'Syr. Coliza D', 63, 1, 219, 'Menu-2', '1', '2021-10-24 16:15:51.173416'),
(119, 'Syr. Decolic', 87, 1, 219, 'Menu-2', '1', '2021-10-24 16:15:51.317789'),
(120, 'Syr. Macpod(100)', 276, 1, 188, 'Menu-2', '1', '2021-10-24 16:15:51.562449'),
(121, ' Linase   Drop.', 248, 3, 211, 'Menu-3', '1', '2021-10-24 16:15:51.672511'),
(122, 'Tab. Arden(325)', 6, 2, 200, 'Menu-1', '1', '2021-10-24 16:15:51.773371'),
(123, 'Tufpro suspension', 406, 4, 187, 'Menu-3', '1', '2021-10-24 16:15:51.838860'),
(124, 'Tab. Wysolone(10)', 461, 2, 191, 'Menu-1', '1', '2021-10-24 16:15:51.905559'),
(125, 'Tab. Flanzen(2.5)', 125, 2, 188, 'Menu-1', '1', '2021-10-24 16:15:51.972251'),
(126, 'Syr. Zincolife', 524, 1, 188, 'Menu-2', '1', '2021-10-24 16:15:52.061055'),
(127, 'Syr. Gardenal(20)', 141, 1, 188, 'Menu-2', '1', '2021-10-24 16:15:52.155131'),
(128, 'Tab. Drolic-M', 86, 2, 219, 'Menu-1', '1', '2021-10-24 16:15:52.271764'),
(129, 'Tab. O2H', 315, 2, 188, 'Menu-1', '1', '2021-10-24 16:15:52.460729'),
(130, 'Syr. Levipil(100)', 250, 1, 188, 'Menu-2', '1', '2021-10-24 16:15:52.550124'),
(132, 'Syr. P-120', 329, 1, 200, 'Menu-2', '1', '2021-10-24 16:15:52.844701'),
(133, 'Kufril LS Drop', 227, 1, 193, 'Menu-3', '1', '2021-10-24 16:15:53.123746'),
(134, ' Riaplex Drop', 372, 1, 228, 'Menu-3', '1', '2021-10-24 16:15:53.240160'),
(135, 'C pink Drop.', 66, 1, 220, 'Menu-3', '1', '2021-10-24 16:15:53.795912'),
(136, 'Syr. A to Z(100)', 13, 1, 185, 'Menu-2', '1', '2021-10-24 16:15:54.046326'),
(137, 'Neosporin powder', 289, 9, 195, 'Menu-3', '1', '2021-10-24 16:15:54.238086'),
(138, 'Syr. Wonfit DHA(200)', 464, 1, 185, 'Menu-2', '1', '2021-10-24 16:15:54.362431'),
(139, 'Tendrone Cream', 412, 8, 194, 'Menu-3', '1', '2021-10-24 16:15:54.637967'),
(140, '  Metasone F Cream', 277, 8, 194, 'Menu-3', '1', '2021-10-24 16:15:54.906862'),
(141, 'Syr. Pacimol MF(125/250)', 330, 1, 241, 'Menu-2', '1', '2021-10-24 16:15:55.149294'),
(142, 'Tab. Pan 40', 328, 2, 207, 'Menu-1', '1', '2021-10-24 16:15:55.484654'),
(143, 'Tab.Macpod(100)', 278, 2, 188, 'Menu-1', '1', '2021-10-24 16:15:55.740284'),
(144, 'Tab. Lucilan Jr(15)', 255, 2, 207, 'Menu-1', '1', '2021-10-24 16:15:56.016325'),
(145, 'Tab. Flanzen(5)', 139, 2, 188, 'Menu-1', '1', '2021-10-24 16:15:56.384291'),
(146, 'Syr. P-250', 337, 1, 200, 'Menu-2', '1', '2021-10-24 16:15:56.673553'),
(147, 'Syr. Kefmed(100)', 229, 1, 188, 'Menu-2', '1', '2021-10-24 16:15:56.939238'),
(148, 'Syr. Bromef Jr', 42, 1, 191, 'Menu-2', '1', '2021-10-24 16:15:57.201685'),
(149, 'Syr. Asthakind', 16, 1, 191, 'Menu-2', '1', '2021-10-24 16:15:57.640466'),
(150, ' Vitoc D  Drop.', 445, 1, 217, 'Menu-3', '1', '2021-10-24 16:15:58.007235'),
(151, ' D3 Must Forte  Drop.', 97, 1, 217, 'Menu-3', '1', '2021-10-24 16:15:58.762602'),
(152, 'Taxim-o(25)  Drop.', 407, 1, 192, 'Menu-3', '1', '2021-10-24 16:15:59.384890'),
(153, 'Syr. Prednex', 338, 1, 191, 'Menu-2', '1', '2021-10-24 16:15:59.707098'),
(154, 'Syr. Respira', 373, 1, 191, 'Menu-2', '1', '2021-10-24 16:16:00.156931'),
(155, 'Syr. Tagril Kid(60)', 414, 1, 191, 'Menu-2', '1', '2021-10-24 16:16:00.415740'),
(156, 'Eco ALL Suspension', 107, 4, 189, 'Menu-3', '1', '2021-10-24 16:16:00.779849'),
(157, 'Syr. Rantac', 362, 1, 189, 'Menu-2', '1', '2021-10-24 16:16:01.384924'),
(158, 'Renicol eye drop', 376, 3, 201, 'Menu-3', '1', '2021-10-24 16:16:01.618315'),
(159, 'Orozinc   Drop.', 309, 1, 228, 'Menu-3', '1', '2021-10-24 16:16:01.907204'),
(160, 'Syr. Ascazin', 5, 1, 185, 'Menu-2', '1', '2021-10-24 16:16:02.243695'),
(161, 'Colioff  Drop.', 74, 1, 236, 'Menu-3', '1', '2021-10-24 16:16:02.796137'),
(162, 'Tab. Panido 20 MD', 327, 2, 207, 'Menu-1', '1', '2021-10-24 16:16:03.490549'),
(163, 'Syr. Ofatid M ', 308, 1, 188, 'Menu-2', '1', '2021-10-24 16:16:04.018298'),
(164, 'Tab. Roliten(1)', 369, 2, 234, 'Menu-1', '1', '2021-10-24 16:16:04.391286'),
(165, 'Tab. Folvite(5)', 136, 2, 186, 'Menu-1', '1', '2021-10-24 16:16:04.673560'),
(166, 'Tab. Desirox(250)', 82, 2, 224, 'Menu-1', '1', '2021-10-24 16:16:04.873947'),
(167, 'Cap Hydroxyurea', 167, 10, 206, 'Menu-1', '1', '2021-10-24 16:16:05.347615'),
(168, 'Tab. Vermisol(150)', 441, 2, 206, 'Menu-1', '1', '2021-10-24 16:16:05.606725'),
(169, 'Tab. Lansojoy Jr(15)', 251, 2, 207, 'Menu-1', '1', '2021-10-24 16:16:05.857785'),
(170, 'Syr. Osmofast(100)', 317, 1, 205, 'Menu-2', '1', '2021-10-24 16:16:06.094453'),
(171, 'Sporidex(100)   Drop.', 396, 1, 193, 'Menu-3', '1', '2021-10-24 16:16:06.161218'),
(172, 'Wonfit DHA   Drop.', 465, 1, 228, 'Menu-3', '1', '2021-10-24 16:16:06.227802'),
(173, 'Tab. Taxim-o(100)', 409, 2, 188, 'Menu-1', '1', '2021-10-24 16:16:06.294518'),
(174, 'Syr.Nervlink', 296, 1, 185, 'Menu-2', '1', '2021-10-24 16:16:06.361211'),
(175, 'Syr Omnacortil forte', 297, 1, 188, 'Menu-2', '1', '2021-10-24 16:16:06.474087'),
(176, 'Step Up   Drop.', 391, 1, 196, 'Menu-3', '1', '2021-10-24 16:16:06.583392'),
(177, 'Tab. Brufen(200)', 58, 2, 210, 'Menu-1', '1', '2021-10-24 16:16:06.683345'),
(178, 'Tab. Sibelium(5)', 393, 2, 225, 'Menu-1', '1', '2021-10-24 16:16:06.761178'),
(179, 'Tab. Atarax(10)', 17, 2, 191, 'Menu-1', '1', '2021-10-24 16:16:06.828035'),
(180, ' Nasivion Child Drop.', 285, 3, 237, 'Menu-3', '1', '2021-10-24 16:16:07.195669'),
(181, 'Tab. Dapsonil(25)', 84, 2, 225, 'Menu-1', '1', '2021-10-24 16:16:07.307382'),
(182, ' Drep Wax। Drop.', 85, 3, 202, 'Menu-3', '1', '2021-10-24 16:16:07.372402'),
(183, 'AD-10 Sachet', 18, 11, 218, 'Menu-3', '1', '2021-10-24 16:16:07.446491'),
(184, 'Tab. Eltroxin(25)', 104, 2, 186, 'Menu-1', '1', '2021-10-24 16:16:07.563079'),
(186, 'Asthakind P Drop', 19, 1, 193, 'Menu-3', '1', '2021-11-12 19:45:55.823767'),
(187, 'Syr. Kafate', 221, 1, 191, 'Menu-2', '1', '2021-11-12 20:51:31.306768'),
(188, 'Syr. Aziline(200)', 25, 1, 186, 'Menu-2', '1', '2021-11-16 09:44:14.336145'),
(189, 'Syr.Avina', 22, 1, 185, 'Menu-2', '1', '2021-11-17 07:25:00.201077'),
(190, 'Tab. Zovirax(200)', 527, 2, 214, 'Menu-1', '1', '2021-11-17 09:46:44.831776'),
(191, 'Jasgo Gel', 202, 12, 195, 'Menu-3', '1', '2021-11-17 09:47:37.271665'),
(192, 'Syr. Spedcold', 397, 1, 191, 'Menu-2', '1', '2021-11-17 09:49:19.320178'),
(193, 'Permitrex lotion', 321, 7, 213, 'Menu-3', '1', '2021-11-18 18:37:16.852449'),
(194, 'Syr. Cyptorin', 65, 1, 189, 'Menu-2', '1', '2021-11-18 18:39:29.865285'),
(195, 'Syr. Starclav(228.5)', 392, 1, 188, 'Menu-2', '1', '2021-11-18 18:47:12.652144'),
(196, 'Tab. Lanspro(15)', 253, 2, 207, 'Menu-1', '1', '2021-11-18 18:50:44.828494'),
(197, 'Glycerine suppository', 144, 13, 239, 'Menu-3', '1', '2021-11-18 19:12:26.353960'),
(198, 'Neotomic Enema', 282, 14, 239, 'Menu-3', '1', '2021-11-18 19:15:17.548639');

-- --------------------------------------------------------

--
-- Table structure for table `tbl_medicine_type`
--

CREATE TABLE `tbl_medicine_type` (
  `MT_Id` int(11) NOT NULL,
  `MT_Name` text NOT NULL,
  `MT_Type` varchar(20) NOT NULL,
  `MT_Status` varchar(2) NOT NULL,
  `MT_Date` timestamp(6) NOT NULL DEFAULT CURRENT_TIMESTAMP(6)
) ENGINE=InnoDB DEFAULT CHARSET=utf8mb4;

--
-- Dumping data for table `tbl_medicine_type`
--

INSERT INTO `tbl_medicine_type` (`MT_Id`, `MT_Name`, `MT_Type`, `MT_Status`, `MT_Date`) VALUES
(1, 'ml', 'ml', '1', '2021-10-24 16:16:43.221412'),
(2, 'tablet', 'tablet', '1', '2021-10-24 16:16:54.539989'),
(3, 'drop', 'drop', '1', '2021-10-24 16:17:05.879165'),
(4, 'suspension', 'suspension', '1', '2021-10-24 16:17:16.700395'),
(5, 'puff', 'puff', '1', '2021-10-24 16:17:34.603089'),
(6, 'oinment', 'oinment', '1', '2021-10-24 16:18:04.899119'),
(7, 'lotion', 'lotion', '1', '2021-10-24 16:18:15.978770'),
(8, 'cream', 'cream', '1', '2021-10-24 16:18:26.218649'),
(9, 'powder', 'powder', '1', '2021-10-24 16:18:57.909068'),
(10, 'Capsule', 'Capsule', '1', '2021-10-24 16:19:13.749894'),
(11, 'sachet', 'sachet', '1', '2021-10-24 16:19:28.134744'),
(12, 'Gel', 'Gel', '1', '2021-11-17 09:44:01.636453'),
(13, 'Suppository', 'Suppository', '1', '2021-11-18 18:51:57.405357'),
(14, 'Enema', 'Enema', '1', '2021-11-18 18:52:55.980812');

-- --------------------------------------------------------

--
-- Table structure for table `tbl_patient_details`
--

CREATE TABLE `tbl_patient_details` (
  `Patient_Id` int(11) NOT NULL,
  `Patient_Name` varchar(100) NOT NULL,
  `Patient_Age` varchar(20) NOT NULL,
  `Patient_Gender` varchar(20) NOT NULL,
  `Patient_Height` double NOT NULL,
  `Patient_Weight` double NOT NULL,
  `Patient_Address` text NOT NULL,
  `Patient_Contact` varchar(15) NOT NULL,
  `Patient_Status` varchar(2) NOT NULL,
  `Patient_Visit_Status` varchar(2) NOT NULL,
  `Patient_Date` datetime(6) NOT NULL DEFAULT CURRENT_TIMESTAMP(6)
) ENGINE=InnoDB DEFAULT CHARSET=utf8mb4;

--
-- Dumping data for table `tbl_patient_details`
--

INSERT INTO `tbl_patient_details` (`Patient_Id`, `Patient_Name`, `Patient_Age`, `Patient_Gender`, `Patient_Height`, `Patient_Weight`, `Patient_Address`, `Patient_Contact`, `Patient_Status`, `Patient_Visit_Status`, `Patient_Date`) VALUES
(30, 'Smriti Mondal', '6 month', 'Female', 0, 6.4, 'itahar', '8116818224', '1', '1', '2021-11-09 04:47:20.617306'),
(31, 'Adira Tabassum', '2 years 9 month', 'Female', 0, 10.8, 'Mohipal', '9647558399', '1', '1', '2021-11-09 04:50:32.565709'),
(32, 'Ankit Mahato', '11 month', 'Male', 0, 8.8, 'Tungidighi', '9784637495', '1', '1', '2021-11-09 04:54:39.676772'),
(33, 'Nawaz Sarif', '5 years 6 month', 'Male', 0, 20, 'kunor', '9775468124', '1', '1', '2021-11-09 04:59:20.547117'),
(34, 'Mizanur Rahaman', '17 month', 'Male', 0, 9.7, 'Soriyabad', '9734912168', '1', '1', '2021-11-09 05:02:30.113380'),
(35, 'Md Ripon', '4 years 3 month', 'Male', 0, 14.9, 'Itahar', '9382519060', '1', '1', '2021-11-09 05:13:24.563810'),
(36, 'Sabnam Khatun', '4 month', 'Female', 0, 6.7, 'Bhatol', '9733287395', '1', '1', '2021-11-09 05:16:58.081172'),
(37, 'Biki Roy', '9 month', 'Male', 0, 9.2, 'kaliyaganj', '7001783618', '1', '1', '2021-11-09 05:21:36.134539'),
(38, 'Mariyam Khatun', '1 years 6 month', '', 0, 7.7, 'Itahar', '7679529818', '1', '1', '2021-11-09 05:24:48.648758'),
(39, 'Faiza Parvin', '1 years', 'Female', 0, 8.4, 'Gomarda', '9382056989', '1', '1', '2021-11-09 05:26:53.897470'),
(40, 'Sadia Parvin', '2 month 15 days', 'Female', 0, 4.5, 'Abadpur', '7079832042', '1', '1', '2021-11-09 05:41:31.778416'),
(41, 'Diya Mondal', '5 years', 'Female', 0, 14, 'Tungidighi', '9641085597', '1', '1', '2021-11-09 05:45:34.635275'),
(42, 'Wasim Aktar', '14 years', 'Male', 0, 25, 'Karandighi', '7432988117', '1', '1', '2021-11-09 05:49:27.967264'),
(43, 'Momina Khatun', '10+ years', 'Female', 0, 21.3, 'karandighi', '7432988116', '1', '1', '2021-11-09 05:50:47.760761'),
(44, 'Rihan Hossain', '9 month', 'Male', 0, 7.3, 'Horirampur', '9567482330', '1', '1', '2021-11-09 05:55:53.568671'),
(45, 'Raees Ahamed', '5 month', 'Male', 0, 6.4, 'Bhatol', '9733431844', '1', '1', '2021-11-09 05:57:19.354080'),
(46, 'Masuma Khatun', '57 days', 'Female', 0, 5.2, 'Itahar', '7908955324', '1', '1', '2021-11-09 06:10:08.277615'),
(47, 'Saim Hq', '2 month 9 days', 'Male', 0, 5.2, 'Damdolia', '9641654417', '1', '1', '2021-11-09 06:16:36.175668'),
(48, 'Adwita Sutradhar', '22 month', 'Female', 0, 11.4, 'raiganj', '7430934863', '1', '1', '2021-11-09 06:18:22.887943'),
(49, 'Sadia Parvin', '56 days', 'Female', 0, 4.7, 'Dhobail', '6294880127', '1', '1', '2021-11-09 06:24:33.844053'),
(50, 'Nabil Alam', '2 years', 'Male', 0, 8, 'Itahar', '9733361236', '1', '1', '2021-11-09 06:25:55.140553'),
(51, 'Biswadeep Das', '8 years 10 month', 'Male', 0, 24.9, 'Balurgha', '9775592774', '1', '1', '2021-11-09 06:35:04.486975'),
(52, 'Anuska Ghosh', '1 years 2 month', 'Female', 0, 7.8, 'Raiganj', '743298811', '1', '1', '2021-11-09 06:40:04.581483'),
(53, 'Sadiya Jannat', '44 days', 'Female', 0, 3, 'Maalgaon', '740714', '1', '1', '2021-11-09 06:43:52.648741'),
(54, 'Ankita Paul', '3 years 1 month', 'Female', 0, 12.8, 'Karandighi', '8972150030', '1', '1', '2021-11-09 06:47:57.678885'),
(55, 'Rohan Aktar', '7 days', 'Male', 0, 2.3, 'Kaliyaganj', '8509928442', '1', '1', '2021-11-09 06:51:19.661145'),
(56, 'Juniedulla Sarkar', '8 month 15 days', 'Male', 0, 7.4, 'Durgapur', '9434818304', '1', '1', '2021-11-09 06:53:50.686555'),
(57, 'Madhumita Roy', '36 days', 'Female', 0, 3.3, 'Raiganj', '6596615765', '1', '1', '2021-11-09 07:03:41.208420'),
(58, 'Arin Bin Azad', '10+ month', 'Male', 0, 9.5, 'Itahar', '9609520040', '1', '1', '2021-11-09 07:07:08.876648'),
(59, 'Afia Parveen', '9 month', 'Female', 0, 7.3, 'Alingia', '6295876901', '1', '1', '2021-11-09 07:16:45.726571'),
(60, 'Jamina Parveen', '1 years 3 moh', 'Female', 0, 9, 'Kamal Pur', '8777275634', '1', '1', '2021-11-09 07:19:13.626285'),
(61, 'Salman Hossan', '12 days', 'Male', 0, 2.6, 'Goalpara', '7679231441', '1', '1', '2021-11-09 07:26:23.830903'),
(62, 'Abir Sarkar', '7 month', 'Male', 0, 7.3, 'Blijol', '9647733783', '1', '1', '2021-11-09 07:30:43.208708'),
(63, 'MD Saffan', '15 days', 'Male', 0, 1.6, 'Bariadangi', '6206683756', '1', '1', '2021-11-09 07:36:48.391389'),
(64, 'Kritaansh Agarwal', '1 years 10 month', 'Male', 0, 12.2, 'Raiganj', '945302811', '1', '1', '2021-11-09 07:38:26.528038'),
(65, 'MD Juyel', '3 years 5 month', 'Male', 0, 14, 'Itahar', '8945095527', '1', '1', '2021-11-09 07:44:21.498073'),
(66, 'Utsab Das', '18 dayd', 'Male', 0, 3.2, 'Barua', '9635018818', '1', '1', '2021-11-09 07:50:36.110033'),
(67, 'Mir Murshalin', '8 month', 'Male', 0, 8, 'Shibpur', '7029314440', '1', '1', '2021-11-09 07:52:38.390960'),
(68, 'Soumik Barman', '2 years 1 month 10 d', 'Male', 0, 9.2, 'Hemtabad', '8250749502', '1', '1', '2021-11-09 07:56:21.969054'),
(69, 'Sneha Sarkar', '11 monh', 'Female', 0, 7.5, 'Subhasganj', '9733106830', '1', '1', '2021-11-09 08:00:51.922740'),
(70, 'Manish Roy', '4 years 10 month', 'Male', 0, 16, 'Raiganj', '9593330223', '1', '1', '2021-11-09 08:02:18.312693'),
(71, 'MD Riaz', '6 month 26 days', 'Male', 0, 6.5, 'Damdolia', '8586067857', '1', '1', '2021-11-09 08:03:54.136662'),
(72, 'Abu Raihan', '2 years', 'Male', 0, 9.1, 'Hajratpur', '7679257105', '1', '1', '2021-11-09 08:15:17.447995'),
(73, 'Usman Khan', '2 monh 4 day', 'Male', 0, 5.5, '', '77', '1', '1', '2021-11-09 08:26:11.351776'),
(74, 'Sohan HQ', '1 years 2 month', 'Male', 0, 9, 'Pazole', '8967056888', '1', '1', '2021-11-09 08:28:35.425145'),
(75, 'Abujar Rahaman', '1', 'Male', 0, 7.5, 'Nayatali', '9800487059', '1', '1', '2021-11-09 08:31:06.578470'),
(76, 'Haiba Parveen', '3 years', 'Female', 0, 9.4, 'Raria', '8116664646', '1', '1', '2021-11-09 08:34:31.719431'),
(77, 'Toutik Saha', '1 years 4month', 'Male', 0, 8.7, 'Raiganj', '8348436185', '1', '1', '2021-11-09 08:39:17.832920'),
(78, 'Jhumur Chowdhary', '1 month 21 days', 'Female', 0, 3.5, 'Karandighi', '9641036168', '1', '1', '2021-11-09 08:42:09.009984'),
(79, 'MD NIjamuddin', '23 days', 'Male', 0, 3.2, 'Bogram', '9002315924', '1', '1', '2021-11-09 08:43:42.620536'),
(80, 'Mubassir Raj', '4 month', 'Male', 0, 7.8, 'Mirapara', '6294582519', '1', '1', '2021-11-09 08:45:43.654785'),
(81, 'MD Joyed', '1 month 14 days', 'Male', 0, 3.3, 'Itahar', '8617035508', '1', '1', '2021-11-09 08:56:01.597538'),
(82, 'MD Sabir', '12 years', 'Male', 0, 38, 'Islampur', '7551065683', '1', '1', '2021-11-09 08:57:38.534195'),
(83, 'Rezwana Khatun', '1 years 2+ month', 'Female', 0, 9.1, 'Hemtabad', '9635283334', '1', '1', '2021-11-09 09:01:07.608487'),
(84, 'Dibyajit Das', '2 month 12 days', 'Male', 0, 4.2, 'Durgapur', '6294004245', '1', '1', '2021-11-09 09:45:12.044682'),
(85, 'Avijit Sarkar', '2 month 10 days', 'Male', 0, 4.6, 'Sherpur', '9593929018', '1', '1', '2021-11-09 09:46:59.130311'),
(86, 'Moumita Saha', '1 years 1 month', 'Female', 0, 8.8, 'Shaktinagar', '9641750430', '1', '1', '2021-11-09 09:49:14.527092'),
(87, 'Muskan Khatun', '6 Month 15 Days', 'Female', 0, 6.1, 'Bariolghat', '6297058212', '1', '1', '2021-11-09 09:51:54.806468'),
(88, 'Morjena Khatun', '1 Month', 'Female', 0, 3, 'Raiganj', '9932593437', '1', '1', '2021-11-09 10:08:30.767761'),
(89, 'Joydeb Ghosh', '1 Years 6 Month', 'Male', 0, 10.5, 'Kaliyaganj', '8436137174', '1', '1', '2021-11-09 10:11:03.134468'),
(90, 'Mahi Khatun', '10 Month', 'Female', 0, 10.2, 'Kotar', '7703990521', '1', '1', '2021-11-09 10:12:27.670687'),
(91, 'MD Rehan', '9 Month', 'Male', 0, 5.5, 'Logua', '9973371016', '1', '1', '2021-11-09 10:14:08.876323'),
(92, 'Sara Hayat Ali', '1 Month 5 Days', 'Female', 0, 3.9, 'Raiganj', '7838418611', '1', '1', '2021-11-09 10:15:38.652592'),
(93, 'MD Musaraf Ali', '2 Years 10 Month', 'Male', 0, 10, 'Panisala', '7797288815', '1', '1', '2021-11-09 10:17:40.872005'),
(94, ' Rohan Ali', '5 Years 11 Month', 'Male', 0, 17.5, 'Chanchal', '9932221868', '1', '1', '2021-11-09 10:20:37.518672'),
(95, 'Tayab Ali', '1 Years 6 Month', 'Male', 0, 10, 'Dohol', '6294753785', '1', '1', '2021-11-09 10:23:07.313800'),
(96, 'Asmita Singha Roy', '3 Years', 'Female', 0, 14, 'Asokpally', '8642063869', '1', '1', '2021-11-09 10:41:00.663748'),
(97, 'Bijoy Haldar', '1 Years 1+ Month', 'Male', 0, 9.7, 'Hemtabad', '7363944055', '1', '1', '2021-11-09 10:48:31.312879'),
(98, 'Liza Das', '4 Years 2 Month', 'Female', 0, 15.5, 'Hemtabad', '8116074066', '1', '1', '2021-11-09 10:51:55.299814'),
(99, 'Rania Mannat', '1 Years 4 Month', 'Female', 0, 8.7, 'Surun', '9775330747', '1', '1', '2021-11-09 11:00:06.785440'),
(100, 'Rahat Ali', '1 Years 3 Month', 'Male', 0, 9.5, 'Durlabpur', '6294774796', '1', '1', '2021-11-09 11:02:12.969305'),
(101, 'Anumita Dey Sarkar', '10+ Years', 'Female', 0, 28, 'Kaliyaganj', '9434965471', '1', '1', '2021-11-09 11:09:57.802121'),
(102, 'Swarnali Saha Roy', '6 Years', 'Female', 0, 18.9, 'Raiganj', '8116422055', '1', '1', '2021-11-09 12:28:32.302914'),
(103, 'Ishan Ali', '6 Years 8 Month', 'Male', 0, 16, 'Nuripur', '9775366334', '1', '1', '2021-11-09 12:30:28.438849'),
(104, 'Advik Saha ', '5 Years 2 Month', 'Male', 0, 16, 'Kaliyaganj', '7063395739', '1', '1', '2021-11-09 12:32:27.756373'),
(105, 'Maisha Amin', '1 Years 5 Month', 'Female', 0, 9.8, 'Raiganj', '9647388373', '1', '1', '2021-11-09 12:38:31.777772'),
(106, 'Srijita Mitra', '1 Years 9 Month', 'Female', 0, 10.7, 'Bindol', '9635115367', '1', '1', '2021-11-09 12:40:20.945775'),
(107, 'Suvomoy Singha Roy', '4 Years 6 Month', 'Male', 0, 18.5, 'Birnagar', '9851569320', '1', '1', '2021-11-09 12:41:57.650721'),
(108, 'Adrika Mitra', '6+ Years', 'Female', 0, 25.5, 'Birnagar', '9475240146', '1', '1', '2021-11-09 12:50:16.383958'),
(109, 'Moon Das', '9+ Years', 'Female', 0, 37, 'Milanpara', '8670131079', '1', '1', '2021-11-09 12:51:27.392807'),
(110, 'Asha Khatun', '1 Years 3 Month', 'Female', 0, 7.6, 'Goalpara', '9339552241', '1', '1', '2021-11-09 13:08:03.587779'),
(111, 'Manik Mahanta', '9 Month', 'Male', 0, 6.7, 'Subhasganj', '00', '1', '1', '2021-11-09 13:10:08.412666'),
(112, 'Sadia Ali', '1 Years 5 Month', 'Female', 0, 8.6, 'Karnojora', '7550961899', '1', '1', '2021-11-09 13:18:16.984100'),
(113, 'Mr Ali', '3 years', 'Male', 0, 11.8, 'botalbari', '7076167786', '1', '1', '2021-11-10 04:51:10.792598'),
(114, 'Atif Aslam', '6+ Years', 'Male', 0, 19, 'raiganj', '7602433898', '1', '1', '2021-11-10 04:54:42.405747'),
(115, 'Al Abir', '11 month', 'Male', 0, 8, 'Mohipal', '9593892720', '1', '1', '2021-11-10 04:56:02.949157'),
(116, 'Sakibul Hussain', '4 years 10 month', 'Male', 0, 15.5, 'Itahar', '8372856491', '1', '1', '2021-11-10 04:58:10.220694'),
(117, 'Jishan Ali', '1 years', 'Male', 0, 7.7, 'jamalpur', '8750881005', '1', '1', '2021-11-10 05:03:43.221749'),
(118, 'Ashik Rahaman', '17 month', 'Male', 0, 9.7, 'kusmandi', '9', '1', '1', '2021-11-10 05:07:20.362588'),
(119, 'Asrufa Khatun', '2 years 3 month', 'Female', 0, 9.3, 'Bariol', '8104338412', '1', '1', '2021-11-10 05:10:04.669110'),
(120, 'Samir Md', '4 month', 'Male', 0, 5.7, 'krishnopur', '8116207750', '1', '1', '2021-11-10 05:13:23.018647'),
(121, 'Md Sarfaraz', '1 years 4 month', 'Male', 0, 9.4, 'bhatal', '83710195114', '1', '1', '2021-11-10 05:15:31.345932'),
(122, 'Md Arif', '39 days', 'Male', 0, 3, 'Hemtabad', '9800724450', '1', '1', '2021-11-10 05:17:29.883410'),
(123, 'Nishat Alam', '2 month 1 days', 'Female', 0, 4.6, 'Dur', '8860297462', '1', '1', '2021-11-10 05:26:22.475745'),
(124, 'Inaya Islam', '18 month', 'Female', 0, 9.6, 'Raiganj', '8910450692', '1', '1', '2021-11-10 05:29:51.001225'),
(125, 'Rihan Ali', '3 Years', 'Male', 0, 10.9, 'Nandangaram', '?????', '1', '1', '2021-11-10 05:43:16.652202'),
(126, 'Riyazul Hasan', '36 days', 'Male', 0, 3.8, 'Malgaon', '7318963248', '1', '1', '2021-11-10 05:44:55.319737'),
(127, 'Sudip Biswas', '6 years 11 month', 'Male', 0, 17.1, 'Dalkhola', '9093186214', '1', '1', '2021-11-10 05:54:51.197754'),
(128, 'Mohima Roy', '27 Days', 'Female', 0, 3.3, 'Raiganj', '???', '1', '1', '2021-11-10 05:56:14.928524'),
(129, 'Nurtaj', '3 month', 'Male', 0, 5.3, 'Islampur', '8617400156', '1', '1', '2021-11-10 06:11:20.667759'),
(130, 'Dishan ali', '6 month', 'Male', 0, 7.8, 'Patnolia', '9733269233', '1', '1', '2021-11-10 06:12:46.502446'),
(131, 'OLI ANSH', '7 MONTH', 'Male', 0, 8.2, 'GOPALPUR', '9064988799', '1', '1', '2021-11-10 06:17:57.085508'),
(132, 'RUMAN SARIF', '4 YEARS 6 MONTH', 'Male', 0, 14.5, 'BISHNAPUR', '9832843223', '1', '1', '2021-11-10 06:30:09.519675'),
(133, 'ADIL HAHAN', '10 MONTH 9 DAYS', 'Male', 0, 8.8, 'BASUDEBPUR', '7797884961', '1', '1', '2021-11-10 06:32:18.365776'),
(134, 'SAYON MANDAL', '24 DAYS', 'Male', 0, 3, 'KUSHMANDI', '9002721873', '1', '1', '2021-11-10 06:33:47.799770'),
(135, 'SNEHA SUTRADHAR', '2 YEARS 4 MONTH', 'Female', 0, 11.7, 'DEBINAGAR', '9800297715', '1', '1', '2021-11-10 06:36:00.000760'),
(136, 'RAKHI SUTRAADHAR', '11 YEARS', 'Female', 0, 21.4, 'DEBINAGAR', '9932970365', '1', '1', '2021-11-10 06:46:54.980011'),
(137, 'MD SAHIL ', '5 MONTH 5 DAYS', 'Male', 0, 7, 'HEMTABAD', '9733477436', '1', '1', '2021-11-10 06:52:05.508800'),
(138, 'ARIFA KHATUN', '9 MONTH', 'Male', 0, 5.8, 'PUKURIA', '8145217762', '1', '1', '2021-11-10 06:54:09.958184'),
(139, 'KARNA BARMAN', '1 MONTH 10 DAYS', 'Male', 0, 4, 'SAHAPUR', '000', '1', '1', '2021-11-10 06:58:52.322286'),
(140, 'AROSHI BARMAN', '10 MONTH', 'Female', 0, 8, 'KARNOJORA', '8900372089', '1', '1', '2021-11-10 07:04:26.406323'),
(141, 'DEEP MODAK', '8 YEARS 6 MONTH', 'Male', 0, 26, 'ABADPUR', '7903031286', '1', '1', '2021-11-10 07:10:07.664781'),
(142, 'MAHID ALI', '10 MONTH', 'Male', 0, 10, 'SABAJPUR', '9609835286', '1', '1', '2021-11-10 07:11:57.060248'),
(143, 'RUKSHA KHATUN', '1 YEARS 3+ MONTH', 'Female', 0, 7.8, 'ITAHAR', '8927063197', '1', '1', '2021-11-10 07:16:39.630507'),
(144, 'MUSKAN PARVEEN', '7 MONTH 15 DAYS', 'Female', 0, 8, 'KUMROL', '8972310971', '1', '1', '2021-11-10 07:18:53.596465'),
(145, 'SAYON ALI', '1 YEARS 3 MONTH', 'Male', 0, 9.3, 'ALENGIA', '0000', '1', '1', '2021-11-10 07:21:03.401662'),
(146, 'MD HASAN REZA', '3 YEARS', 'Male', 0, 11.5, 'BAJITPUR', '8695356157', '1', '1', '2021-11-10 07:22:06.041390'),
(147, 'ABDULLAH HOSSAIN', '13 MONTH', 'Male', 0, 9.1, 'PULATOR', '7076286359', '1', '1', '2021-11-10 07:31:06.983090'),
(148, 'RUDRIK SEN', '18 DAYS', 'Male', 0, 2.8, 'MAHARAJ', '9733153708', '1', '1', '2021-11-10 07:32:36.801650'),
(149, 'BARKHA RANI', '1 YEARS 6 MONTH', 'Female', 0, 10.2, 'RASAKHWA', '7074154202', '1', '1', '2021-11-10 07:35:34.263113'),
(150, 'ARHAN BABU', '6 MONTH', 'Male', 0, 8, 'RASAKHWA', '70741542020', '1', '1', '2021-11-10 07:37:10.606700'),
(151, 'HENA PARVEEN', '1 YEARS 6 MONTH', 'Female', 0, 9.2, 'BAJIPUR', '0', '1', '1', '2021-11-10 07:41:25.807801'),
(152, 'ISHAN REZA ', '5 MONTH 18 DAYS', 'Male', 0, 7.4, 'NANDANGURAM', '9873847851', '1', '1', '2021-11-10 07:54:51.611298'),
(153, 'NUR ALI', '2 MONTH 3 DAYS', 'Male', 0, 5, 'NUSRATPUR', '8927866591', '1', '1', '2021-11-10 07:56:52.109668'),
(154, 'GOKUL BISWAS', '3 YEARS 6 MONTH', 'Male', 0, 13.4, 'KASBA', '7076302792', '1', '1', '2021-11-10 07:58:00.427786'),
(155, 'MD JAMIL AKTAR', '8 YEARS', 'Male', 0, 17.5, 'MALGAON', '8328779090', '1', '1', '2021-11-10 08:01:04.096365'),
(156, 'MUSKAN PARVEEN', '1 MONTH 15 DAYS', 'Female', 0, 2.7, 'LAKSHANIA', '9518669284', '1', '1', '2021-11-10 08:16:20.602769'),
(157, 'MEHEBUBA PARVEEN', '1 MONTH 15 DAYS', 'Female', 0, 2.6, 'LAKSHANIA', '95186692840', '1', '1', '2021-11-10 08:17:24.549783'),
(158, 'SAKIB HOSSAIN', '3 MONTH 2 DAYS', 'Male', 0, 6.2, 'BAMUHA', '6294405125', '1', '1', '2021-11-10 08:19:16.702406'),
(159, 'SUMAIYA PARVEEN', '4 YEARS 2 MONTH', 'Female', 0, 14.4, 'SULTANPUR', '9609959076', '1', '1', '2021-11-10 08:22:11.330762'),
(160, 'MAHIRA PARVEEN ', '18 DAYS', 'Female', 0, 2.5, 'JHITKIA', '7217832597', '1', '1', '2021-11-10 08:25:28.509754'),
(161, 'PUSHPENDU SARKAR', '10 MONTH 5 DAYS', 'Male', 0, 9, 'ATGHARA', '6295325189', '1', '1', '2021-11-10 08:28:25.514779'),
(162, 'HIRANYA GHOSH', '6+ MONTH', 'Male', 0, 7.1, 'ITAHAR', '7319168322', '1', '1', '2021-11-10 08:43:45.145868'),
(163, 'AFRAN REZA', '1 MONTH 11 DAYS', 'Male', 0, 4.6, 'DALKHOLA', '9547357469', '1', '1', '2021-11-10 08:48:00.498358'),
(164, 'RUP MANDAL', '3 YEARS', 'Male', 0, 10, 'BHADGHARA', '0000000', '1', '1', '2021-11-10 08:49:23.438798'),
(165, 'RIDDHIMAN MANDAL', '10 MONTH', 'Male', 0, 6.8, 'BHADGHARA', '00000', '1', '1', '2021-11-10 08:49:58.303266'),
(166, 'MITHAI PAUL', '24 DAYS', 'Female', 0, 3.2, 'DEBINAGAR', '9933402854', '1', '1', '2021-11-10 08:56:10.372815'),
(167, 'ASTARA PARVEEN', '8 DAYS', 'Female', 0, 2.8, 'KUMARJOL', '8637531969', '1', '1', '2021-11-10 09:46:04.051775'),
(168, 'AYAAZ HOSSAIN', '9 MONTH', 'Male', 0, 9.7, 'MOUJGAON', '9541459269', '1', '1', '2021-11-10 09:50:17.891086'),
(169, 'FATEMA  KHATUN', '1 MONTH 14 DAYS', 'Female', 0, 3.3, 'IBRAHIMPUR', '7679642933', '1', '1', '2021-11-10 09:53:29.911391'),
(170, 'MD SAKIL REZA', '3 YEARS 10 MONTH', 'Male', 0, 12.5, 'MOUJGAON', '9800256241', '1', '1', '2021-11-10 09:55:33.155769'),
(171, 'ISHITA GHOSH', '3 YEARS', 'Female', 0, 15.5, 'AMRITAKHANDA', '7001268487', '1', '1', '2021-11-10 09:57:06.161766'),
(172, 'AMAN ALAM SARKAR', '3 YEARS 6 MONTH', 'Male', 0, 15.5, 'HATIA PALAIBARI', '8614629829', '1', '1', '2021-11-10 09:59:24.429583'),
(173, 'IRTIKA ROY', '1 MONTH', 'Female', 0, 4.3, 'HARIGARAM', '8101161765', '1', '1', '2021-11-10 10:11:23.263035'),
(174, 'ARIYAN ALI', '6 MONTH', 'Male', 0, 7.7, 'NOMONIA', '62951856239', '1', '1', '2021-11-10 10:12:17.856059'),
(175, 'UMME KULSUM', '5 YEARS', 'Female', 0, 17, 'BAGDOMA', '7001932047', '1', '1', '2021-11-10 10:13:50.606825'),
(176, 'NUJHAT TABASSUM', '2 MONTH 10 DAYS', 'Female', 0, 4.5, 'MALGAON', '908328840', '1', '1', '2021-11-10 10:16:04.921883'),
(177, 'ROHIMA KHATUN', '6 MONTH', 'Male', 0, 3, 'BIHAR', '8972613643', '1', '1', '2021-11-10 10:17:16.201274'),
(178, 'B/O-BIMALA BARMAN', '1 MONTH 16 DAYS', 'Male', 0, 2.5, 'PIRPASU', '7318764756', '1', '1', '2021-11-10 10:18:55.412837'),
(179, 'SAYON REZA', '1 YEARS 1+ MONTH', 'Male', 0, 8.8, 'CHOPRA', '7430871743', '1', '1', '2021-11-10 10:20:06.577754'),
(180, 'MIHIR ROY', '3 YEARS 10 DAYS', 'Male', 0, 13, 'BAJITPUR', '8617580263', '1', '1', '2021-11-10 10:21:31.242389'),
(181, 'RAKIB HOSSAIN', '4 MONTH 14 DAYS', 'Male', 0, 5.7, 'NURIPUR', '9339036235', '1', '1', '2021-11-10 10:44:49.699668'),
(182, 'AYAN SARKAR', '1 YEARS 3 MONTH', 'Male', 0, 9.8, 'KARNOJORA', '9011898353', '1', '1', '2021-11-10 10:48:54.684018'),
(183, 'MUJTABA ASRAFI', '8 YEARS 3 MONTH', 'Male', 0, 31.9, 'NAODA', '9609744947', '1', '1', '2021-11-10 10:53:13.011776'),
(184, 'ABIR SARKAR', '6 MONTH', 'Male', 0, 6, 'KALIBARI', '7908731645', '1', '1', '2021-11-10 10:54:55.701719'),
(185, 'NASIFA KHATUN', '15 DAYS', 'Female', 0, 2.5, 'ITAHAR', '8346995389', '1', '1', '2021-11-10 11:00:59.630764'),
(186, 'MD BABAR', '2 YEARS 3 MONTH', 'Male', 0, 12.4, 'BAJITPUR', '9609702429', '1', '1', '2021-11-10 11:14:56.113668'),
(187, 'MUKTARA KHATUN', '3 YEARS 4 MONTH', 'Female', 0, 11, 'KATIHAR', '8116587940', '1', '1', '2021-11-10 11:19:36.842774'),
(188, 'ABDUL RAB', '1 YEARS 2 MONTH', 'Male', 0, 10, 'ATKARA', '8436344565', '1', '1', '2021-11-10 11:23:07.636427'),
(189, 'SAMRIDDHI PAUL', '4 YEARS', 'Female', 0, 13, 'SUBHASGANJ', '9475098681', '1', '1', '2021-11-10 11:27:12.055083'),
(190, 'ADRIJA PAUL', '6 YEARS', 'Female', 0, 18, 'SUBHASGANJ', '94750986810', '1', '1', '2021-11-10 11:43:20.138764'),
(191, 'DEBATRA ROY', '3+ YEARS', 'Male', 0, 17.4, 'RAIGANJ', '7001480199', '1', '1', '2021-11-10 11:47:32.499073'),
(193, 'UMA PAUL', '1 YEARS', 'Female', 0, 9.9, 'SUBHASSGANJ', '9635362425', '1', '1', '2021-11-10 12:48:55.450800'),
(194, 'AHANA SAHA', '5+ YEARS', 'Female', 0, 15.5, 'BIRNAGAR', '9434166138', '1', '1', '2021-11-10 12:53:05.888799'),
(195, 'ADRISH BHATTACHARJEE', '5 YEARS 4 MONTH', 'Female', 0, 22.5, 'RAIGANJ', '9475955388', '1', '1', '2021-11-10 13:08:33.343073'),
(196, 'Bireshwar Sarkar', '3+ years', 'Male', 0, 10.4, 'Harirampur', '8348404163', '1', '1', '2021-11-11 04:43:53.538773'),
(197, 'Sanabir Alam', '59 days', 'Male', 0, 5, 'ITAHAR', '9851634285', '1', '1', '2021-11-11 04:49:25.416859'),
(198, 'MASUMA KHATUN', '7 MONTH 10 DAYS', 'Female', 0, 6.8, 'SAMASPUR', '9679738182', '1', '1', '2021-11-11 04:51:28.438023'),
(199, 'RADHA RANI MONDAL', '2 YEARS', 'Female', 0, 10.1, 'HASUA', '9932336357', '1', '1', '2021-11-11 04:54:28.261101'),
(200, 'MIHRAB ZAVED', '3 YEARS', 'Male', 0, 15.1, 'ITAHAR', '7908003682', '1', '1', '2021-11-11 04:59:59.809995'),
(201, 'MD AYAN', '13 MONTH', 'Male', 0, 9.6, 'SAMASPUR', '6294908860', '1', '1', '2021-11-11 05:02:28.221007'),
(202, 'ALISHBA KHATUN', '3 MONTH  15 DAYS', 'Female', 0, 4.7, 'BHATOL', '9749393510', '1', '1', '2021-11-11 05:12:46.004551'),
(203, 'SIBHAM SARKAR', '9 MONTH 20 DAYS', 'Male', 0, 8.3, 'Kaliyaganj', '7365830224', '1', '1', '2021-11-11 05:14:36.473391'),
(204, 'SAHIL SK', '8+ MONTH', 'Male', 0, 7.4, 'KUMARZOL', '////', '1', '1', '2021-11-11 05:20:51.367783'),
(205, 'SUSMITA PARVIN', '6 YEARS 2 MONTH', 'Female', 0, 16.7, 'HORIRAMPUR', '9733184618', '1', '1', '2021-11-11 05:24:28.383675'),
(206, 'TARIK ANWAR', '7 YEARS 8 MONTH', 'Male', 0, 37.5, 'ITAHAR', '8101432396', '1', '1', '2021-11-11 05:32:20.614693'),
(207, 'SOUMAJIT DUTTA', '11 MONTH', 'Male', 0, 7.6, 'RAMPUR', '9933347513', '1', '1', '2021-11-11 05:36:32.832792'),
(208, 'BIBEK BARMAN', '3 YEARS', 'Male', 0, 13.1, 'HATIA', '8617683251', '1', '1', '2021-11-11 05:41:45.577450'),
(209, 'B/O SAIMA KHATUN', '1 DAY', 'Male', 0, 2.8, 'MADHABPUR', '9734429584', '1', '1', '2021-11-11 05:43:07.141002'),
(210, 'ANIRBAN SARKAR', '5 YEARS 8 MONTH', 'Male', 0, 16.7, 'KANTANAGAR', '9679968355', '1', '1', '2021-11-11 05:52:38.647211'),
(211, 'SHRUTI DAS', '32 DAYS', 'Female', 0, 3.5, 'KATABARI', '9700000000', '1', '1', '2021-11-11 05:54:49.530793'),
(212, 'SIMA KHATUN', '1 YEARS', 'Female', 0, 13, 'BIGHOR', '7070044009', '1', '1', '2021-11-11 06:03:09.372779'),
(213, 'KAUSAL BARMAN', '6 MONTH', 'Male', 0, 6.6, 'RUNIA', '8768125286', '1', '1', '2021-11-11 06:12:43.985714'),
(214, 'MUJAMMIL ALI', '6 YEARS', 'Male', 0, 16.7, 'BIGHOR', '8521996698', '1', '1', '2021-11-11 06:18:41.623202'),
(215, 'MD JIYAN', '5 MONTH', 'Male', 0, 5.4, 'DALKHOLA', '111111111', '1', '1', '2021-11-11 06:25:06.882932'),
(216, 'NANDITA BARMAN', '45 DAYS', 'Female', 0, 4.8, 'MARAIKURA', '8167771204', '1', '1', '2021-11-11 06:27:11.016762'),
(217, 'MEHANAJ PARVIN', '7 YEARS 6 MONTH', 'Female', 0, 19.3, 'SAMPUR', '9134937197', '1', '1', '2021-11-11 06:29:26.488128'),
(218, 'PURVANSHU KR DEY', '3 YEARS 9 MONTH', 'Male', 0, 15.7, 'ASOKPALLY', '7384327112', '1', '1', '2021-11-11 06:30:48.379454'),
(219, 'MANADEEP ROY', '1 YEARS 1 MONTH', 'Male', 0, 8.5, 'KUNOR', '9609713299', '1', '1', '2021-11-11 06:50:39.005791'),
(220, 'B/O-MERINA KHATUN', '15 DAYS', 'Male', 0, 3.9, 'KARNAJORA', '7407005432', '1', '1', '2021-11-11 06:59:03.888180'),
(221, 'SAKIB SARKAR', '27 DAYS', 'Male', 0, 3.9, 'KARNAJORA', '9339632525', '1', '1', '2021-11-11 07:00:15.827755'),
(222, 'TUSHAR DAS', '1 MONTH 7 DAYS', 'Male', 0, 4.7, 'DEBINAGAR', '9764289694', '1', '1', '2021-11-11 07:02:06.934240'),
(223, 'MD JILANI', '1 MONTH 11 DAYS', 'Male', 0, 4, 'GOBINDAPUR', '7047459088', '1', '1', '2021-11-11 07:19:07.087075'),
(224, 'SIBTAIN REZA', '15 DAYS', 'Male', 0, 2, 'RASAKHWA', '8171398048', '1', '1', '2021-11-11 07:24:05.546665'),
(225, 'RIYA BARMAN', '7 MONTH', 'Female', 0, 6.5, 'BAMRA', '707648373', '1', '1', '2021-11-11 07:26:34.476149'),
(226, 'MASUMA PARVEEN', '1 YEARS 2 MONTH', 'Female', 0, 7.5, 'BALRAMPUR`', '7779969746', '1', '1', '2021-11-11 07:28:22.898157'),
(227, 'PRAMIT MURMU', '6 YEARS 1+ MONTH', 'Male', 0, 18, 'DURGAPUR', '9933307738', '1', '1', '2021-11-11 07:29:55.210776'),
(228, 'LUCKY PARVEEN', '10 MONTH', 'Female', 0, 7.3, 'HEMTABAD', '9733790582', '1', '1', '2021-11-11 07:31:36.996221'),
(229, 'SAMI ANSARI', '1 MONTH 14 DAYS', 'Male', 0, 3.5, 'DALKHOLA', '7872538734', '1', '1', '2021-11-11 07:33:05.113581'),
(230, 'SANMOY SANYASHI', '2 YEARS 4 MONTH', 'Male', 0, 12.5, 'BANGALBARI', '6294583350', '1', '1', '2021-11-11 07:57:32.410717'),
(231, 'MD ARSHAN', '1 YEARS 3 MONTH', 'Male', 0, 7.4, 'KUSHMANDI', '9810821303', '1', '1', '2021-11-11 07:59:00.628446'),
(232, 'ADRIKA PAUL', '5 YEARS', 'Female', 0, 17.9, 'MILANPARA', '8337854146', '1', '1', '2021-11-11 08:06:53.779925'),
(233, 'MRITYUNJOY MANDAL', '20 DAYS', 'Male', 0, 3.3, 'RAIGANJ', '8903458731', '1', '1', '2021-11-11 08:08:02.798138'),
(234, 'MISTU PAUL', '11 MONTH', 'Female', 0, 8.2, 'SUBHASGANJ', '8906401705', '1', '1', '2021-11-11 08:14:36.621734'),
(235, 'RYAN HEMBROM', '1 MONTH', 'Male', 0, 2.8, 'RAMPUR', '8016775859', '1', '1', '2021-11-11 08:16:45.851892'),
(236, 'RIAZ HOSSAIN', '2 MONTH 15 DAYD', 'Male', 0, 5.7, 'BHABANIPUR', '9002246823', '1', '1', '2021-11-11 08:17:55.465718'),
(237, 'ANURAG BRAMMO', '2 YEARS 3 MONTH', 'Male', 0, 15, 'RAIGANJ', '2', '1', '1', '2021-11-11 08:31:57.458673'),
(238, 'ANKIT BARMAN', '3 YEARS', 'Male', 0, 13.5, 'HASUA', '8967394299', '1', '1', '2021-11-11 08:33:32.234840'),
(239, 'SAMIR ISLAM', '4 MONTH 15 DAYS', 'Male', 0, 8, 'MAHARAJA', '6297908136', '1', '1', '2021-11-11 08:36:40.379772'),
(240, 'MD LIMAN', '22 DAYS', 'Male', 0, 3, 'DANGAPARA', '8759973786', '1', '1', '2021-11-11 08:43:56.427847'),
(241, 'ADITYA ROY', '17 DAYS', 'Male', 0, 2.2, 'BALIA', '9002899487', '1', '1', '2021-11-11 08:46:00.146763'),
(242, 'NABANITA MANDL', '10+ YEARS', 'Female', 0, 33, 'DENINAGAR', '9614848966', '1', '1', '2021-11-11 08:57:11.790583'),
(243, 'Rehab Reza', '3.5', '', 0, 12.7, 'Bhatol', '8145855170', '1', '1', '2021-11-11 09:44:16.971877'),
(244, 'Rajat Pradhan', '2 months 10 days', 'Male', 0, 5, 'Bindol', '8372925546', '1', '1', '2021-11-11 09:56:19.501441'),
(245, 'DRAPAYON DAS', '5 MONTH', 'Male', 0, 4, 'BAJITPUR', '8101451223', '1', '1', '2021-11-11 10:01:58.308020'),
(246, 'TUHIN MISRA', '2 YEARS 6 MONTH', 'Male', 0, 16, 'CHANCHAL', '9933146400', '1', '1', '2021-11-11 11:47:30.781360'),
(247, 'RISHAB MODAK', '1 YEARS 4 MONTH', 'Male', 0, 8.9, 'KAMLAI', '8637390051', '1', '1', '2021-11-11 11:49:39.712318'),
(248, 'MANISH BARMAN', '5 YEARS 10 MONTH', 'Male', 0, 21, 'BHATOL', '8240060782', '1', '1', '2021-11-11 11:50:56.608779'),
(249, 'MUSKAN PARVEEN', '2 YEARS 2 MONTH', 'Female', 0, 9.5, 'LOHOJGRAM', '7872963772', '1', '1', '2021-11-11 11:53:27.489199'),
(250, 'DIBYAJYOTI CHOWDHURY', '11+ YEARS', 'Male', 0, 41.5, 'KALIYAGANJ', '9749640172', '1', '1', '2021-11-11 11:55:35.465567'),
(251, 'JOYDEB DAS', '7 YEARS', 'Male', 0, 22, 'RUPAHAR', '9564491621', '1', '1', '2021-11-11 11:56:34.213947'),
(252, 'HABIBA KHATUN', '5 MONTH 15 DAYS', 'Female', 0, 7.1, 'BHATOL', '9733917830', '1', '1', '2021-11-12 04:51:01.618531'),
(253, 'IMAM HOSSAIN', '45 DAYS', 'Male', 0, 4.4, 'HEMTABAD', '859037184', '1', '1', '2021-11-12 04:53:31.146788'),
(254, 'JUNAID ISLAM', '3 YEARS 6 MONTH', 'Male', 0, 15.2, 'MONIHARI', '9711516921', '1', '1', '2021-11-12 04:55:41.959861'),
(255, 'AJIJA SULTANA', '6 MONTH 15 DAYS', 'Female', 0, 7.3, 'PARARGHARAM', '6294093044', '1', '1', '2021-11-12 05:01:10.506500'),
(256, 'FARHAN REZA', '10+ MONTH', 'Male', 0, 7.7, 'Karandighi', '9593996845', '1', '1', '2021-11-12 05:07:39.092671'),
(257, 'ISMATI KHATUN', '1 YEARS', 'Male', 0, 4.4, 'BILASPUR', '7004417866', '1', '1', '2021-11-12 05:13:40.440778'),
(258, 'ARFAT REZA', '5 YEARS 6 MONTH', '', 0, 14.5, 'ABADPUR', '9708906658', '1', '1', '2021-11-12 05:15:11.736556'),
(259, 'ABDDUS SALAM', '25 DAYS', 'Male', 0, 4, 'RAGHUNATHPUR', '8372801681', '1', '1', '2021-11-12 05:22:28.828290'),
(260, 'MEHERIN FATMA', '1 YEARS', 'Female', 0, 7.4, 'ABADPUR', '6352821617', '1', '1', '2021-11-12 05:25:54.438792'),
(261, 'MD ARYAN', '5 DAYS', 'Male', 0, 1.8, 'GOMARDA', '8145481110', '1', '1', '2021-11-12 05:29:14.318399'),
(262, 'SAYESTA NAAZ', '1 YEARS', 'Female', 0, 9, 'BALIHARA', '9733048490', '1', '1', '2021-11-12 05:33:30.026745'),
(263, 'SAMRAT DAS', '1 YEARS', 'Male', 0, 7, 'LOHAJGHARAM', '1234466', '1', '1', '2021-11-12 05:34:28.283243'),
(264, 'MUSRAFATUN NESHA', '18 MONTH', 'Female', 0, 7.4, 'ITAHAR', '9775407113', '1', '1', '2021-11-12 05:39:07.564861'),
(265, 'ANIFA PARVIN', '7 MONTH', 'Female', 0, 6.6, 'HEMTABAD', '6294514962', '1', '1', '2021-11-12 05:40:32.351794'),
(266, 'VIRAJ DAS', '50 DAYS', 'Male', 0, 4.6, 'ABHOR', '9278009834', '1', '1', '2021-11-12 05:42:18.843263'),
(267, 'SONALI KUNDU', '2 YEARS', 'Female', 0, 10.4, 'SUBHASGANJ', '62957673268', '1', '1', '2021-11-12 06:00:07.343509'),
(268, 'MADHUSHREE KUNDU', '5 YEARS', 'Female', 0, 22.4, 'SUBHASGANJ', '123456789', '1', '1', '2021-11-12 06:00:59.968420'),
(269, 'ISRAT JAHAN', '10 MONTH', 'Female', 0, 7.3, 'HORIRAMPUR', '9734069408', '1', '1', '2021-11-12 06:03:56.689705'),
(270, 'SAMIR KHAN', '2 MONTH 14 DAYS', 'Male', 0, 5.4, 'MALGAON', '8772038340', '1', '1', '2021-11-12 06:09:56.934025'),
(271, 'HALIMA KHATUN', '14 MONTH', 'Female', 0, 7.4, 'HEMTABAD', '7872646416', '1', '1', '2021-11-12 06:10:56.980017'),
(272, 'ARMAN ALI', '13 MONTH', 'Male', 0, 8, 'CHANCHAL', '88888888', '1', '1', '2021-11-12 06:12:46.254767'),
(273, 'ANUSHREE DAS', '2 YEARS 2 MONTH', 'Female', 0, 10.7, 'RADHIKAPUR', '9733257842', '1', '1', '2021-11-12 06:19:19.408897'),
(274, 'SHERSTHA DUTTA', '6 MONTH', 'Female', 0, 5.6, 'MILANPARA', '7001065929', '1', '1', '2021-11-12 06:21:08.291252'),
(275, 'RIFA  TAMANNA', '5 MONTH 15 DAYS', 'Female', 0, 6.6, 'HARIRAMPUR', '8016076376', '1', '1', '2021-11-12 06:23:32.572024'),
(276, 'AYUSHI RAHAMAN', '1 YEARS 2 MONTH', 'Female', 0, 8.3, 'KAKARSINGH', '7718287828', '1', '1', '2021-11-12 06:36:37.314771'),
(277, 'SOHAN BARMAN', '3 MONTH', 'Male', 0, 5.4, 'AVINAGAR', '9749379689', '1', '1', '2021-11-12 06:38:37.851259'),
(278, 'MAHI KHATUN', '1 MONTH 16 DAYS', 'Female', 0, 3.8, 'HEMTABAD', '9851022315', '1', '1', '2021-11-12 06:40:40.551748'),
(279, 'RUHI PARVEEN', '2 MONTH 18 DAYS', 'Female', 0, 3.9, 'HEMTABAD', '98510223150', '1', '1', '2021-11-12 06:41:26.286589'),
(280, 'NAIB AZAM', '1 YEARS 1 MONTH', 'Male', 0, 8.4, 'SUBARNAPUR', '7478997381', '1', '1', '2021-11-12 06:42:46.790817'),
(281, 'RUHANA NESHA', '21 DAYS', 'Female', 0, 3.4, 'GULANDAR', '9734263453', '1', '1', '2021-11-12 06:52:34.110294'),
(282, 'MARIA HOSISAIN', '21 DAYS', 'Female', 0, 3.4, 'GUTHIN', '8927160638', '1', '1', '2021-11-12 06:55:45.509670'),
(283, 'MEHENAJ PARVEEN', '2 MONTH 17 DAYS', 'Female', 0, 5, 'KATIHAR', '9625166519', '1', '1', '2021-11-12 06:59:08.514775'),
(284, 'MD ILAHAM', '1 YEARS 1 MONTH 10 D', 'Male', 0, 8.1, 'KACHNA', '8424938378', '1', '1', '2021-11-12 07:01:07.106261'),
(285, 'HRIDOY BARMAN ', '4 MONTH', 'Male', 0, 7, 'HEMTABAD', '8101229851', '1', '1', '2021-11-12 07:02:11.082455'),
(286, 'NASRUJ JAMAN', '1 YEARS 5 MONTH', 'Male', 0, 10, 'PAZOLE', '9064023881', '1', '1', '2021-11-12 07:17:47.212106'),
(287, 'BELAL SK', '1 YEARS 5 MONTH', 'Male', 0, 9, 'BASUDEBPUR', '12', '1', '1', '2021-11-12 07:19:20.056816'),
(288, 'PARAM MALIK', '4 YEARS 9 MONTH', 'Male', 0, 16.9, 'RAIGANJ', '9609966304', '1', '1', '2021-11-12 08:00:57.556085'),
(289, 'NANDITA ROY', '1 YEARS 10 MONTH', 'Female', 0, 10, 'SUBHASGANJ', '6294224827', '1', '1', '2021-11-12 08:03:30.356611'),
(290, 'PRIYA BAISHYA', '5 YEARS', 'Female', 0, 10.8, 'HEMTABAD', '62942248270', '1', '1', '2021-11-12 08:04:21.397579'),
(291, 'RIMI CHOUHAN', '1 YEARS 4 MONTH', 'Female', 0, 7.7, 'RAIGANJ', '9947143526', '1', '1', '2021-11-12 08:08:33.704769'),
(292, 'JAYASHREE MAHATO', '3 YEARS 10 MONTH', 'Female', 0, 13, 'TULSITALA', '7908499511', '1', '1', '2021-11-12 08:10:07.171538'),
(293, 'ANIRUDDHA MAHATO', '2 YEARS', 'Male', 0, 10.5, 'TULSITALA', '79084995110', '1', '1', '2021-11-12 08:11:16.248161'),
(294, 'MD ANASH', '11 MONTH', 'Male', 0, 8.4, 'BARIOL', '6294044950', '1', '1', '2021-11-12 08:28:55.729640'),
(295, 'MD SOYEB AKHTAR', '11 YEARS 2 MONTH', 'Male', 0, 32, 'LOHUJGRAM', '7384104576', '1', '1', '2021-11-12 08:32:33.613192'),
(296, 'AYUSH BARMAN', '2 YEARS 2 MONTH', 'Male', 0, 15.8, 'KALIYAGANJ', '9832298295', '1', '1', '2021-11-12 08:36:03.974741'),
(297, 'SOUMADEEP MAHATO', '2 YEARS 9 MONTH', 'Male', 0, 10.4, 'TULSITALA', '9474532539', '1', '1', '2021-11-12 08:38:10.144957'),
(298, 'ANKUSH BARMAN', '2 YEARS 9 MONTH', 'Male', 0, 11, 'RISHIPUR', '9732125396', '1', '1', '2021-11-12 08:39:16.673370'),
(299, 'YASIN SK', '1 MONTH 10 DAYS', 'Male', 0, 3.3, 'PALAIBARI', '123', '1', '1', '2021-11-12 08:54:24.906669'),
(300, 'MD MUSTAFIZUR', '27 DAYS', 'Male', 0, 4, 'ATKARA', '8436646871', '1', '1', '2021-11-12 08:56:50.696950'),
(301, 'MAMAN ASRAF', '18 DAYS', 'Male', 0, 2.9, 'GAZOLE', '9733441517', '1', '1', '2021-11-12 08:58:54.992239'),
(302, 'DISHA MAHATO', '8 YEARS', 'Female', 0, 19, 'TULSITALA', '94745325390', '1', '1', '2021-11-12 09:02:18.748076'),
(303, 'SUBHO DEBNATH', '6 YEARS 6 MONTH', 'Male', 0, 20.2, 'BARSHAI', '9812467162', '1', '1', '2021-11-12 09:52:45.918513'),
(304, 'NURAJ ALI', '3 YEARS', 'Male', 0, 14.9, 'SUKUTOLA', '6294903488', '1', '1', '2021-11-12 09:54:24.453922'),
(305, 'SUBHO HASDA', '2 YEARS 11 MONTH', 'Male', 0, 10.1, 'MUKUNDAPUR', '8927619052', '1', '1', '2021-11-12 10:01:18.572376'),
(306, 'GOLAM MUSTAFA', '10 MONTH', 'Male', 0, 8.8, 'GOALGAOU', '9083195834', '1', '1', '2021-11-12 10:03:04.593756'),
(307, 'AMIT DAS', '11 MONTH', 'Male', 0, 7.9, 'ITAHAR', '8509321602', '1', '1', '2021-11-12 10:04:16.387748'),
(308, 'AFRIDA KHATUN', '2 MONTH 20 DAY', 'Female', 0, 4.8, 'BHATOL', '8145532970', '1', '1', '2021-11-12 10:05:49.806020'),
(309, 'TANBIR ALAM', '4 MONTH', 'Male', 0, 5.5, 'NARAYANPUR', '51284652', '1', '1', '2021-11-12 10:08:33.078874'),
(310, 'BEAUTY PARVEEN', '1 YEARS', 'Female', 0, 8.9, 'HEMTABAD', '9899052187', '1', '1', '2021-11-12 10:10:12.591774'),
(311, 'ISHARUL HQ', '3 MONTH 15 DAYS', 'Male', 0, 6.5, 'MALGAON', '7407907688', '1', '1', '2021-11-12 10:24:48.696069'),
(312, 'DIPANNITA RAHA', '2 YEARS', 'Female', 0, 11, 'LOHANDA', '9800701717', '1', '1', '2021-11-12 10:26:39.055225'),
(313, 'NISHAT ANJUM', '2 YEARS 11 MONTH', 'Female', 0, 11, 'ITAHAR', '9434579503', '1', '1', '2021-11-12 10:28:05.776755'),
(314, 'DIPSIKHA SAHA', '11 MONTH', 'Female', 0, 6.5, 'RAIGANJ', '6295292785', '1', '1', '2021-11-12 10:31:21.830850'),
(315, 'MIJAN ALAM', '6 MONTH', 'Male', 0, 6.4, 'SAMPUR', '9474313111', '1', '1', '2021-11-12 10:52:46.611080'),
(316, 'FIZA MEHENDI', '5 YEARS', 'Female', 0, 15.4, 'SAMPUR', '94743131110', '1', '1', '2021-11-12 10:54:36.095385'),
(317, 'NAJNIN AFROJ', '5 MONTH', 'Female', 0, 6.3, 'BINDOL', '8617333648', '1', '1', '2021-11-12 11:00:04.554800'),
(318, 'NUSRAT PARVEEN', '8 MONTH', 'Female', 0, 6.9, 'TEGHRA', '9635012706', '1', '1', '2021-11-12 11:14:34.314769'),
(319, 'ARKA SARKAR', '1 YEAS 1+ MONTH', 'Male', 0, 9.3, 'DEEPNAGAR', '8116779218', '1', '1', '2021-11-12 11:17:21.579131'),
(320, 'SABIR HOSSAIN', '8 YEARS', 'Male', 0, 16, 'BANDOR', '8918150189', '1', '1', '2021-11-12 11:19:31.523674'),
(321, 'SOUMADEEP RAJBANSHI', '17 DAYS', 'Male', 0, 2.5, 'RAIGANJ', '9382035252', '1', '1', '2021-11-12 11:20:44.988267'),
(322, 'RAFIA PARVEEN', '1 MONTH 11 DAYS', 'Female', 0, 3.5, 'PARERGRAM', '8368502544', '1', '1', '2021-11-12 11:23:40.426981'),
(323, 'RUSHA SARKAR', '5+ YEARS', 'Female', 0, 18, 'RAIGANJ', '6297774822', '1', '1', '2021-11-12 11:33:49.808766'),
(324, 'RIHEB ALI', '25 DAYS', 'Male', 0, 1.7, 'KALIYAGANJ', '7430844399', '1', '1', '2021-11-12 11:38:17.653914'),
(325, 'MD SAIFAN', '7 MONTH 4 DAYS', 'Male', 0, 8.5, 'KHURKA', '7872294859', '1', '1', '2021-11-12 11:40:45.511080'),
(326, 'Bijan Dey Talukdar', '4years 6months', 'Male', 0, 16.4, '', '9434489651', '1', '1', '2021-11-12 12:52:26.509111'),
(327, 'Snigdha Brahma', '8 Years 1 Month', 'Female', 0, 26, 'Raiganj', '9932777817', '1', '1', '2021-11-12 12:56:12.724174'),
(328, 'Shreyash Majumdar', '3 Years 9 Month', 'Male', 0, 17, 'Raiganj', '6297833979', '1', '1', '2021-11-12 12:58:20.445122'),
(329, 'Sirsha Ghosh', '10+ Years', 'Female', 0, 43, 'Subhasganj', '7001447521', '1', '1', '2021-11-12 12:59:28.910713'),
(330, 'Sanvika Sarkar', '3+Years', 'Female', 0, 15.7, 'Raiganj', '9434404130', '1', '1', '2021-11-12 13:06:04.815796'),
(331, 'Riyan Das', '7+ Years', 'Male', 0, 34.5, 'Raiganj', '8101907074', '1', '1', '2021-11-12 13:07:20.116591'),
(332, 'Parija Biswas', '1 Years 7 Month', 'Female', 0, 10.8, 'Raiganj', '8926447527', '1', '1', '2021-11-12 13:09:07.657767'),
(333, 'Mahir Alam', '7 Month', 'Male', 0, 7.7, 'Raiganj', '9641701842', '1', '1', '2021-11-12 13:12:59.052218'),
(334, 'Muskan Aktar', '1 Years 2 Month', 'Female', 0, 7.2, 'Raiganj', '9593990958', '1', '1', '2021-11-12 13:15:40.412049'),
(335, 'PARTHA SAHA ', '2 YEARS 8 MONTH', 'Male', 0, 12.5, 'ITAHAR', '9907144678', '1', '1', '2021-11-12 13:24:35.653986'),
(336, 'ADRIJA THOKDAR', '11 MONTH', 'Female', 0, 7.7, 'RAIGANJ', '9609828901', '1', '1', '2021-11-12 13:31:51.288644'),
(337, 'KEYAN REZA', '45 DAYS', 'Male', 0, 4.1, 'MONIHARI', '9625605836', '1', '1', '2021-11-13 04:52:33.371485'),
(338, 'ALI HUSSEN', '2 YEARS 11 MONTH', 'Male', 0, 13, 'ITAHAR', '6238630332', '1', '1', '2021-11-13 04:54:34.039347'),
(339, 'TUSHAR GHOSH', '4 MONTH 15 DAYS', 'Male', 0, 7.8, 'CHANCHAL', '8016823520', '1', '1', '2021-11-13 04:58:26.909548'),
(340, 'NARGIS KHATUN', '3 MONTH', 'Female', 0, 5, 'ROSAKHOWA', '9593763815', '1', '1', '2021-11-13 05:01:29.137383'),
(341, 'MAHIN FATEMA', '3 MONTH', 'Female', 0, 6.7, 'ROSAKHOWA', '9734383519', '1', '1', '2021-11-13 05:10:17.868018'),
(342, 'LUKMAN ALI', '4 MONTH', 'Male', 0, 7.4, 'BIHAR', '7894512369', '1', '1', '2021-11-13 05:13:07.560766'),
(343, 'JYOTI PASWAN', '2 YEARS 2 MONTH 13 D', 'Female', 0, 10.6, 'MINAPUR', '8436221817', '1', '1', '2021-11-13 05:17:00.439763'),
(344, 'BELAWAL ZIDAN', '7 YEARS', 'Male', 0, 20.4, 'LAGUA', '7488600657', '1', '1', '2021-11-13 05:18:16.223763'),
(345, 'RISHAN JINNAT', '18 DAYS', 'Male', 0, 2.3, 'ITAHAR', '8159992262', '1', '1', '2021-11-13 05:29:32.646664'),
(346, 'ABDULLAH', '16 MONTH', 'Male', 0, 9.3, 'ABADPUR', '9593937600', '1', '1', '2021-11-13 05:39:53.425289'),
(347, 'FAIQ ALI', '45 DAYS', 'Male', 0, 4.6, 'HEMTABAD', '9775517468', '1', '1', '2021-11-13 05:42:07.487667'),
(348, 'MAHIRA PARVEEN ', '2 NONTH 22 DAYS', 'Female', 0, 4.4, 'CHACHAL', '8759836833', '1', '1', '2021-11-13 05:46:32.278819'),
(349, 'MAHIR MD', '40 DAYS', 'Male', 0, 4, 'KORNOJORA', '7001990135', '1', '1', '2021-11-13 05:50:11.349814'),
(350, 'SUMAIYA YESMIN', '2 MONTH', 'Female', 0, 4.3, 'ITAHAR', '825039', '1', '1', '2021-11-13 05:55:13.771026'),
(351, 'MEHEJABIN PARVIN', '27 DAYS', 'Female', 0, 3.6, 'DAMDOLIA', '8918935672', '1', '1', '2021-11-13 06:01:35.256478'),
(352, 'MASRUMA  KHATUN', '3 YEARS 11 MONTH', 'Female', 0, 12.9, 'DURGAPUR', '8882190598', '1', '1', '2021-11-13 06:05:24.883539'),
(353, 'BROTO GHOSH', '10  YEARS 4 MONTH', 'Male', 0, 50, 'RAIGANJ', '9002150741', '1', '1', '2021-11-13 06:10:30.725769'),
(354, 'FARJU PARVIN', '45 DAYS', 'Female', 0, 4.5, 'SIYAGAON', '4567891231', '1', '1', '2021-11-13 06:11:30.655779'),
(355, 'AHAN REZA', '1 YEARS 6 MONTH', 'Male', 0, 11.6, 'GORNA', '8597084608', '1', '1', '2021-11-13 06:26:01.247815'),
(356, 'HIRAN BARMAN', '2 MONTH 8 DAYS', 'Male', 0, 3.8, 'BANGALBARI', '9547964022', '1', '1', '2021-11-13 06:29:22.588712'),
(357, 'HARUN  RASHID', '5 YEARS', 'Male', 0, 14.6, 'KARANDIGHI', '9605306099', '1', '1', '2021-11-13 06:33:26.609777'),
(358, 'SAIMA PARVEEN ', '1 MONTH 19 DAYS', 'Female', 0, 3.9, 'CHANCHAL', '7602980445', '1', '1', '2021-11-13 06:34:45.749639'),
(359, 'SAHIM HQ', '5 MONTH 7 DAYS', 'Male', 0, 6.2, 'BISHNAPUR', '8345007282', '1', '1', '2021-11-13 06:36:20.260417'),
(360, 'ARPITA BISWAS', '6 YEARS 9 MONTH', 'Female', 0, 27.4, 'RAIGANJ', '9064510158', '1', '1', '2021-11-13 06:45:57.311737'),
(361, 'NEHA  PARVEEN', '8 MONTH', 'Female', 0, 7.2, 'DHUPDUAR', '6398853130', '1', '1', '2021-11-13 06:47:41.845362'),
(362, 'MAHINUR PARVEEN', '16 DAYS', 'Female', 0, 3.3, 'GOALPARA', '73', '1', '1', '2021-11-13 06:50:19.232873'),
(363, 'HAJERUL HOSSAIN', '11 MONTH', 'Male', 0, 8, 'BISHNAPUR', '7703988178', '1', '1', '2021-11-13 06:59:31.511475'),
(364, 'AAHIL REZA', '1 YEARS 6 MONTH', 'Male', 0, 8.7, 'RASAKHOWA', '8759700525', '1', '1', '2021-11-13 07:06:37.994339'),
(365, 'SAHANAJ PARVIN', '2 YEARS 2 MONTH', 'Female', 0, 11.5, 'HARIRAMPUR', '7797605034', '1', '1', '2021-11-13 07:12:38.453901'),
(366, 'MD ABIR', '3 MONTH 15 DAYS', 'Male', 0, 6.5, 'BAMANGRAM', '9493226868', '1', '1', '2021-11-13 07:15:52.109279'),
(367, 'MD RASEL', '6 YEARS 6 MONTH', 'Male', 0, 22.7, 'ELENGIA', '9899823191', '1', '1', '2021-11-13 07:19:48.552654'),
(368, 'UMME ASMA', '28 DAYS', 'Female', 0, 3.6, 'RAIGANJ', '8509472100', '1', '1', '2021-11-13 07:25:40.287727'),
(369, 'SUVAM SARKAR', '2 YEARS 11 MONTH', 'Male', 0, 11.5, 'KARNAJORA', '8918281307', '1', '1', '2021-11-13 07:28:02.418644'),
(370, 'RUDRADEEP BARMAN', '6 MONTH', 'Male', 0, 7, 'RADHIKAPUR', '8927066447', '1', '1', '2021-11-13 07:39:20.033688'),
(371, 'CHINMOY BARMAN', '2 YEARS', 'Male', 0, 11.3, 'RADHIKAPUR', '89270664470', '1', '1', '2021-11-13 07:40:21.515617'),
(372, 'FARIN KHATUN', '6 MONTH', 'Female', 0, 6.8, 'BALIHARA', '8637037133', '1', '1', '2021-11-13 07:41:32.701805'),
(373, 'MEHERAB REZA', '1 MONTH 3 DAYS', 'Male', 0, 3.4, 'BAHALA', '6296871050', '1', '1', '2021-11-13 07:43:21.040326'),
(374, 'NASIR ALI', '20 DAYS', 'Male', 0, 3.3, 'LAHUJGRAM', '8116066412', '1', '1', '2021-11-13 08:00:07.002779'),
(375, 'AMIT BARMAN', '2 MONTH', 'Male', 0, 4.6, 'NUAPARA', '9635023561', '1', '1', '2021-11-13 08:08:56.143758'),
(376, 'ALMIR AHAMED', '7 YEARS 9 MONTH', 'Male', 0, 16.8, 'GORAHAR', '8653235723', '1', '1', '2021-11-13 08:10:54.898315'),
(377, 'SAHID REZA', '15 DAYS', 'Male', 0, 2.5, 'BINDOL', '7319482649', '1', '1', '2021-11-13 08:12:09.457403'),
(378, 'MD SAHIL', '9 MONTH 16 DAYS', 'Male', 0, 7.9, 'BAMANGRAM', '8101132597', '1', '1', '2021-11-13 08:13:30.827844'),
(379, 'KHALISA PARVEEN', '5 YEAS 2 MONTH', 'Female', 0, 14.6, 'ITAHAR', '9733502075', '1', '1', '2021-11-13 08:22:23.806770'),
(380, 'ELINA SARKAR', '10 MONTH', 'Female', 0, 6.8, 'MUKANDAPUR', '8768234103', '1', '1', '2021-11-13 08:28:16.469062'),
(381, 'PRIYAM GHOSH', '1 MONTH 12 DAYS', 'Male', 0, 3.7, 'BAHARAIL', '7098437597', '1', '1', '2021-11-13 08:36:58.618308'),
(382, 'RASHID ALAM', '5 YEARS', 'Male', 0, 14.3, 'GORAHAR', '8104798505', '1', '1', '2021-11-13 08:38:14.366824'),
(383, 'PRITHIRAJ BARMAN', '2 YEARS', 'Male', 0, 14.5, 'AKOR', '8016779610', '1', '1', '2021-11-13 08:56:15.354741'),
(384, 'SRABANI ROY', '2 YEARS 11 MONTH', 'Male', 0, 11.8, 'GOALGAON', '8967040339', '1', '1', '2021-11-13 08:57:39.851261'),
(385, 'TANU DAS', '7 YEARS', '', 0, 19, 'ASAPUR', '90', '1', '1', '2021-11-13 09:01:37.823946'),
(386, 'CHIRAK GHOSH', '9 MONTH', 'Male', 0, 9.9, 'GHOSH PARA', '8617477150', '1', '1', '2021-11-13 09:48:06.133490'),
(387, 'ABIDA KHATUN', '1 YEARS', 'Female', 0, 7.9, 'KALIYAGANJ', '983233148', '1', '1', '2021-11-13 09:52:44.891139'),
(388, 'NAHID ISLAM', '4 YEARS 6 MONTH', 'Male', 0, 15.9, 'AVOR', '8145759138', '1', '1', '2021-11-13 09:54:51.285589'),
(389, 'MD SABID', '7 MONTH 4 DAY', 'Male', 0, 9, 'RISHIPUR', '9800046209', '1', '1', '2021-11-13 09:56:15.060928'),
(390, 'TANMOY ROY', '9 DAY', 'Male', 0, 2.5, 'KOMLABARI', '8016952647', '1', '1', '2021-11-13 09:57:21.723768'),
(391, 'SUHANA PARVEEN', '9 MONTH', 'Female', 0, 8.1, 'ITAHAR', '7063131935', '1', '1', '2021-11-13 09:59:11.827349'),
(392, 'NIKHITA MAHATO', '10 MONTH', 'Female', 0, 8, 'BAJEBINDOL', '8617626530', '1', '1', '2021-11-13 10:00:50.572667'),
(393, 'POULOMI SAHA', '4 YEARS', 'Female', 0, 24.2, 'KALIYAGANJ', '8967708739', '1', '1', '2021-11-13 10:02:02.629776'),
(394, 'FIRAD HAKIM', '1 MONTH 5 DAYS', 'Male', 0, 3.8, 'HARIRAMPUR', '11', '1', '1', '2021-11-13 10:03:40.931515'),
(395, 'NANDITA SARKAR', '1 YEARS 6 MONTH', 'Female', 0, 9.9, 'BUNIYADPUR', '7872375051', '1', '1', '2021-11-13 10:05:49.203771'),
(396, 'PABAN DAS', '1 MONTH 6 DAY', 'Male', 0, 2.8, 'BHATTADIGHI', '9775805401', '1', '1', '2021-11-13 10:07:42.280877'),
(397, 'MUJAFFAR HOSSAIN', '7+ MONTH', 'Male', 0, 9.2, 'KASIMPUR', '8509786636', '1', '1', '2021-11-13 10:09:45.244757'),
(398, 'TRISHA DEY', '5 YEARS 1 MONTH', 'Female', 0, 22, 'BAJITPUR', '6297000085', '1', '1', '2021-11-13 10:12:01.484774'),
(399, 'ARKA BISWAS', '10 YEARS', 'Male', 0, 49, 'RAIGANJ', '9775330118', '1', '1', '2021-11-13 10:35:14.284178'),
(400, 'ISMAT NURI', '1 YEARS 1 MONTH', 'Female', 0, 7.3, 'RAIGANJ', '9007410929', '1', '1', '2021-11-13 10:37:08.847467'),
(401, 'NOUSIN AMAIRA', '2 YEARS 5+ MONTH', 'Female', 0, 11.5, 'SHERPUR', '6294209228', '1', '1', '2021-11-13 10:57:38.547779'),
(402, 'UTSHA DAS', '7 YEARS 10 MONTH', 'Male', 0, 32, 'PALAIBARI', '8918663959', '1', '1', '2021-11-13 10:59:36.311619'),
(403, 'AHANA PARVEEN', '11 MONTH', 'Female', 0, 9.3, 'KARNAJORA', '9477475763', '1', '1', '2021-11-13 11:02:45.591341'),
(404, 'MOHIM AKTAR', '8 MONTH 13 DAYS', 'Male', 0, 9.8, 'KISHNAMURI', '8670622482', '1', '1', '2021-11-13 11:04:27.884875'),
(405, 'MEHEBUB ALAM', '5 YEARS', 'Male', 0, 13, 'BHATOL', '7047306248', '1', '1', '2021-11-13 11:19:01.110696'),
(406, 'SAYANTAN ADHIKARI', '5 YEARS 9 MONTH', 'Male', 0, 18.4, 'DEBINAGAR', '8670123229', '1', '1', '2021-11-13 11:20:08.900967'),
(407, 'PARCHYA SAHA CHOWDHURY', '12+ YEARS', 'Male', 0, 56, 'RAIGANJ', '9153396605', '1', '1', '2021-11-13 11:22:15.558776'),
(408, 'SUSMITA SARKAR', '7 MONTH', 'Female', 0, 8.2, 'RAIGANJ', '01', '1', '1', '2021-11-13 11:40:05.905777'),
(409, 'SHREYANSH ROY', '2 YEARS 2 MONTH', 'Male', 0, 11.9, 'BOGRAM', '7908694211', '1', '1', '2021-11-13 11:40:49.678070'),
(410, 'AARANYA MAITY', '2 YEARS 7 MONTH', 'Female', 0, 10.5, 'DURGAPUR', '9002838090', '1', '1', '2021-11-13 11:43:26.417996'),
(411, 'TANISHA MEHER CHODHORY', '9 YEARS', 'Female', 0, 20.9, 'RISHIPUR', '9932318087', '1', '1', '2021-11-13 12:03:07.709779'),
(412, 'AKSHIT SAHA', '2 YEARS 3 MONTH', 'Male', 0, 15.1, 'TULSHI PARA', '8617481018', '1', '1', '2021-11-13 12:05:11.482653'),
(413, 'NUR ISLAM', '3 MONTH 13 DAY', 'Male', 0, 8.2, 'ITAHAR', '9563701974', '1', '1', '2021-11-13 12:06:31.775729'),
(414, 'UMME SALMA', '5 YEARS', 'Female', 0, 15, 'KALIYAGANJ', '7679230828', '1', '1', '2021-11-13 12:19:31.713666'),
(415, 'MANALI ROY', '9+ YEARS', 'Female', 0, 30.5, 'BIRNAGAR', '6294064779', '1', '1', '2021-11-13 12:51:18.931676'),
(417, 'MD RIHAN', '3 MONTH', 'Male', 0, 5.3, 'ITAHAR', '7550881873', '1', '1', '2021-11-14 14:57:58.701372'),
(418, 'MAHIRA YESMIN', '45 DAYS', 'Female', 0, 4.3, 'SONGAON', '9679411078', '1', '1', '2021-11-14 15:01:21.936810'),
(419, 'SAFWANA KHATUN', '3 MONTH 15 DAYS', 'Female', 0, 6.3, 'ALRTAPUR', '623893', '1', '1', '2021-11-14 15:04:43.188426'),
(420, 'NUSRAT SULTANA', '5 MONTH 8 DAYS', 'Female', 0, 5.5, 'GOURAVPUR', '7586070519', '1', '1', '2021-11-14 15:40:44.417741'),
(421, 'MD SAHIL', '3 MONTH 2 DAYS', 'Male', 0, 4.3, 'BARSOI', '7304305207', '1', '1', '2021-11-14 15:45:24.354609'),
(422, 'patient 2', '', 'Male', 0, 0, '', '888888888888', '1', '1', '2021-11-14 15:45:56.669863'),
(423, 'MD SARFARAZ', '3 YEARS 6 MONTH', 'Male', 0, 14.3, 'MOHIGHARAM', '8928913178', '1', '1', '2021-11-14 15:46:16.517543'),
(424, 'ALIM SK', '15 DAYS', 'Male', 0, 2.4, 'HATIA', '8649843454', '1', '1', '2021-11-15 04:41:40.619141'),
(425, 'SUFI ALAM', '14 MONTH', 'Male', 0, 7.2, 'DALKHOLA', '9733345623', '1', '1', '2021-11-15 05:16:11.730784'),
(426, 'BISHAL SARKAR', '5 YEARS', 'Male', 0, 17.5, 'SUBASGANJ', '8101681287', '1', '1', '2021-11-15 05:21:56.036796'),
(427, 'SUMAYAA YESMIN', '38 DAYS', 'Female', 0, 3.7, 'ITAHAR', '8392074663', '1', '1', '2021-11-15 05:27:02.860861'),
(428, 'DIVYA BHATTACHARIYA', '7 YEARS 11 MONTH', 'Female', 0, 24.5, 'RAIGANJ', '7044031707', '1', '1', '2021-11-15 05:30:18.181744'),
(429, 'ASIF AZAM', '41 DAYS', 'Male', 0, 4, 'KOLUA', '12346789', '1', '1', '2021-11-15 05:37:29.182765'),
(430, 'SAYESTA ALAM', '18 MONTH', 'Female', 0, 10.7, 'HORIRAMPUR', '9547738564', '1', '1', '2021-11-15 05:40:52.302774'),
(431, 'ISHAN ALI', '2 YEARS', 'Male', 0, 9.9, 'SAMPUR', '7601233456', '1', '1', '2021-11-15 05:47:28.914559'),
(432, 'NUR ALAM', '2 MONTH', 'Male', 0, 4.6, 'SAKTINAGAR', '7029854028', '1', '1', '2021-11-15 05:49:02.984759'),
(433, 'MD SAHIL', '5 YEARS', 'Male', 0, 16.9, 'ABADPUR', '6200239829', '1', '1', '2021-11-15 05:50:23.081364'),
(434, 'AMANULLAH', '5 MONTH', 'Male', 0, 5.4, 'KARANDIGHI', '7076551334', '1', '1', '2021-11-15 05:54:15.524957'),
(435, 'JISAN ALAM', '7 MONTH 15DAYS', 'Male', 0, 8.8, 'KACHNABARI', '7679554457', '1', '1', '2021-11-15 05:55:07.340827'),
(436, 'ROHAN AKTAR', '14 DAYS', 'Male', 0, 2.3, 'KALIYAGANJ', '9564705994', '1', '1', '2021-11-15 06:07:22.757017'),
(437, 'AYAN ALAM', '22 MONTH', 'Male', 0, 11, 'PACHVAYA', '9733431050', '1', '1', '2021-11-15 06:08:17.343810'),
(438, 'MOHOSINA PARVIN', '3 YEARS', 'Female', 0, 11.7, '??', '???00', '1', '1', '2021-11-15 06:16:38.672353'),
(439, 'PARVEZ  ALAM', '32 DAYS', 'Male', 0, 3.6, 'BILASPUR', '8307259', '1', '1', '2021-11-15 06:22:30.833800'),
(440, 'RIYAZ RAHAMAN', '2 YEARS 11 MONTH', 'Male', 0, 11.4, 'SORIYABAD', '9051974127', '1', '1', '2021-11-15 06:24:08.080975'),
(441, 'MD MUSARAF', '2 MONTH', 'Male', 0, 4.5, 'SAMASPUR', '9832580044', '1', '1', '2021-11-15 06:37:07.511505'),
(442, 'JAYED HASAN', '1 MONTH 3 DAYS', 'Male', 0, 4.2, 'KARANDIGHI', '6295676717', '1', '1', '2021-11-15 06:38:49.778210'),
(443, 'NITAI PAUL', '2 YEARS 6 MONTH', 'Male', 0, 12.2, 'RAIGANJ', '9091160548', '1', '1', '2021-11-15 06:40:40.417910'),
(444, 'MOUSUMI PARVEEN', '11 MONTH', 'Male', 0, 8, 'ELENGIA', '9083055047', '1', '1', '2021-11-15 06:42:37.508811'),
(445, 'MD TASKIN REZA', '5 YEARS 5 MONTH', 'Male', 0, 16, 'BHATOL', '7866067746', '1', '1', '2021-11-15 06:44:17.987061'),
(446, 'ARADHYA GHOSH', '1 MONTH 17 DAYS', 'Female', 0, 3.8, 'RAIGANJ', '8637595327', '1', '1', '2021-11-15 07:06:13.546774'),
(447, 'ARMAN HABIB', '2 YEARS 9 MONTH', 'Male', 0, 13, 'JAMALPUR', '8759063751', '1', '1', '2021-11-15 07:10:34.738267'),
(448, 'AYAN IKBAL', '1 YEARS 9 MONTH', 'Male', 0, 10.4, 'PALAIBARI', '9907966191', '1', '1', '2021-11-15 07:13:09.358789'),
(449, 'JAREEN ALAM', '3 YEARS 3 MONTH', 'Female', 0, 13.5, 'KARANDIGHI', '9932575274', '1', '1', '2021-11-15 07:14:56.885691'),
(450, 'SAMRAT RAJBHAR', '1 MONTH', 'Male', 0, 4.5, 'NARAYANPUR', '8016891206', '1', '1', '2021-11-15 07:26:26.099786'),
(451, 'SUMAIYA SARKAR', '1 YEARS 7 MONTH', 'Female', 0, 8.9, 'BELUA', '9382931645', '1', '1', '2021-11-15 07:30:47.507782'),
(452, 'SUFIYAN ALI', '9 MONTH', 'Male', 0, 6.5, 'BARSOI', '7478302385', '1', '1', '2021-11-15 07:32:07.667781'),
(453, 'MUSAHID ALAM', '1 YEARS 2 MONTH', 'Male', 0, 8.3, 'BARSOI', '9625732483', '1', '1', '2021-11-15 07:33:53.546180');
INSERT INTO `tbl_patient_details` (`Patient_Id`, `Patient_Name`, `Patient_Age`, `Patient_Gender`, `Patient_Height`, `Patient_Weight`, `Patient_Address`, `Patient_Contact`, `Patient_Status`, `Patient_Visit_Status`, `Patient_Date`) VALUES
(454, 'BARSHA BARMAN', '9 YEARS 6 MONTH', 'Female', 0, 24.5, 'BALIA', '9635757490', '1', '1', '2021-11-15 07:38:26.759677'),
(455, 'MAIRA KHATUN', '1 YEARS 12 DAYS', 'Female', 0, 8.8, 'ITAHAR', '6294829446', '1', '1', '2021-11-15 07:40:09.630787'),
(456, 'MIRA KHATUN', '1 MONTH 28 DAYS', 'Female', 0, 4.6, 'ITAHAR', '8348925214', '1', '1', '2021-11-15 07:41:37.735307'),
(457, 'SAHANI PARVIN', '3 MONTH 26 DAYS', 'Female', 0, 4.3, 'RAMPUR', '9064087132', '1', '1', '2021-11-15 07:49:15.686672'),
(458, 'IMDAD MD', '16 DAYS', 'Male', 0, 3.3, 'KACHIMUHA', '9650547629', '1', '1', '2021-11-15 08:00:45.743779'),
(459, 'ARMAN HQ', '23 DAYS', 'Male', 0, 3.2, 'KUMROL', '9064590630', '1', '1', '2021-11-15 08:03:00.716488'),
(460, 'MD REZWAN ALI', '2 MONTH 13 DAYS', 'Male', 0, 5.5, 'SUKUTALA', '9593635507', '1', '1', '2021-11-15 08:04:17.838130'),
(461, 'MUSARAF HOSSAIN', '2+ MONTH', 'Male', 0, 4.7, 'GONDAHAR', '8250394731', '1', '1', '2021-11-15 08:06:47.879789'),
(462, 'MD RIYAZ', '29 DAYS', 'Male', 0, 4.1, 'SAIYADPUR', '9382295537', '1', '1', '2021-11-15 08:09:14.569774'),
(463, 'FARHAN ALI', '20 DAYS', 'Male', 0, 3.8, 'KUMARJOL', '8343068046', '1', '1', '2021-11-15 08:21:55.902093'),
(464, 'JIYA PARVEEN', '10 MONTH', 'Female', 0, 7, 'BASUDEBPUR', '8145640839', '1', '1', '2021-11-15 08:23:13.755319'),
(465, 'MD ZAYAN REZA', '21 DAYS', 'Male', 0, 2.5, 'ANANTAPUR', '9137109221', '1', '1', '2021-11-15 08:24:43.907090'),
(466, 'SUYEL HOSSAIN', '1 YEARS 1 MONTH', 'Male', 0, 8.4, 'LAHUJGRAM', '9769891715', '1', '1', '2021-11-15 08:37:06.332427'),
(467, 'KRITI PRAMANIK', '1 YEARS', 'Female', 0, 6.5, 'RAIPUR', '8972846039', '1', '1', '2021-11-15 08:39:23.266915'),
(468, 'PAPAI JHA', '6 YEARS 5 MONTH', 'Male', 0, 14.7, 'TAHERPUR', '8637881743', '1', '1', '2021-11-15 08:41:24.023762'),
(469, 'NILAKSHI KUNDU', '5 YEARS 3 MONTH', 'Female', 0, 18.3, 'RAIGANJ', '9064674592', '1', '1', '2021-11-15 08:42:35.860724'),
(470, 'AFTAB ALAM', '1 MONTH 10 DAYS', 'Male', 0, 3, 'DANGAPARA', '7319539898', '1', '1', '2021-11-15 08:44:32.506537'),
(471, 'JINIYA ITTIJA', '26  DAYS', 'Female', 0, 3.2, 'DHABAIL', '7908803862', '1', '1', '2021-11-15 08:58:13.994073'),
(472, 'ANKIT DAS', '3 YEARS 10 MONTH', 'Male', 0, 19.5, 'MAHARAJA HAT', '8768344641', '1', '1', '2021-11-15 08:59:53.739105'),
(473, 'GOLAM MURSALIN', '1 MONTH 15 DAYS', 'Male', 0, 4, 'KUNOR', '9746972970', '1', '1', '2021-11-15 10:12:33.044193'),
(474, 'MD SUJAT', '2 MONTH', 'Male', 0, 4.8, 'KUSHMANDI', '6296911550', '1', '1', '2021-11-15 10:14:27.434839'),
(475, 'KHADIJA KAHTUN', '7 MONTH', 'Female', 0, 7.7, 'DHUA BISHUA', '8076347714', '1', '1', '2021-11-15 10:15:37.934019'),
(476, 'RAJDITA DAS', '1 YEARS 3 MONTH', 'Female', 0, 10.7, 'RAIGANJ', '7001857886', '1', '1', '2021-11-15 10:19:06.451668'),
(477, 'RISHITA ADITYA', '1 MONTH 15  DAYS', 'Female', 0, 4.2, 'RAIGANJ', '9547331339', '1', '1', '2021-11-15 10:21:34.831908'),
(478, 'ABDUR RAKIB', '2 MONTH 15 DAYS', 'Male', 0, 5.2, 'HEMTABD', '9734122290', '1', '1', '2021-11-15 10:32:30.021067'),
(479, 'AHAMMED REZA', '11 MONTH', 'Male', 0, 8.3, 'KALIBARI', '9564000925', '1', '1', '2021-11-15 10:39:06.924663'),
(480, 'MD AMAN AZAM', '14+ YEARS', 'Male', 0, 55, 'KARNAJORA', '8250145495', '1', '1', '2021-11-15 10:40:31.699081'),
(481, 'LUCKY DAS', '1 YEARS', 'Male', 0, 11, 'CHANDITALA', '6294045575', '1', '1', '2021-11-15 10:45:54.879510'),
(482, 'AYESHA SULTANA', '28 DAYS', 'Female', 0, 3, 'HEMTABAD', '9734141423', '1', '1', '2021-11-15 10:48:21.694823'),
(483, 'NAHIDA NOORI', '1 YEARS', 'Female', 0, 9.7, 'RAIGANJ', '7478818109', '1', '1', '2021-11-15 10:49:57.937559'),
(484, 'SARMIN KHATUN', '1 YEARS 2 MONTH', 'Female', 0, 8.3, 'BAJITPUR', '9733412171', '1', '1', '2021-11-15 11:02:20.045369'),
(485, 'FARHAT AFSARI', '6 MONTH', 'Female', 0, 5.5, 'KOILADANGI', '7582826188', '1', '1', '2021-11-15 11:05:17.270392'),
(486, 'ANIKET KUNDU ', '8 YEARS', 'Male', 0, 22, 'MILANPAR', '9635525564', '1', '1', '2021-11-15 11:06:57.127787'),
(487, 'AFROJA PARVEEN', '1 YEARS 9 MONTH', 'Male', 0, 8, 'BURAKAMAT', '7029517633', '1', '1', '2021-11-15 11:08:48.419897'),
(488, 'JAMILA KHATUN', '2 MONTH', 'Female', 0, 3.8, 'BIHAR', '7501054599', '1', '1', '2021-11-15 11:22:14.773478'),
(489, 'SNEHA DAS', '8 YERAS 6 MONTH', 'Female', 0, 29, 'RAIGANJ', '9732009594', '1', '1', '2021-11-15 11:38:36.665781'),
(490, 'JAHANUR KHATUN ', '2 YERAS 6 MONTH', 'Female', 0, 9.3, 'BALAIGAON', '7990962244', '1', '1', '2021-11-15 11:40:18.712814'),
(491, 'SUBENDU SAREN', '2 YEARS', 'Male', 0, 11, 'ATKARA', '7479190579', '1', '1', '2021-11-15 11:41:35.804023'),
(492, 'ANKITA BHOWMIK', '14 YEARS 11 MONTH', 'Female', 0, 38, 'DEBINAGAR', '9475104503', '1', '1', '2021-11-15 11:44:06.551764'),
(493, 'SRIJAAN DAS', '5 YEARS 6 MONTH', 'Male', 0, 19, 'RAIGANJ', '9434804557', '1', '1', '2021-11-15 11:56:44.213705'),
(494, 'SUVAM KUMAR', '6 YEARS', 'Male', 0, 27, 'RAIGANJ', '7029143490', '1', '1', '2021-11-15 12:03:41.115764'),
(495, 'SAYON SARKAR', '27 DAYS', 'Male', 0, 2.7, 'HARIRAMPUR', '8250966603', '1', '1', '2021-11-15 12:11:51.994744'),
(496, 'SHREYANT GHOSH', '8 YEARS', 'Male', 0, 40, 'RAIGANJ', '9740084325', '1', '1', '2021-11-15 12:15:53.092896'),
(497, 'SUJOY MODAK', '10 YEARS 6 MONH', 'Male', 0, 27, 'RAIGANJ', '8972483312', '1', '1', '2021-11-15 13:00:08.967742'),
(498, 'OM SHIL ', '4 YEARS 11 MONTH', 'Male', 0, 17.5, 'PANISALA', '8617562069', '1', '1', '2021-11-15 13:02:08.858676'),
(499, 'SUFIYAN REZA', '10 MONTH', 'Male', 0, 8, 'CHOPRA', '001', '1', '1', '2021-11-15 13:03:35.838242'),
(500, 'SOURAB SARKAR', '3 YEARS 7 MONTH', 'Male', 0, 17.5, 'KARNAJORA', '7384121241', '1', '1', '2021-11-15 13:10:41.991257'),
(501, 'MISTU SUTRADHAR', '2 YEARS 6 MONTH', 'Female', 0, 15, 'RAIGANJ', '7550909606', '1', '1', '2021-11-15 13:15:57.954825'),
(502, 'DEBARAJ RABIDAS', '5 YEARS', 'Male', 0, 16.5, 'BANGALBARI', '9339708748', '1', '1', '2021-11-15 13:17:27.437886'),
(503, 'DEBADITYA SHIL', '1 YEARS 1 MONTH', 'Male', 0, 9, 'RAIUGANJ', '9614906032', '1', '1', '2021-11-15 13:21:58.969771'),
(504, 'TAUSIKA PARVEEN ', '9 MONTH', 'Female', 0, 7.9, 'NOUDA', '9734129263', '1', '1', '2021-11-15 13:23:56.283707'),
(505, 'TAHASIN REAZA', '4 YEARS 6 MONTH', 'Male', 0, 14.5, 'NOUDA', '97341292630', '1', '1', '2021-11-15 13:24:42.860258'),
(506, 'AROSHI MANDAL', '8+ YEARS', 'Female', 0, 32.5, 'RAIGANJ', '9434140611', '1', '1', '2021-11-15 13:28:25.676827'),
(507, 'DIPAYON BASAK', '11 MONTH', 'Male', 0, 10.4, 'UDAYPUR', '9382986092', '1', '1', '2021-11-15 13:43:50.339832'),
(508, 'RADHESHYAM DAS', '13 DAYS', 'Male', 0, 3, 'ITAHAR', '97333336285', '1', '1', '2021-11-15 13:46:52.456372'),
(509, 'TRIVIK PAUL', '4 MONTH 20 DAYS', 'Male', 0, 7.5, 'RAIGANJ', '9064069833', '1', '1', '2021-11-15 13:48:21.992811'),
(510, 'GOURAV SARKAR', '4 YEARS 6 MONTH', 'Male', 0, 12.5, 'HEMTABAD', '9734925595', '1', '1', '2021-11-15 13:49:27.223863'),
(511, 'ARADHYA SARKAR', '3 YEARS 5 MONTH', 'Female', 0, 15.5, 'SUBHASGANJ', '8250967253', '1', '1', '2021-11-15 13:50:48.718669'),
(512, 'SADIYA KHATUN', '6 DAYS', 'Female', 0, 2, 'KOTAR', '8384019925', '1', '1', '2021-11-15 13:51:48.354123'),
(513, 'AFSANA KHATUN', '6 YEARS', 'Female', 0, 17.4, 'KOITOR', '9733151589', '1', '1', '2021-11-15 13:58:46.437784'),
(514, 'HRIT DUTTA', '5 YEARS 6 MONTH', 'Male', 0, 35.6, 'MILANPARA', '8967771397', '1', '1', '2021-11-16 05:07:27.060077'),
(515, 'MD MORTUJ', '1 YEARS', 'Male', 0, 8.1, 'ABADPUR', '???????', '1', '1', '2021-11-16 05:11:26.514656'),
(516, 'NAFISHA KHATUN', '9 MONTH', 'Female', 0, 6.8, 'MADHABPUR', '9888413293', '1', '1', '2021-11-16 05:14:02.480879'),
(517, 'FAHIMA KHATUN', '1 YEARS 7 MONTH 15 ', 'Female', 0, 8.4, 'SARIYABAD', '7718257213', '1', '1', '2021-11-16 05:15:46.753577'),
(518, 'NIDHI MUKHARJEE', '2 YEARS', 'Female', 0, 9.3, 'ABADPUR', '7808872131', '1', '1', '2021-11-16 05:18:32.710768'),
(519, 'NEHA PARVIN', '3 YEARS 7 MONTH', 'Female', 0, 15.4, 'KUMADPUR', '9749590442', '1', '1', '2021-11-16 05:27:34.834820'),
(520, 'MD FAIZAN', '2 YEARS 4 MONTH', 'Male', 0, 10.7, 'SAMASPUR', '7679536963', '1', '1', '2021-11-16 05:29:05.675145'),
(521, 'MD MAHIR', '1 YEARS', 'Male', 0, 7.6, 'KHOLSHI', '9382185035', '1', '1', '2021-11-16 05:38:30.557559'),
(522, 'MASUM REZA', '7 MONTH', 'Male', 0, 8.4, 'KACHIMUHA', '7407096573', '1', '1', '2021-11-16 05:42:53.480775'),
(523, 'TANBIR ALAM', '58 DAYS', 'Male', 0, 4.2, 'KALIYAGANJ', '8617040299', '1', '1', '2021-11-16 05:50:16.204601'),
(524, 'SOURAV DAS', '2 MONTH', 'Male', 0, 4.6, 'BAJITPUR', '8967781724', '1', '1', '2021-11-16 05:53:36.881754'),
(525, 'SWARNAB BARMAN', '2 YEARS 7 MONTH', 'Male', 0, 11.6, 'SOHARAI', '9635774497', '1', '1', '2021-11-16 06:03:11.918715'),
(526, 'HIMESH BARMAN', '8 YEARS 1 MONTH', 'Male', 0, 22.8, 'SOHARAI', '?????????', '1', '1', '2021-11-16 06:04:10.455036'),
(527, 'IRFAN AHAMED', '16 DAYS', 'Male', 0, 2.3, 'RUPAHAR', '762063796', '1', '1', '2021-11-16 06:10:00.837172'),
(528, 'AAYAN SARKAR', '22 MONTH', 'Male', 0, 10.2, 'PARARGHARAM', '7908900741', '1', '1', '2021-11-16 06:11:32.394986'),
(529, 'MUSARAF REZA', '7 YEARS', 'Male', 0, 18.4, 'KARANDIGHI', '7501878431', '1', '1', '2021-11-16 06:12:59.869561'),
(530, 'ARKA DAS', '2 YEARS 1 MONTH', 'Male', 0, 12.9, 'TENHORI', '9635116380', '1', '1', '2021-11-16 06:25:20.433121'),
(531, 'SK RIHAN', '2 YEARS 6 MONTH', 'Male', 0, 11.5, 'SAHEBGHATA', '8945862733', '1', '1', '2021-11-16 06:27:47.672769'),
(532, 'SANAYA AFRIN', '2 YEARS 4 MONTH', 'Female', 0, 10.5, 'SAMASPUR', '9002506213', '1', '1', '2021-11-16 06:34:43.081610'),
(533, 'SUVRO ROY', '2 YEARS', 'Male', 0, 9.2, 'RAIGANJ', '9735873316', '1', '1', '2021-11-16 06:47:44.570780'),
(534, 'JASMINARA KHATUN', '2 MONTH', 'Female', 0, 3.5, 'BAMUHA', '7679809990', '1', '1', '2021-11-16 06:59:20.161051'),
(535, 'BITHIKA BARMAN', '1 YEARS 7+ MONTH', 'Female', 0, 11, 'DURGAPUR', '8759551850', '1', '1', '2021-11-16 07:01:13.368114'),
(536, 'KASHMIRA KHATUN', '7 MONTH', 'Female', 0, 7, 'HEMTABAD', '1234567', '1', '1', '2021-11-16 07:02:18.400399'),
(537, 'MOKSEDUL SK', '1 YEARS 6 MONTH', 'Male', 0, 9.2, 'PALAIBARI', '12345678', '1', '1', '2021-11-16 07:04:17.724338'),
(538, 'MAMUN ALI', '1 YEARS 6+ MONTH', 'Male', 0, 7.8, 'BIHAR', '7551851869', '1', '1', '2021-11-16 07:39:12.430690'),
(539, 'ANANYA SAHA ROY', '8+ YEARS', 'Female', 0, 38.9, 'BIRNAGAR', '7047685536', '1', '1', '2021-11-16 07:40:14.887502'),
(540, 'ARIZ HOSSAIN', '8 MONTH', 'Male', 0, 6, 'RAIGANJ', '95939909580', '1', '1', '2021-11-16 07:44:30.892793'),
(541, 'JISHAN ALI', '9 MONTH 15 DAYS', 'Male', 0, 8.7, 'BOSTOMTALA', '9547082947', '1', '1', '2021-11-16 07:58:44.867134'),
(542, 'SUHAN REZA', '3 YEARS 2 MONTH', 'Male', 0, 18.5, 'BINDOL', '9064643939', '1', '1', '2021-11-16 08:01:31.371705'),
(543, 'SAJIT ALI', '24 DAYS', 'Male', 0, 3.7, 'BHATTADIGHI', '9892126100', '1', '1', '2021-11-16 08:03:24.335725'),
(544, 'MD AFJAL', '1 YEARS', 'Male', 0, 8.3, 'KHOLSI', '8001468434', '1', '1', '2021-11-16 08:05:20.413074'),
(545, 'AQSA PARVEEN', '1 MONTH 10 DAYS', 'Female', 0, 4.4, 'KUMARJOL', '8617482212', '1', '1', '2021-11-16 08:06:52.849771'),
(546, 'SNIGDHA  BARMAN ', '1 YEARS 2+ MONTH', 'Female', 0, 8.5, 'POLIHAR', '9547575925', '1', '1', '2021-11-16 08:17:53.989573'),
(547, 'SARNIK DEY', '3 YEARS 10 MONTH', 'Male', 0, 17.5, 'RAIGANJ', '8116681003', '1', '1', '2021-11-16 08:19:21.955302'),
(548, 'MD ABDULLAH', '1 YEARS 3 MONTH', 'Male', 0, 8.7, 'LOHUJGRAM', '9064707586', '1', '1', '2021-11-16 08:21:37.878792'),
(549, 'RIFYAT ALAM', '1 YEARS 17 DAYS', 'Male', 0, 9.9, 'ITAHAR', '9593249575', '1', '1', '2021-11-16 08:37:40.325373'),
(550, 'AFRAN SEKH', '1 YEARS 6 MONTH', 'Male', 0, 8.7, 'BALIRPAR', '7865901836', '1', '1', '2021-11-16 08:42:43.246783'),
(551, 'HIYA PARVEEN ', '9 MONTH 15 DAYS', 'Female', 0, 8.5, 'KACHIMUHA', '83728016810', '1', '1', '2021-11-16 08:44:04.598780'),
(552, 'KULDEEP DEBSHARMA', '21 DAYS', 'Male', 0, 2.7, 'PARBATIPUR', '9679159541', '1', '1', '2021-11-16 08:45:55.294802'),
(553, 'ABU SUFIYAN', '1 MONTH 10 DAYS', 'Male', 0, 4, 'KACHNA', '8149252376', '1', '1', '2021-11-16 08:49:53.085519'),
(554, 'HIYA SARKAR', '3 YEARS 10 MONTH', 'Female', 0, 15.7, 'IAHAR', '9735066915', '1', '1', '2021-11-16 09:43:25.227865'),
(555, 'TANMOY SAHA', '6 YEARS', 'Male', 0, 20, 'BIRNAGAR', '7432903855', '1', '1', '2021-11-16 09:46:16.312357'),
(556, 'ALAUDDIN ', '3 MONTH', 'Male', 0, 1.7, 'CHANCHAL', '012', '1', '1', '2021-11-16 09:49:01.108642'),
(557, 'B/O-SAHIDA PARVEEN', '13 DAYS', 'Male', 0, 2.5, 'LAKSHMIDANGA', '8882959946', '1', '1', '2021-11-16 09:52:39.164446'),
(558, 'RABAB PARVEEN', '20 DAYS', 'Female', 0, 4.5, 'RARIA', '9593740965', '1', '1', '2021-11-16 09:54:25.187386'),
(559, 'TRISHA BARMAN', '4 YEARS 6 MONTH', 'Female', 0, 14.9, 'CHAPDUAR', '8016734775', '1', '1', '2021-11-16 09:56:08.923254'),
(560, 'ASHA  BHOWMIK', '9 YEARS', 'Female', 0, 36.9, 'BHARATPUR', '8927224346', '1', '1', '2021-11-16 09:58:32.693537'),
(561, 'NUSRAT JAHAN', '7 YEARS 1 MONTH', 'Female', 0, 18.5, 'RISHIPUR', '9641808004', '1', '1', '2021-11-16 09:59:38.094399'),
(562, 'PRIYANSHU SARKAR', '4 YEARS 6 MONTH', 'Male', 0, 18.6, 'RAIGANJ', '9851261549', '1', '1', '2021-11-16 10:26:02.898060'),
(563, 'SURAIYA KHATUN', '1 YEARS', 'Female', 0, 8.2, 'DOHOL', '7478157653', '1', '1', '2021-11-16 10:30:00.556188'),
(564, 'SWARNALI SAHA', '1 YEARS 2 MONTH', 'Female', 0, 9.7, 'RUPAHAR', '9775974875', '1', '1', '2021-11-16 10:33:44.915454'),
(565, 'JISHAN HOSSAIN', '1 MONTH 19 DAYS', 'Male', 0, 4, 'DADHIKOTBARI', '8617533799', '1', '1', '2021-11-16 10:34:56.528949'),
(566, 'SWARUP BISWAS', '1 YEARS 3 MONTH', 'Male', 0, 9, 'SONADANGI', '7319318660', '1', '1', '2021-11-16 10:49:06.656318'),
(567, 'RUDRA MANDAL', '8+ YEARS', 'Male', 0, 48.5, 'RUPHAR', '7431838648', '1', '1', '2021-11-16 10:50:11.971767'),
(568, 'BANNISHA DUTTA', '3 YEARS 10 MONTH', 'Female', 0, 12.5, 'RAIGANJ', '7001821484', '1', '1', '2021-11-16 10:52:07.472849'),
(569, 'TANIA YASMIN ', '7 MONTH', 'Female', 0, 6.4, 'POIRAJ', '7029641409', '1', '1', '2021-11-16 11:10:45.344782'),
(570, 'FARHA RAZA', '6 YEARS', 'Female', 0, 19, 'SALMARI', '7976675879', '1', '1', '2021-11-16 11:12:28.504790'),
(571, 'INAYA FATMA', '1 YEARS 3 MONTH', 'Female', 0, 8.1, 'SALMARI', '79766758790', '1', '1', '2021-11-16 11:13:31.928811'),
(572, 'RUMI PARVEEN', '6 MONTH', 'Female', 0, 6.7, 'MARIA', '6295291592', '1', '1', '2021-11-16 11:21:54.632789'),
(573, 'MIRAJ ALI', '2 YEARS 6 MONTH', 'Male', 0, 12, 'TUNGALBILPARA', '0012', '1', '1', '2021-11-16 11:24:09.640753'),
(574, 'ANUSKA DAS', '4 YEARS 4 MONNTH', 'Female', 0, 13, 'SONADANGI', '8167883562', '1', '1', '2021-11-16 11:26:54.638824'),
(575, 'SHRADDHA DAS', '3 YEARS 17 DAYS', 'Female', 0, 13.5, 'KOMLAI', '8670421383', '1', '1', '2021-11-16 11:46:00.228781'),
(576, 'SOURAV SAHA', '8 YEARS', 'Male', 0, 44, 'RAIGANJ', '9832444776', '1', '1', '2021-11-16 11:47:48.288800'),
(577, 'RAJVIKA SAHA', '2 YEARS 10 MONTH', 'Female', 0, 12.8, 'RAIGANJ', '7908211991', '1', '1', '2021-11-16 12:06:18.416218'),
(578, 'ADRIJA SAHA', '5+ YEARS', 'Female', 0, 16.5, 'RAIGANJ', '8759290815', '1', '1', '2021-11-16 12:08:47.194822'),
(579, 'EMONA HOSSION', '8 MONTH', 'Female', 0, 6.2, 'KALIYAGANJ', '9593829989', '1', '1', '2021-11-16 13:18:26.513995'),
(580, 'PURAN DAS', '7 YEARS', 'Male', 0, 9.7, 'BARSOI', '9800180961', '1', '1', '2021-11-17 04:47:13.411247'),
(581, 'FARHAN ALI', '7 MONTH 4 DAYS', 'Male', 0, 7.3, 'CHACHAL', '8513802477', '1', '1', '2021-11-17 04:48:54.943844'),
(582, 'UMMA KHATIJA', '10 MONTH', 'Female', 0, 5.7, 'BHATOL', '8918882300', '1', '1', '2021-11-17 04:50:41.144317'),
(583, 'ABIR SARKAR', '6 MONTH', 'Male', 0, 6.2, 'KALIBARI', '7866060357', '1', '1', '2021-11-17 04:52:25.652657'),
(584, 'JENIFAR ISLAM', '5 MONTH 15 DAYS', 'Female', 0, 6, 'BINDOL', '7348790412', '1', '1', '2021-11-17 05:05:36.569554'),
(585, 'MD IRSHAD', '18 MONTH', 'Male', 0, 7.9, 'LAXMIPUR', '8348176013', '1', '1', '2021-11-17 05:13:34.134744'),
(586, 'SARFARAZ HOSSAIN', '13 MONTH', 'Male', 0, 8.3, 'BARIOL', '7679692231', '1', '1', '2021-11-17 05:15:52.721533'),
(587, 'RAMIZ REZA', '46 DAYS', 'Male', 0, 3.7, 'HEMTABAD', '8101684396', '1', '1', '2021-11-17 05:17:07.660430'),
(588, 'MD NAZISH', '7 MONTH', 'Male', 0, 8.6, 'KRISHANGANJ', '9735691275', '1', '1', '2021-11-17 05:22:22.110589'),
(589, 'ABDULLAH', '13 MONTH 17 DAYS', 'Male', 0, 8, 'BARIOL', '9641411824', '1', '1', '2021-11-17 05:32:38.730147'),
(590, 'APU DAS', '13 DAYS', 'Male', 0, 2.7, 'GUABARI', '8946069643', '1', '1', '2021-11-17 05:40:54.324225'),
(591, 'RIYAN  SK', '13 DAYS', 'Male', 0, 2.3, 'SAMASPUR', '>?????', '1', '1', '2021-11-17 05:44:55.668946'),
(592, 'TANBIR HOSSAIN', '3 MONTH 24 DAYS', 'Male', 0, 6.2, 'ITHAR', '9647855286', '1', '1', '2021-11-17 05:47:34.373393'),
(593, 'SUHANA PARVEEN', '29 DAYS', 'Female', 0, 3.3, 'HEMTABAD', '8053784637', '1', '1', '2021-11-17 05:53:29.078701'),
(594, 'SUHANA PARVEEN', '2 MONTH 17 DAYS', 'Female', 0, 4.3, 'BARIOL', '<>???', '1', '1', '2021-11-17 06:01:28.879764'),
(595, 'TONMOY SAHA', '2 MONTH 4 DAYS', 'Male', 0, 4.4, 'BARSOI', '7759868486', '1', '1', '2021-11-17 06:04:28.527694'),
(596, 'TONMOY DAS', '4 YEARS 1 MONTH', 'Male', 0, 17.7, 'SARIYABAD', '7679680389', '1', '1', '2021-11-17 06:09:54.817663'),
(597, 'MARIYAM KHATUN', '2 MONTH', 'Female', 0, 3.9, 'KALIYAGANJ', '6295913972', '1', '1', '2021-11-17 06:20:09.011997'),
(598, 'MANAYATA DAS', '4 YEARS 4 MONTH', 'Female', 0, 19.2, 'HATIA', '9735075069', '1', '1', '2021-11-17 06:24:12.513825'),
(599, 'ZARA YESMIN', '3 YEARS 2 MONTH', 'Female', 0, 10, 'RARIA', '9734213377', '1', '1', '2021-11-17 06:26:31.848802'),
(600, 'MEGHASHREE SARKAR', '1 MONTH 15 DAYS', 'Female', 0, 4.4, 'ITAHAR', '8145757074', '1', '1', '2021-11-17 06:28:41.878846'),
(601, 'JIYA YASMIN', '7 MONTH', 'Female', 0, 8.1, 'HARIRAMPUR', '9593339276', '1', '1', '2021-11-17 06:44:59.851711'),
(602, 'SAMIM AKTAR', '1 YEARS 3 MONTH', 'Male', 0, 8.2, 'SUKUTALA', '7029442024', '1', '1', '2021-11-17 06:49:16.205925'),
(603, 'BHUMIKA BARMAN', '1 YEARS', 'Female', 0, 9.6, 'HATIA', '947451827', '1', '1', '2021-11-17 06:51:02.980548'),
(604, 'KRISHNA SINGHA', '12 YEARS', 'Female', 0, 38.6, 'KARANDIGHI', '9002637981', '1', '1', '2021-11-17 06:53:33.452811'),
(605, 'DISHANI ROY', '1 YEARS 1 MONTH', 'Female', 0, 8.7, 'RARIA', '8101794965', '1', '1', '2021-11-17 06:55:26.358596'),
(606, 'SIFA KHATUN', '1 YEARS 2 MONTH', 'Male', 0, 7.4, 'DEEPNAGAR', '9609127511', '1', '1', '2021-11-17 07:07:41.102306'),
(607, 'SIFAN ANSARI', '7 MONTH', 'Male', 0, 7.3, 'MOMINTOLA', '7319138792', '1', '1', '2021-11-17 07:09:49.618924'),
(608, 'MD SHAHNAWAZ ALAM', '11 MONTH', 'Male', 0, 7.2, 'BALIZOLE', '7001803265', '1', '1', '2021-11-17 07:15:13.786897'),
(609, 'SAHIM REZA', '8 MONTH 15 DAYS', 'Male', 0, 7.5, 'SASHAN', '9382908471', '1', '1', '2021-11-17 07:24:00.366119'),
(610, 'SOUKAT ALI', '4 YEARS', 'Male', 0, 14, 'SASHAN', '8920105331', '1', '1', '2021-11-17 07:25:00.009140'),
(611, 'RUKAIYA JAHAN', '1 YEARS 3 MONTH', 'Female', 0, 9.9, 'KOTAR', '6294477383', '1', '1', '2021-11-17 07:32:04.666487'),
(612, 'SANA KHATUN', '4 MONTH', 'Female', 0, 6.3, 'SASHAN', '9382493438', '1', '1', '2021-11-17 07:33:36.831338'),
(613, 'MAHI NUR', '3 YEARS 6 MONTH', 'Female', 0, 12.4, 'KUSHMANDI', '9609942257', '1', '1', '2021-11-17 07:34:57.233388'),
(614, 'ANU DAS', '4 YEARS 6 MONTH', 'Female', 0, 15, 'HARIRAMPUR', '7384618712', '1', '1', '2021-11-17 07:48:12.644613'),
(615, 'NAIYAR ALI', '1 YEARS 9 MONTH', 'Male', 0, 9.1, 'RAIGANJ', '8637083227', '1', '1', '2021-11-17 07:49:47.386938'),
(616, 'MD TANBIR', '2 YEARS 3 MONTH', 'Male', 0, 11.9, 'BHATOL', '866758323', '1', '1', '2021-11-17 07:56:00.310664'),
(617, 'KABIR ISLAM', '1 YEARS 4 MONTH', 'Male', 0, 9.4, 'HARIRAMPUR', '9733257099', '1', '1', '2021-11-17 07:58:33.795635'),
(618, 'MD RAIHAN', '20 DAYS', 'Male', 0, 2.5, 'BHITIAR', '8509359804', '1', '1', '2021-11-17 08:06:04.839634'),
(619, 'RAIHAN ISLAM', '1 YEARS 1 MONTH', 'Male', 0, 8.5, 'ITAHAR', '8509222283', '1', '1', '2021-11-17 08:10:38.722398'),
(620, 'ABIR ROY', '1YEARS 1 MONTH', 'Male', 0, 11.4, 'DALKHOLA', '9339592056', '1', '1', '2021-11-17 08:18:06.545169'),
(621, 'MD FAHIM', '2 YEARS10 MONTH', 'Male', 0, 11.5, 'DURLOBPUR', '9775154658', '1', '1', '2021-11-17 08:20:41.867668'),
(622, 'AROHI JANNAT', '1 MONTH', 'Female', 0, 3.3, 'KHARSATA', '8348815481', '1', '1', '2021-11-17 08:23:49.755856'),
(623, 'ROHAN ALI', '2 YEARS 4 MONTH', 'Male', 0, 11.5, 'KAMARDANGA', '7029368125', '1', '1', '2021-11-17 08:25:07.133861'),
(624, 'ADI RAHAMAN', '6 MONTH', 'Male', 0, 7.5, 'GOALPARA', '9064753357', '1', '1', '2021-11-17 08:42:03.615003'),
(625, 'RITTIKA DAS', '4 MONTH', 'Female', 0, 4.3, 'CHAPDUAR', '7811089035', '1', '1', '2021-11-17 08:43:28.137056'),
(626, 'ROSNI PARVEEN', '5 +YEARS', 'Female', 0, 15, 'BANGALBARI', '7478167955', '1', '1', '2021-11-17 08:46:48.746311'),
(627, 'ISHANA AKTAR', '1 YEARS 6 MONTH', 'Female', 0, 10.4, 'BANGALBARI', '7407788478', '1', '1', '2021-11-17 08:48:19.129611'),
(628, 'MD ARIF', '8 MONTH', 'Male', 0, 8.3, 'BHULKI', '9775436570', '1', '1', '2021-11-17 10:00:05.848698'),
(629, 'ADITI PAUL', '6 YEARS', 'Female', 0, 18, 'SUBHASGANJ', '9832326184', '1', '1', '2021-11-17 10:01:06.336584'),
(630, 'YASH DEBNATH', '1 MONTH 15 DAYS', 'Male', 0, 3.9, 'RAIPUR', '7602503429', '1', '1', '2021-11-17 10:05:38.355873'),
(631, 'ANUSKA MAHATO', '1 YEARS 2 MONTH', 'Female', 0, 9.8, 'RAIGANJ', '83488861761', '1', '1', '2021-11-17 10:10:09.438780'),
(632, 'RAISHI BARMAN', '3 MONTH', 'Female', 0, 5.6, 'TULSITALA', '8389940190', '1', '1', '2021-11-17 10:11:30.608695'),
(633, 'SAKHAWAT HOSSAIN', '1 YEARS 6 MONTH', 'Male', 0, 9.2, 'HEMTABAD', '9735026050', '1', '1', '2021-11-17 10:12:48.869603'),
(634, 'AFRIN PARVEEN', '8 DAYS', 'Female', 0, 2.5, 'BISAHAR', '8291465732', '1', '1', '2021-11-17 10:14:27.417270'),
(635, 'MOUSUMI KHATUN', '5 YEARS 6 MONTH', 'Female', 0, 14.9, 'JHANJHANA', '8371881202', '1', '1', '2021-11-17 10:17:33.185760'),
(636, 'MD GULJAR ALI', '2 MONTH', 'Male', 0, 2.7, 'KALIYAGANJ', '00123', '1', '1', '2021-11-17 10:44:16.226866'),
(637, 'AMAIRA KHAN', '2 YEARS', 'Female', 0, 8.5, 'MADHABPUR', '825083424', '1', '1', '2021-11-17 10:46:00.125701'),
(638, 'INDARAJIT BARMAN', '6 YEARS', 'Male', 0, 16, 'BHAGDUMORE', '8688892994', '1', '1', '2021-11-17 10:48:41.849039'),
(639, 'JAMIL AKTAR', '6 MONTH', 'Male', 0, 8, 'HARIRAMPUR', '9064067746', '1', '1', '2021-11-17 10:58:08.975648'),
(640, 'MANISH ROY', '4 YEARS 10 MONTH', 'Male', 0, 16.5, 'RAIGANJ', '95933302230', '1', '1', '2021-11-17 10:59:27.952861'),
(641, 'AYAN HQ', '1 YEARS 9 MONTH', 'Male', 0, 10, 'ITAHAR', '7003028189', '1', '1', '2021-11-17 11:00:32.828428'),
(642, 'AHASAN HQ', '1 YEARS 9 MONTH', 'Male', 0, 11.9, 'ITAHAR', '70030281890', '1', '1', '2021-11-17 11:01:25.963968'),
(643, 'ASMA KHATUN', '11 MONTH', 'Female', 0, 8, 'ITAHAR', '70030281891', '1', '1', '2021-11-17 11:03:26.514675'),
(644, 'MANVIK KUNDU', '1 YEARS 1 MONTH', 'Male', 0, 12, 'KALIYAGANJ', '9641825248', '1', '1', '2021-11-17 11:05:49.018180'),
(645, 'RAHAT ALAM', '9 MONTH', 'Male', 0, 8.4, 'KALIYAGANJ', '9434208702', '1', '1', '2021-11-17 11:07:11.728770'),
(646, 'GARIBUL HASAN', '1 MONTH 2 DAYS', 'Male', 0, 3.5, 'TUNGALBILPARA', '6294895667', '1', '1', '2021-11-17 11:09:30.109387'),
(647, 'MANISHA DAS', '2 YEARS', 'Female', 0, 13, 'RAIGANJ', '8348444739', '1', '1', '2021-11-17 11:19:08.114773'),
(648, 'MASUM REZA', '5 YEARS 1 MONTH', 'Male', 0, 16.5, 'HATIA', '9832828003', '1', '1', '2021-11-17 11:22:59.683827'),
(649, 'RIJUYAN NASIM', '5 YEARS 10 MONTH', 'Male', 0, 15.5, 'ELENGIA', '8918778930', '1', '1', '2021-11-17 11:28:33.707636'),
(650, 'SRIJIT SAHA', '3 YEARS 6 MONTH', 'Male', 0, 13.5, 'RAIGANJ', '9647790834', '1', '1', '2021-11-17 11:56:56.884868'),
(651, 'SAINA PARVEEN', '1 YEARS 10 MONTH', 'Female', 0, 11, 'CHURAMAN', '8515908384', '1', '1', '2021-11-17 11:58:21.646188'),
(652, 'ADRIT PAUL', '40 DAY', 'Male', 0, 4.9, 'SUBASGANJ', '6297323505', '1', '1', '2021-11-17 12:52:17.166681'),
(653, 'MD SAKIL REZA', '2 YEARS 3 MONTH', 'Male', 0, 13.3, 'HEMTABAD', '9749705697', '1', '1', '2021-11-17 12:53:32.490592'),
(654, 'SHREYASHI NASKAR', '4 YEARS 6 MONTH', 'Female', 0, 17.8, 'DEBINAGAR', '6345598194', '1', '1', '2021-11-17 12:54:44.065459'),
(655, 'ALIF NOOR', '2 YEARS', 'Female', 0, 9, 'LAHUJGRAM', '?0000', '1', '1', '2021-11-18 04:50:01.263586'),
(656, 'B/O- RABINA KHATUN', '4 DAYS', 'Female', 0, 1.4, 'TAJPUR', '9074275846', '1', '1', '2021-11-18 04:53:03.462419'),
(657, 'PIYUSH DAS', '15 MONTH', 'Male', 0, 13.4, 'CHAKULIA', '9775876350', '1', '1', '2021-11-18 04:55:43.290859'),
(658, 'RAMIZ REZA', '3 YEARS 2 MONTH', 'Male', 0, 14.7, 'KUSHMANDI', '8076581650', '1', '1', '2021-11-18 04:58:04.471743'),
(659, 'MAHIYA SARA', '4 MONTH 15 DAYS', 'Female', 0, 6.9, 'BALIHARA', '9733034102', '1', '1', '2021-11-18 05:05:40.550501'),
(660, 'SAKIB ALI', '1 YEARS', 'Male', 0, 7.6, 'BILASPUR', '\"\"\"\"\"', '1', '1', '2021-11-18 05:10:40.538032'),
(661, 'MD IRFAN HABIB', '3 YEARS 2 MONTH', 'Male', 0, 11.2, 'BINDOL', '8944819448', '1', '1', '2021-11-18 05:13:20.037725'),
(662, 'AJMAL SK', '1 YEARS 10 MONTH', 'Male', 0, 8, 'BISAHAR', '::::::', '1', '1', '2021-11-18 05:22:29.410378'),
(663, 'RIHANA PARVIN', '2 YEARS 6 MONTH', 'Female', 0, 9.1, 'HORIRAMPUR', '9734492615', '1', '1', '2021-11-18 05:24:05.788511'),
(664, 'SUGMONI ORAO', '10 MONTH', 'Female', 0, 7.3, 'ITAHAR', '8670490218', '1', '1', '2021-11-18 05:26:00.088993'),
(665, 'SRISHTI BHOWMICK', '7 YEARS', 'Male', 0, 26.8, 'CHANDITALA', '7001883069', '1', '1', '2021-11-18 05:39:49.501571'),
(666, 'JUNAID ALI', '6 MONTH', 'Male', 0, 7.3, 'ABADPUR', '9113351188', '1', '1', '2021-11-18 05:41:06.086869'),
(667, 'SAHABAJ KHAN', '2 MONTH', 'Male', 0, 5, 'BARSOI', '9031931735', '1', '1', '2021-11-18 05:42:41.419265'),
(668, 'NUR AJMI', '4 MONTH', 'Male', 0, 4.6, 'SURUN', '9891566138', '1', '1', '2021-11-18 05:52:41.352931'),
(669, 'MAMUN REZA', '8 MONTH', 'Male', 0, 6.4, 'GOPALPUR', '8371811959', '1', '1', '2021-11-18 05:54:20.798381'),
(670, 'FATEMA KHATUN', '6 MONTH', 'Female', 0, 5.8, 'RADHIKAPUR', '7318765802', '1', '1', '2021-11-18 05:55:47.523683'),
(671, 'SUMAIYA YESMIN', '3 YEARS 8 MONTH', 'Female', 0, 14, 'SARIYABAD', '6296863755', '1', '1', '2021-11-18 06:05:33.118980'),
(672, 'SAKIBUL HASAN', '1 MONTH 8 DAYS', 'Male', 0, 2.5, 'HARIRAMPUR', '9971912594', '1', '1', '2021-11-18 06:21:26.820129'),
(673, 'NURSHAD ALAM', '2 YEARS', 'Male', 0, 11.4, 'TILGAON', '8391024711', '1', '1', '2021-11-18 06:23:25.446591'),
(674, 'SUMI MANDAL', '3 YEARS 9 MONTH', 'Female', 0, 12, 'NUAPARA', '8145578575', '1', '1', '2021-11-18 06:31:00.620071'),
(675, 'DHRITI DEBSHARMA', '4 MONTH 15 DAYS', 'Female', 0, 6.8, 'HEMTABAD', '7063194385', '1', '1', '2021-11-18 06:33:49.112148'),
(676, 'RUPI SARKAR', '10 MONTH', 'Female', 0, 6.7, 'CHAINAGAR', '7318759321', '1', '1', '2021-11-18 06:43:09.510450'),
(677, 'TOUFIK REZA', '4 MONTH', 'Male', 0, 5.3, 'SASHAN', '7001413526', '1', '1', '2021-11-18 06:46:54.111548'),
(678, 'ABDUL RAKIB', '3 YEARS', 'Male', 0, 11.8, 'CHANCHAL', '9883830995', '1', '1', '2021-11-18 06:48:11.723570'),
(679, 'TABASSUM YASMIN', '8 YEARS', 'Female', 0, 23, 'KALIYAGANJ', '8348426561', '1', '1', '2021-11-18 06:49:40.716114'),
(680, 'MD AYAN', '5 YEARS', 'Male', 0, 15.5, 'KALIYAGANJ', '83484265610', '1', '1', '2021-11-18 06:50:30.318733'),
(681, 'ASIF ALI', '1 MONTH 27 DAYS', 'Male', 0, 4.8, 'BHULKAI', '97333520095', '1', '1', '2021-11-18 06:55:39.043583'),
(682, 'MUSARAF HOSSAIN', '5 MONTH', 'Male', 0, 7.8, 'BALIJOL', '7679456877', '1', '1', '2021-11-18 06:58:08.004252'),
(683, 'SAMRAT DAS', '3 YEARS 11 MONTH', 'Male', 0, 13.5, 'RAIGANJ', '0001', '1', '1', '2021-11-18 07:13:25.831538'),
(684, 'NURJAHAN KHATUN', '3 YEARS 6 MONTH', 'Female', 0, 13.5, 'RISHIPUR', '9734722578', '1', '1', '2021-11-18 07:28:14.005688'),
(685, 'ASMANI NURI', '1 YEARS 3 MONTH', 'Female', 0, 7.6, 'BAJITPUR', '6295730080', '1', '1', '2021-11-18 07:32:42.280145'),
(686, 'RAHAT ALI', '2 MONTH 9 DAYS', 'Male', 0, 4.6, 'KACHNA', '8348162077', '1', '1', '2021-11-18 07:34:45.589289'),
(687, 'MISARUL ALI', '1 YEARS', 'Male', 0, 7.7, 'KASIMPUR', '8509948658', '1', '1', '2021-11-18 07:42:52.646269'),
(688, 'ABU TALHA', '5 YEARS', 'Male', 0, 16, 'ELENGIA', '000123', '1', '1', '2021-11-18 07:44:18.551370'),
(689, 'RUMANA PARVEEN', '6 YEARS', 'Female', 0, 17, 'CHANCHAL', '9069047743', '1', '1', '2021-11-18 07:45:51.453935'),
(690, 'SAHEL SK', '3 MONTH', 'Male', 0, 4.8, 'KUMARJOL', '8292424813', '1', '1', '2021-11-18 07:51:39.243970'),
(691, 'ANJAR ALI', '2 YEARS 3 MONTH', 'Male', 0, 14, 'KACHNA', '9002555457', '1', '1', '2021-11-18 07:52:43.519351'),
(692, 'ZULFIKAR REZA', '5 YEARS', 'Male', 0, 13.3, 'HALALPUR', '7319254726', '1', '1', '2021-11-18 08:02:35.439889'),
(693, 'TOUSIF REZA', '4 MONTH', 'Male', 0, 6.2, 'BOSTOR', '8826687086', '1', '1', '2021-11-18 08:05:57.599107'),
(694, 'ZISHAN AHAMAD', '7 YEARS', 'Male', 0, 19.5, 'KACHNA', '9934912199', '1', '1', '2021-11-18 08:07:08.074398'),
(695, 'JOYJIT DUTTA', '2 YEARS 3 MONTH', 'Male', 0, 14.5, 'RAIGANJ', '8001689220', '1', '1', '2021-11-18 08:08:23.400746'),
(696, 'SWASTIKA BARMAN', '4 YEARS', 'Female', 0, 14.5, 'RAIPUR', '9851101543', '1', '1', '2021-11-18 08:09:58.112232'),
(697, 'SAHEBA KHATUN', '5 MONTH', 'Female', 0, 6.2, 'BAMANGRAM', '9641657270', '1', '1', '2021-11-18 08:11:27.150793'),
(698, 'MIMI PARVEEN ', '9 MONTH', 'Female', 0, 7.1, 'DANGI', '7407668766', '1', '1', '2021-11-18 08:26:34.080030'),
(699, 'ARMAN SK', '2 MONTH 15 DAYS', 'Male', 0, 5.2, 'BISHNAPUR', '8972618138', '1', '1', '2021-11-18 08:28:04.145277'),
(700, 'BABANU KARMAKAR', '2 YEARS 2 MONTH', 'Male', 0, 15.4, 'RAIGANJ', '7076701858', '1', '1', '2021-11-18 08:36:57.441930'),
(701, 'AFIA AKTAR', '8 MONTH', 'Female', 0, 8, 'BASUDEBPUR', '9733489123', '1', '1', '2021-11-18 09:56:38.407697'),
(702, 'SAMRIDDHI DAS', '6 YEARS 9 MONTH', 'Female', 0, 29.9, 'RAIGANJ', '7047857655', '1', '1', '2021-11-18 09:57:40.635053'),
(703, 'TANUSHREE PAUL', '11 MONTH', 'Female', 0, 7.5, 'RAIGANJ', '9933946710', '1', '1', '2021-11-18 10:01:36.198157'),
(704, 'RAFID AKTAR', '4 MONTH', 'Male', 0, 4.9, 'GUTHIN', '9749824161', '1', '1', '2021-11-18 10:04:00.460995'),
(705, 'JAYASHREE ROY', '1 YEARS', 'Female', 0, 7.5, 'RAIGANJ', '7098540077', '1', '1', '2021-11-18 10:09:58.499915'),
(706, 'MUNABBAR RANA', '7 MONTH', 'Male', 0, 6.8, 'DOHOL', '9735200481', '1', '1', '2021-11-18 10:11:44.666350'),
(707, 'MINSABA KHATUN', '9 MONTH 15 DAYS', 'Female', 0, 6.2, 'DOHOL', '97352004810', '1', '1', '2021-11-18 10:12:57.635771'),
(708, 'MASUM AFRIDI', '18 AYS', 'Male', 0, 3, 'NAODA', '8637823245', '1', '1', '2021-11-18 10:14:06.758276'),
(709, 'RUDRA SAHA', '1 YEAARS 6 MONTH', 'Male', 0, 9.6, 'RAIGANJ', '8967642603', '1', '1', '2021-11-18 10:32:29.533229'),
(710, 'AFJAL REZA', '1 YEARS 1 MONTH', 'Male', 0, 7.2, 'BIHAR', '9064450672', '1', '1', '2021-11-18 10:35:39.686061'),
(711, 'SAHINA KHATUN', '1 YEARS 5 MONTH', 'Female', 0, 7.8, 'BAMUHA', '7029252738', '1', '1', '2021-11-18 10:36:35.859167'),
(712, 'MAHIR REZA', '11 MONTH', 'Male', 0, 8.8, 'MANIKTALA', '9733475879', '1', '1', '2021-11-18 10:38:41.367458'),
(713, 'SAYESTA PARVEEN', '1 YEARS ', 'Female', 0, 6.4, 'GORAHAR', '6296082446', '1', '1', '2021-11-18 10:43:52.660363'),
(714, 'GITA SINGH', '28 DAYS', 'Female', 0, 3.7, 'JOLAMARI', '8670281401', '1', '1', '2021-11-18 10:45:09.219133'),
(715, 'MD MAHIR', '4 YEARS 6 MONTH', 'Male', 0, 21, 'RAIGANJ', '7585855098', '1', '1', '2021-11-18 10:48:05.700668'),
(716, 'RUKSHA PARVEEN', '7 YEARS', 'Female', 0, 17, 'SIJGRAM', '9987532930', '1', '1', '2021-11-18 11:15:54.553574'),
(717, 'ARIYAN SARKAR', '3 MONTH 5 DAYS', 'Male', 0, 4.7, 'RAIGANJ', '8145896013', '1', '1', '2021-11-18 11:17:35.753669'),
(718, 'MAMONI YASMIN', '1 YEARS 18 DAYS', 'Female', 0, 8.5, 'DODRA', '6296433560', '1', '1', '2021-11-18 11:19:31.529919'),
(719, 'MD MUSAB HQ', '1 YEARS 11 MONTH', 'Male', 0, 11.5, 'GUTHIN', '9064563047', '1', '1', '2021-11-18 11:21:31.335946'),
(720, 'JUNAID REZA', '4 YEARS', 'Male', 0, 13.5, 'KOKRA', '6294486820', '1', '1', '2021-11-18 11:22:19.901890'),
(721, 'ANIRBAN SARKAR', '3 YEARS', 'Male', 0, 11.9, 'RAIGANJ', '7679515104', '1', '1', '2021-11-18 11:23:44.435704'),
(722, 'AYUSH SAHA', '1 YEARS 6 MONTH', 'Male', 0, 11.5, 'DEBINAGAR', '8927149677', '1', '1', '2021-11-18 11:27:30.372043'),
(723, 'RIYANK DAS', '4 YEARS 2 MONTH', 'Male', 0, 21, 'CHANDITALA', '9382511681', '1', '1', '2021-11-18 11:29:20.283486'),
(724, 'ROUNAK AFRIDI', '7 YEARS 3 MONTH', 'Male', 0, 21.4, 'BAMANGRAM', '8637010309', '1', '1', '2021-11-18 12:43:14.781553'),
(725, 'RISHIKA  SARKAR', '2 YEARS', 'Female', 0, 10.5, 'RAIGANJ', '9800598227', '1', '1', '2021-11-18 12:44:46.246694'),
(726, 'MAHID HOSSAIN', '8 MONTH', 'Male', 0, 9.8, 'HARIRAMPUR', '1234567890', '1', '1', '2021-11-18 12:47:37.163847'),
(727, 'ARFIN PARVEEN', '8 YEARS', 'Female', 0, 20, 'ELENGIA', '8670365400', '1', '1', '2021-11-18 12:48:37.014073'),
(728, 'PARNYA PAUL', '10 MONTH', 'Female', 0, 8.8, 'RAIGANJ', '9679392003', '1', '1', '2021-11-18 12:49:53.493449'),
(729, 'ANIKET SARKAR', '1 YEARS 4 MONTH', 'Male', 0, 9.2, 'DEBINAGAR', '7908482723', '1', '1', '2021-11-18 12:54:51.747384'),
(730, 'RONIT MAHANTA', '1 YEARS 6 MONTH', 'Male', 0, 14, 'KAMLAI', '6296163759', '1', '1', '2021-11-18 13:00:12.419837'),
(731, 'TEJESH MALLIK', '1 YEARS 2 MONTH', 'Male', 0, 9.2, 'RAIGANJ', '8637335742', '1', '1', '2021-11-18 13:03:51.071192'),
(732, 'RAJ SINGH', '1 MONTH 26 DAYS', 'Male', 0, 4.3, 'RAIGANJ', '123123', '1', '1', '2021-11-18 13:05:10.984083'),
(733, 'SARTHAK DEBNATH', '3 YEARS', 'Male', 0, 13, 'RAIGANJ', '7006476419', '1', '1', '2021-11-18 13:25:19.957539'),
(734, 'MAMTAJ BEGAM', '1 MONTH 17 DAYS', 'Female', 0, 4.8, 'PACHGHARIA', '7031675985', '1', '1', '2021-11-18 13:27:05.844956'),
(735, 'ADITYA SINGHA ROY', '8 YEARS', 'Male', 0, 30, 'JALPAIGURI', '7384335220', '1', '1', '2021-11-18 13:27:58.158665'),
(741, 'Faisal Alam', '0-5-20', 'Female', 0, 0, '', '555555555555', '1', '1', '2021-11-18 18:11:16.020097'),
(743, ' Omnacortil   Drop.', '0-5-0', '', 0, 0, '', '9593240388', '0', '0', '2021-11-18 18:32:36.548351'),
(744, 'Syr. Azithral', '0-5-0', 'Male', 0, 0, '', '959324', '0', '0', '2021-11-18 18:33:34.946255'),
(745, 'RAIS IMAN', '2-9-0', 'Male', 0, 12.9, 'RAIGANJ', '9434476578', '1', '1', '2021-11-19 04:47:37.164463'),
(746, 'ARYAN REZA', '3-4-0', 'Male', 0, 11.2, 'DANGI', '8348453802', '1', '1', '2021-11-19 04:49:42.856405'),
(747, 'RIYAZ REZA', '0-0-23', 'Male', 0, 3.4, 'ITAHAR', '9883819765', '1', '1', '2021-11-19 04:55:48.062490'),
(749, 'RAHUL BARMAN', '0-8-0', 'Male', 0, 5.5, 'KALIYAGANJ', '8116118864', '1', '1', '2021-11-19 05:04:53.498059'),
(750, 'RAUF SARKAR', '2-10-0', 'Male', 0, 10.5, 'DAMDOLIA', '8250003289', '1', '1', '2021-11-19 05:10:12.446370'),
(751, 'MUSTAFIZUR RAHAMAN', '1-6-0', 'Male', 0, 7.5, 'RAGHABPUR', '8927060930', '1', '1', '2021-11-19 05:14:23.299473'),
(752, 'AHAMED REZA', '0-6-17', 'Male', 0, 7, 'SASHAN', '8637075874', '1', '1', '2021-11-19 05:17:35.559620'),
(753, 'MD AYAN', '0-9-0', 'Male', 0, 7.7, 'BHATOL', '...............', '1', '1', '2021-11-19 05:21:39.845490'),
(754, 'SUMAIYA KHATUN', '0-11-18', 'Female', 0, 6.8, 'SURUN', '6298053944', '1', '1', '2021-11-19 05:23:17.862246'),
(755, 'SOHAN ALAM', '0-9-13', 'Male', 0, 8.6, 'ITAHAR', '9064253544', '1', '1', '2021-11-19 05:30:35.229860'),
(756, 'TANISHI ROY', '0-1-11', 'Female', 0, 3.8, 'BOGRAM', '8617098442', '1', '1', '2021-11-19 05:38:53.109416'),
(757, 'AYESHA PARVIN', '0-2-0', 'Female', 0, 4.6, 'ITHAR', '9567477492', '1', '1', '2021-11-19 05:42:21.155333'),
(758, 'ALIA FATMA', '7-0-0', 'Female', 0, 22.7, 'CHAKULIA', '9593738970', '1', '1', '2021-11-19 05:46:50.353533'),
(759, 'MISTI AGARWAL', '0-11-0', 'Female', 0, 8.4, 'RAIGANJ', '8250276014', '1', '1', '2021-11-19 05:54:03.670376'),
(760, 'SRISTI  AGARWAL', '6-0-0', 'Female', 0, 23.1, 'RAIGANJ', '<<<<<<', '1', '1', '2021-11-19 05:54:52.373957'),
(761, 'ALISHA KHATUN', '0-0-15', 'Female', 0, 2.9, 'HEMTABAD', '9064720470', '1', '1', '2021-11-19 06:03:48.174779'),
(762, 'AL AMIN', '0-0-19', 'Male', 0, 2.7, 'HEMTABAD', '7037936178', '1', '1', '2021-11-19 06:05:14.463190'),
(763, 'ARIK BARMAN', '1-11-0', 'Male', 0, 12, 'ASHOKPALLY', '9775806637', '1', '1', '2021-11-19 06:06:08.600708'),
(764, 'SAHEB PARVEZ', '1-1-0', 'Male', 0, 7.8, 'HEMTABAD', '7031379427', '1', '1', '2021-11-19 06:07:09.847872'),
(765, 'SHANI MONDAL', '1-10-0', 'Male', 0, 10.4, 'ITAHAR', '9733448026', '1', '1', '2021-11-19 06:12:32.258220'),
(766, 'INAAYA SARKAR', '0-6-27', 'Female', 0, 6.4, 'RAIGANJ', '8509792529', '1', '1', '2021-11-19 06:13:47.460220'),
(767, 'ANKIT SAHA', '2-0-0', 'Male', 0, 16, 'DEBINAGAR', '8927251572', '1', '1', '2021-11-19 06:35:39.048970'),
(768, 'MD ARMAN REZA', '4-0-0', 'Male', 0, 12.3, 'KARANDIGHI', '9775821070', '1', '1', '2021-11-19 06:46:07.927117'),
(769, 'ARIFA ', '0-1-15', 'Female', 0, 3.8, 'KARANDIGHI', '7407228534', '1', '1', '2021-11-19 06:50:53.732542'),
(770, 'SUSMTA ROY', '5-4-0', 'Female', 0, 16.5, 'KHOLSHI', '9635155457', '1', '1', '2021-11-19 06:52:13.495526'),
(771, 'MD ROKI', '0-7-0', 'Male', 0, 7.8, 'CHERAMATI', '7427967984', '1', '1', '2021-11-19 06:53:18.654670'),
(772, 'DIPAYON MOJUMDAR', '9-0-0', 'Male', 0, 28, 'GOULPAKUR', '97333300032', '1', '1', '2021-11-19 06:57:44.397890'),
(773, 'SADIYA RAHY', '0-1-29', 'Female', 0, 4.1, 'SILIMPUR', '9593661886', '1', '1', '2021-11-19 07:09:16.997909'),
(774, 'KUNAL BARMAN', '0-4-10', 'Male', 0, 4.5, 'MEHENDIGRAM', '8250731750', '1', '1', '2021-11-19 07:10:10.798253'),
(775, 'SALMA KHATUN', '0-2-10', 'Female', 0, 3.8, 'KUMEDPUR', '7478182766', '1', '1', '2021-11-19 07:17:32.704877'),
(776, 'ROUNAK ALI', '0-4-7', 'Male', 0, 6.9, 'KUMEDPUR', '9382824143', '1', '1', '2021-11-19 07:19:08.124931'),
(777, 'SUPRIYA MANDAL', '1-4-0', 'Female', 0, 10.3, 'RAIGANJ', '9883894051', '1', '1', '2021-11-19 07:21:12.702517'),
(778, 'IRFAN ALI', '0-0-28', 'Male', 0, 4, 'BASUDEBPUR', '8617466431', '1', '1', '2021-11-19 07:54:31.287712'),
(779, 'RUKSHAR PARVEEN', '3-0-19', 'Male', 0, 10.4, 'BILASPUR', '7865828319', '1', '1', '2021-11-19 07:57:16.323215'),
(780, 'MD SAKIBUDDIN', '0-9-0', 'Male', 0, 9.8, 'MUNIHARI', '8509187278', '1', '1', '2021-11-19 08:00:02.965760'),
(781, 'MOHIT REZA', '2-6-0', 'Male', 0, 11.3, 'MUNIHARI', '6295132592', '1', '1', '2021-11-19 08:04:18.595717'),
(782, 'MD HAFIZ', '0-0-11', 'Male', 0, 2.9, 'BAMANGRAM', '9064618409', '1', '1', '2021-11-19 08:05:52.567286'),
(783, 'SUHANA KHATUN', '0-11-0', 'Female', 0, 6.8, 'SADIPUR', '8617343604', '1', '1', '2021-11-19 08:07:26.658563'),
(784, 'MD MUSTAFA', '0-0-16', 'Male', 0, 3.2, 'RISHIPUR', '8609544214', '1', '1', '2021-11-19 08:08:36.935604'),
(785, 'MIDHAT FATEMA', '0-11-0', 'Female', 0, 7.5, 'GOPALPUR', '7547930228', '1', '1', '2021-11-19 08:12:12.124843'),
(786, 'SAYON KHAN', '0-9-0', 'Male', 0, 9.3, 'ITAHAR', '9800881978', '1', '1', '2021-11-19 08:14:35.630439'),
(787, 'ABRAR HAMID', '0-11-0', 'Male', 0, 7.5, 'MALGAON', '9733064315', '1', '1', '2021-11-19 08:33:27.065746'),
(788, 'SOUVIK TALUKDAR', '0-9-0', 'Male', 0, 9, 'KALIYAGANJ', '7029748460', '1', '1', '2021-11-19 08:34:36.764905'),
(789, 'AVIJIT SAHANI', '3-8-0', 'Male', 0, 14, 'RAIGANJ', '9474044174', '1', '1', '2021-11-19 08:35:27.468071'),
(790, 'RANI PARVEEN', '1-0-0', 'Female', 0, 9.1, 'ELENGIA', '7559228726', '1', '1', '2021-11-19 08:43:00.177427'),
(791, 'LIZA HOSSAIN', '1-0-16', 'Female', 0, 8.9, 'PALAIBARI', '8348224986', '1', '1', '2021-11-19 08:52:05.094775'),
(792, 'NASIFA KHATUN', '0-0-26', 'Female', 0, 2.9, 'ITAHAR', '8346935379', '1', '1', '2021-11-19 08:56:18.183745'),
(793, 'PARVEZ ALAM', '0-1-4', 'Male', 0, 4.4, 'ITAHAR', '8810656204', '1', '1', '2021-11-19 08:57:52.651757'),
(794, 'AFAQ WAKAR', '0-1-17', 'Male', 0, 3.9, 'HEMTABAD', '7679583884', '1', '1', '2021-11-19 09:43:43.221740'),
(795, 'MD NIYAZ', '0-4-2', 'Male', 0, 6.3, 'HALALPUR', '9593206326', '1', '1', '2021-11-19 09:45:04.499863'),
(796, 'MD ANASH', '0-11-0', 'Male', 0, 8.5, 'BARIOL', '62940449500', '1', '1', '2021-11-19 09:55:25.837794'),
(797, 'SARIKA PARVEEN', '7-0-0', 'Female', 0, 20.5, 'ELENGIA', '8001968677', '1', '1', '2021-11-19 09:57:07.679300'),
(798, 'MD MUSARAF', '0-7-0', 'Male', 0, 7.4, 'BARIOL', '8287834660', '1', '1', '2021-11-19 09:57:59.445496'),
(799, 'MEHEFUJ ALAM', '2-6-0', 'Male', 0, 11, 'BARIOL', '7029144843', '1', '1', '2021-11-19 09:58:52.415872'),
(800, 'RAJ MANDAL', '0-2-0', 'Male', 0, 5.8, 'ITAHAR', '9749584287', '1', '1', '2021-11-19 10:07:02.498763'),
(801, 'SAMIRA SULTANA', '1-1-0', 'Female', 0, 6.5, 'CHANCHAL', '6301537136', '1', '1', '2021-11-19 10:08:55.331194'),
(802, 'IRFAN ALI', '0-1-25', 'Male', 0, 4, 'BASUDEBPUR', '9907637100', '1', '1', '2021-11-19 10:17:44.423647'),
(803, 'TITHI SARKAR', '0-0-19', 'Female', 0, 2.6, 'NUAPARA', '7407818413', '1', '1', '2021-11-19 10:19:12.643443'),
(804, 'DIPAYON BARAI', '0-1-0', 'Male', 0, 3.5, 'RAMPUR', '9679141230', '1', '1', '2021-11-19 10:32:24.367540'),
(805, 'AFTAHAR ALI', '0-0-29', 'Male', 0, 3.3, 'BALIRPAR', '7906300806', '1', '1', '2021-11-19 10:34:20.115044'),
(806, 'MAHI PARVEEN', '0-8-0', 'Female', 0, 7.89, 'BHATOL', '333', '1', '1', '2021-11-19 10:36:46.864537'),
(807, 'RIAZ ALI', '0-2-10', 'Male', 0, 3.5, 'BOHOTI', '2222', '1', '1', '2021-11-19 10:41:11.633323'),
(808, 'ANIK BHOWMIK', '5-0-0', 'Male', 0, 19, 'HEMTABAD', '9734138136', '1', '1', '2021-11-19 10:51:41.666324'),
(809, 'ASIFA KHATUN', '0-1-10', 'Female', 0, 3.4, 'KARANDIGHI', '8653118681', '1', '1', '2021-11-19 10:57:20.859969'),
(810, 'TANISHA KHATUN', '0-1-9', 'Female', 0, 3.9, 'BHATOL', '22', '1', '1', '2021-11-19 10:59:42.297941'),
(811, 'MD TANBIR', '1-2-0', 'Male', 0, 10, 'KARANDIGHI', '8942823134', '1', '1', '2021-11-19 11:01:09.053998'),
(812, 'BARUN DEBNATH', '3-0-0', 'Male', 0, 14.5, 'RASAKHWA', '9734224466', '1', '1', '2021-11-19 11:02:27.069007'),
(813, 'UMME SNEHA', '0-1-14', 'Female', 0, 3.8, 'ITAHAR', '9382321801', '1', '1', '2021-11-19 11:03:36.673428'),
(814, 'ANIYA ANSARI', '1-5-0', 'Female', 0, 9, 'CHEKPOST', '9749211919', '1', '1', '2021-11-19 11:31:47.788458'),
(815, 'TANMOY ROY', '0-0-16', 'Male', 0, 3.2, 'DURLOBPUR', '9593742059', '1', '1', '2021-11-19 11:32:46.330324'),
(816, 'BINAYAK SARKAR', '1-11-0', 'Male', 0, 11, 'PALIHAR', '7031285671', '1', '1', '2021-11-19 11:33:59.572377'),
(817, 'MASUMA PARVEEN', '1-2-0', 'Female', 0, 7.6, 'BALRAMPUR', '77799697460', '1', '1', '2021-11-19 11:35:27.995341'),
(818, 'MD DILSHAN', '1-2-0', 'Male', 0, 8.5, 'KARANDIGHI', '7797894288', '1', '1', '2021-11-19 11:48:56.321212'),
(819, 'SOURIK SAHA', '5-1-0', 'Male', 0, 15, 'RAIGANJ', '9475990816', '1', '1', '2021-11-19 11:49:51.471361'),
(820, 'RIK MANDAL', '9-0-0', 'Male', 0, 31.5, 'PIPLAN', '6297490488', '1', '1', '2021-11-19 11:50:56.225021'),
(821, 'ALIVIA SAHA', '2-4-15', 'Female', 0, 13.5, 'RAIGANJ', '9749579077', '1', '1', '2021-11-19 12:04:47.419726'),
(822, 'ANKITA SAHA', '0-11-20', 'Female', 0, 8, 'RAIGANJ', '9563339240', '1', '1', '2021-11-19 12:06:59.099197'),
(823, 'RAMIZ RAJA', '1-2-23', 'Male', 0, 8.5, 'HEMTABAD', '7479055165', '1', '1', '2021-11-19 12:09:06.454356'),
(824, 'NAYAN BARMAN', '0-2-10', 'Male', 0, 4.9, 'RANGAPUKUR', '8372926466', '1', '1', '2021-11-19 12:58:59.663280'),
(825, 'ANIKA ISLAM', '2-2-0', 'Male', 0, 10.4, 'DHUARAI', '8383821051', '1', '1', '2021-11-19 13:00:44.004038'),
(826, 'AROSHI SARA KHAN', '1-7-0', 'Female', 0, 7.8, 'KUSHMANDI', '8348745275', '1', '1', '2021-11-19 13:02:50.247657'),
(827, 'AMRITANSHU CHOWDHURY', '7-6-0', 'Male', 0, 30, 'RAIGANJ', '9836303123', '1', '1', '2021-11-19 13:06:59.481549'),
(828, 'RAJDEEP DAS', '10-0-0', 'Male', 0, 34, 'RAIGANJ', '70018578860', '1', '1', '2021-11-19 13:07:47.967660'),
(829, 'BITHIKA DEBNATH', '6-0-0', 'Female', 0, 17, 'RAIGANJ', '70064764190', '1', '1', '2021-11-19 13:12:58.717549'),
(831, 'ADIBA KHATUN', '1-6-0', 'Female', 0, 10.9, 'ABADPUR', '<<<<<<?????', '1', '1', '2021-11-20 04:53:22.153560'),
(833, 'DHRITI ROY', '8-9-0', 'Female', 0, 46.8, 'KHOLSHI', '9775483391', '1', '1', '2021-11-20 04:58:00.430512'),
(834, 'ABDUL RAHAMAN', '2-6-0', 'Male', 0, 10.7, 'GOALPUKHUR', '8918773024', '1', '1', '2021-11-20 04:59:11.226082'),
(835, 'IMARAN TAHIR', '2-3-0', 'Male', 0, 9, 'ITAHAR', '9339909330', '1', '1', '2021-11-20 05:01:57.216898'),
(836, 'MD NAIM', '0-2-27', 'Male', 0, 6.2, 'BISHNUPUR', '9800121845', '1', '1', '2021-11-20 05:03:48.417594'),
(837, 'MD MUJASSIR', '5-0-0', 'Male', 0, 13, 'KACHNA', '7782818849', '1', '1', '2021-11-20 05:05:40.028119'),
(838, 'ARNAB ROY', '7-0-0', 'Male', 0, 29.9, 'MUKUNDAPUR', '8617081746', '1', '1', '2021-11-20 05:06:31.006160'),
(839, 'ANASH BASFORE', '2-7-0', 'Male', 0, 10.4, 'RAIGANJ', '70018958', '1', '1', '2021-11-20 05:22:05.072968'),
(840, 'SUVODEEP DAS', '0-10-20', 'Male', 0, 8.6, 'CHANDITALA', '9733361628', '1', '1', '2021-11-20 05:24:00.144979'),
(841, 'NUR ALAM', '3-6-0', 'Male', 0, 12.2, 'HEMTABAD', '900201869', '1', '1', '2021-11-20 05:32:31.939529'),
(842, 'DHRUBO KUNDU', '5-0-0', 'Male', 0, 15.8, 'TUNGIDIHI', '8250589983', '1', '1', '2021-11-20 05:33:40.207795'),
(843, 'MD SUFIYAN', '0-0-29', 'Male', 0, 3.5, 'GHAHRA', '9064517422', '1', '1', '2021-11-20 05:45:13.186794'),
(844, 'JUYEL AKTAR', '3-6-0', 'Male', 0, 12.9, 'BHITIAR', '6297171500', '1', '1', '2021-11-20 05:51:17.115911'),
(845, 'KAUSAR MD', '0-7-0', 'Male', 0, 7.2, 'ITAL', '9641595370', '1', '1', '2021-11-20 05:59:44.612697'),
(846, 'IRAM FATMA', '9-0-0', 'Female', 0, 32.5, 'KARNAJORA', '825145495', '1', '1', '2021-11-20 06:00:47.796112'),
(847, 'MAHIRA KHATUN', '0-2-15', 'Female', 0, 5.2, 'NALPUKUR', '6294090179', '1', '1', '2021-11-20 06:01:50.992083'),
(848, 'JAMIL AKTAR', '1-10-0', 'Male', 0, 9.5, 'RASAKHOWA', '7407397658', '1', '1', '2021-11-20 06:04:38.143411'),
(849, 'NAJIA SULTANA', '0-11-0', 'Female', 0, 6.5, 'GOALPUKHUR', '8609670464', '1', '1', '2021-11-20 06:15:46.582689'),
(850, 'TAMIMA PARVEEN', '0-1-6', 'Female', 0, 3.8, 'BELTOR', '8130433061', '1', '1', '2021-11-20 06:18:21.281497'),
(851, 'HAYAT HOSSAIN', '1-1-0', 'Male', 0, 8.3, 'PAJOL', '8178354028', '1', '1', '2021-11-20 06:23:24.411277'),
(852, 'JISHAN ALAM', '0-10-0', 'Male', 0, 8, 'SAMPUR', '9932968995', '1', '1', '2021-11-20 06:30:48.910606'),
(853, 'ASIFA PARVEEN', '0-2-10', 'Female', 0, 4.9, 'ANDHARIA', '9734100769', '1', '1', '2021-11-20 06:36:01.707177'),
(854, 'MIJANUR RAHAMAN', '0-6-0', 'Male', 0, 5.7, 'NAJIRPUR', '9064056624', '1', '1', '2021-11-20 06:44:07.584315'),
(855, 'AMYRA AZMI', '0-10-6', 'Female', 0, 8.5, 'CHANCHAL', '9734007123', '1', '1', '2021-11-20 06:45:55.265420'),
(856, 'ISHIKA CHOUHAN', '1-4-0', 'Female', 0, 11.5, 'RAIGANJ', '7864892238', '1', '1', '2021-11-20 06:49:38.794386'),
(857, 'DEBADRITA SARKAR', '1-7-0', 'Male', 0, 13.7, 'RAIGANJ', '7029654253', '1', '1', '2021-11-20 06:50:54.511383'),
(858, 'B/O-BEAUTY KHATUN', '0-0-10', 'Male', 0, 2.8, 'BARIOL', '9932681525', '1', '1', '2021-11-20 06:59:15.331463'),
(859, 'MD RAYAN', '0-6-0', 'Male', 0, 7, 'KHOLSHI', '7865087770', '1', '1', '2021-11-20 07:00:44.428581'),
(860, 'SUMAIYA PARVEEN', '4-4-0', 'Female', 0, 17.5, 'KHOLSHI', '7029604837', '1', '1', '2021-11-20 07:09:21.363589'),
(861, 'TAPAJOY DAS', '0-10-0', 'Male', 0, 8.4, 'BHATOL', '8617700655', '1', '1', '2021-11-20 07:12:28.049484'),
(862, 'B/O-DILRUBA BEGAM', '0-0-10', 'Male', 0, 2.4, 'RAIGANJ', '7548958244', '1', '1', '2021-11-20 07:18:22.014736'),
(863, 'KHANSAR REZA', '0-3-0', 'Male', 0, 5.9, 'BARABARUA', '9641560575', '1', '1', '2021-11-20 07:19:39.546741'),
(864, 'SHAHNAWAZ AKTAR', '2-7-0', 'Male', 0, 10.9, 'RAIGANJ', '9734114712', '1', '1', '2021-11-20 07:30:29.887587'),
(865, 'ADITYA DAS', '9-0-0', 'Male', 0, 28, 'DURGAPUR', '8918363434', '1', '1', '2021-11-20 07:31:59.275856'),
(866, 'DEBRAJ BARMAN', '2-9-0', 'Male', 0, 12, 'HATIA', '9564399426', '1', '1', '2021-11-20 07:33:04.443233'),
(867, 'IKBAL HASAN', '0-1-20', 'Male', 0, 3.7, 'KASIMPUR', '9564328250', '1', '1', '2021-11-20 07:34:11.415756'),
(868, 'SUHANA PARVEEN', '0-1-13', 'Female', 0, 4, 'DURGAPUR', '8572067789', '1', '1', '2021-11-20 07:35:54.211848'),
(869, 'MD SAHIM', '0-11-0', 'Male', 0, 8.5, 'ITAHAR', '6294749329', '1', '1', '2021-11-20 07:37:52.654141'),
(870, 'ARNAPURNA BARMAN', '0-9-0', 'Male', 0, 7.8, 'PANISALA', '7602906054', '1', '1', '2021-11-20 07:41:31.413761'),
(871, 'BELAL ALI', '0-7-0', 'Male', 0, 7.2, 'RAIGANJ', '7479354806', '1', '1', '2021-11-20 08:04:31.202048'),
(872, 'ALFAJ ALI', '3-2-0', 'Male', 0, 11.4, 'ITAHAR', '77777', '1', '1', '2021-11-20 08:06:55.946471'),
(873, 'IMRAN BADSHA', '0-9-5', 'Male', 0, 7.7, 'NOMONIA', '8830575513', '1', '1', '2021-11-20 08:08:18.810762'),
(874, 'SAHIM REZA', '0-2-11', 'Male', 0, 5.4, 'BASTAMTALA', '9883879767', '1', '1', '2021-11-20 08:11:13.553214'),
(875, 'ROSHNI KHATUN', '0-11-10', 'Female', 0, 8, 'JAMALPUR', '6294463816', '1', '1', '2021-11-20 08:14:39.833147'),
(876, 'JUBAIR ALI', '0-1-8', 'Male', 0, 4.3, 'JAMALPUR', '8848279201', '1', '1', '2021-11-20 08:15:48.956433'),
(877, 'LISHAN NAHID', '0-3-15', 'Male', 0, 6.1, 'KUSHMANDI', '9609505671', '1', '1', '2021-11-20 08:17:05.540753'),
(878, 'ABU BAKKAR SIDDIK', '7-0-0', 'Male', 0, 14.8, 'HARIRAMPUR', '7547941313', '1', '1', '2021-11-20 08:18:07.006857'),
(879, 'AVINANDAN BARMAN', '1-1-0', 'Male', 0, 8.5, 'PARDHA', '8617559774', '1', '1', '2021-11-20 08:20:06.874768'),
(880, 'FARHAN AKTAR', '0-1-0', 'Male', 0, 4.5, 'BINDOL', '9932965442', '1', '1', '2021-11-20 08:27:45.192462'),
(881, 'NAFISHA PARVEEN', '0-0-6', 'Female', 0, 2.7, 'SAHAPUR', '7501078871', '1', '1', '2021-11-20 08:45:52.228693'),
(882, 'JUI PARVEEN', '2-6-0', 'Female', 0, 11.8, 'CHANDANPUR', '9773843586', '1', '1', '2021-11-20 08:49:37.306123'),
(883, 'ARPITA SHINGA', '5-0-0', 'Female', 0, 17.1, 'KARANDHIGHI', '6296738348', '1', '1', '2021-11-20 09:37:58.921811'),
(884, 'JOYDEB THAKUR', '2-8-0', 'Male', 0, 12.9, 'RAIGANJ', '9609708635', '1', '1', '2021-11-20 09:40:11.084432'),
(885, 'SURYA GHOSH', '0-7-0', 'Male', 0, 8.4, 'COLLEGPARA', '7602689042', '1', '1', '2021-11-20 09:44:03.497963'),
(886, 'RUMIANA PARVEEN', '0-6-15', 'Female', 0, 7.9, 'RAIGANJ', '9820551817', '1', '1', '2021-11-20 09:45:21.395336'),
(887, 'SIBANSHU MAHATO', '0-7-0', 'Male', 0, 7.8, 'RAIGANJ', '9734164717', '1', '1', '2021-11-20 09:54:04.616433'),
(888, 'PRIYANSHI MAHATO', '0-7-0', 'Male', 0, 6.2, 'RAIGANJ', '97341647170', '1', '1', '2021-11-20 09:54:47.745969'),
(889, 'AYESHA PARVEEN', '0-8-20', 'Female', 0, 6.8, 'SIYALTOR', '9382368483', '1', '1', '2021-11-20 10:01:26.855203'),
(890, 'PRIYOSHI KAR', '5-7-0', 'Female', 0, 16.7, 'BAJITPUR', '70762006564', '1', '1', '2021-11-20 10:02:06.171789');
INSERT INTO `tbl_patient_details` (`Patient_Id`, `Patient_Name`, `Patient_Age`, `Patient_Gender`, `Patient_Height`, `Patient_Weight`, `Patient_Address`, `Patient_Contact`, `Patient_Status`, `Patient_Visit_Status`, `Patient_Date`) VALUES
(891, 'RAKHI DAS', '0-3-0', 'Female', 0, 5, 'RAIGANJ', '81453705853', '1', '1', '2021-11-20 10:04:43.902231'),
(892, 'BABY YASMIN', '0-6-0', 'Female', 0, 5.9, 'DURLOBPUR', '8348602019', '1', '1', '2021-11-20 10:12:20.003604'),
(893, 'ARADHYA MANDAL', '0-8-0', 'Female', 0, 7.8, 'RAIGANJ', '7501501558', '1', '1', '2021-11-20 10:18:57.998757'),
(894, 'ARJU PARVEEN', '4-0-0', 'Female', 0, 10.8, 'BARSOI', '7045557635', '1', '1', '2021-11-20 10:21:36.739963'),
(895, 'HASAN ALI', '1-0-0', 'Male', 0, 6.2, 'BARSOI', '9771285171', '1', '1', '2021-11-20 10:22:44.899146'),
(896, 'AHAMMED', '1-2-0', 'Male', 0, 9.1, 'ITAHAR', '6289613953', '1', '1', '2021-11-20 10:25:05.919092'),
(897, 'KULSUM PARVEEN ', '0-1-5', 'Female', 0, 4, 'KEOTAL', '6294439511', '1', '1', '2021-11-20 10:26:19.006159'),
(898, 'MD ABDUL', '0-0-11', 'Male', 0, 1.9, 'KUSHMANDI', '6295861108', '1', '1', '2021-11-20 10:27:31.579150'),
(899, 'RAHIJA PARVEEN', '1-5-0', 'Female', 0, 5.4, 'BILASPUR', '9833752845', '1', '1', '2021-11-20 10:30:29.704257'),
(900, 'NAJMIN KHATUN', '1-0-0', 'Female', 0, 7.2, 'BALUFARA', '7501090537', '1', '1', '2021-11-20 11:01:51.704361'),
(901, 'DOYEL SAHA', '3-0-0', 'Female', 0, 12, 'RAIGANJ', '8101001601', '1', '1', '2021-11-20 11:04:57.939335'),
(902, 'SHRESTHA DUTTA', '0-6+-0', 'Female', 0, 5.7, 'RAIGANJ', '7001065929000', '1', '1', '2021-11-20 11:09:38.093568'),
(903, 'NISHAT ALAM', '0-2-10', 'Female', 0, 5.2, 'BANIYAPUKUR', '88602974620', '1', '1', '2021-11-20 11:16:01.145550'),
(904, 'Ashish Das', '7-0-0', 'Male', 0, 21, 'vitihar', '7679267330', '1', '1', '2021-11-20 11:31:31.838208'),
(905, 'ANUSKA NANDI', '8-0-0', 'Female', 0, 22, 'RAIGANJ', '977592116', '1', '1', '2021-11-20 11:32:18.760060'),
(906, 'RAFAIL', '0-3-0', 'Male', 0, 4.8, 'BARSOI', '6282392818', '1', '1', '2021-11-20 11:38:53.140795'),
(907, 'KOUSHANI DAS', '0-9-15', 'Female', 0, 9.6, 'RAIGANJ', '8918172366', '1', '1', '2021-11-20 11:46:44.987292'),
(908, 'RUDRA PAUL', '0-3-0', 'Male', 0, 5.8, 'RAIGANJ', '9732221660', '1', '1', '2021-11-20 11:56:33.791243'),
(909, 'MAYUKH PAUL', '1-6-0', 'Male', 0, 15.5, 'TUNGIDIGHI', '9126593168', '1', '1', '2021-11-20 12:00:10.214433'),
(910, 'SK RIAZ ALI', '1-9-0', 'Male', 0, 10.5, 'RAIGANJ', '9679180277', '1', '1', '2021-11-20 12:54:59.936741'),
(911, 'SK REZWAN ALI', '10-6-0', 'Male', 0, 27, 'RAIGANJ', '96791802770', '1', '1', '2021-11-20 12:55:40.487033'),
(912, 'MASBIN JAMIL', '5-4-0', 'Male', 0, 16, 'GORAHAR', '8145644480', '1', '1', '2021-11-20 12:57:37.043903'),
(913, 'OLIVIA DAS', '0-11-15', 'Female', 0, 9.5, 'RAIGANJ', '8016244239', '1', '1', '2021-11-20 12:58:52.639252'),
(914, 'RAKHI PAUL', '0-9-0', 'Female', 0, 7.9, 'RAIGANJ', '9635355821', '1', '1', '2021-11-20 13:00:15.207844'),
(915, 'SARANYA KUNDU', '5-11-0', 'Female', 0, 18, 'KALIYAGANJ', '9064099344', '1', '1', '2021-11-20 13:01:01.475870'),
(916, 'BEDANGSH MANDAL', '1-9-0', 'Male', 0, 12, 'RAIGANJ', '9474438788', '1', '1', '2021-11-20 13:02:32.553720'),
(917, 'ARNADEEP PAUL', '4-0-0', 'Male', 0, 17, 'RAIGANJ', '9064318184', '1', '1', '2021-11-20 13:03:08.918255'),
(918, 'SAMRIDDHA DEBNATH', '1-11-0', 'Male', 0, 12, 'DALKHOLA', '9475457333', '1', '1', '2021-11-20 13:30:37.923577'),
(919, 'ARIFA KHTAUN', '0-3-20', 'Female', 0, 4.8, 'ITAHAR', '9832120213', '1', '1', '2021-11-20 13:31:51.912565');

-- --------------------------------------------------------

--
-- Table structure for table `tbl_test`
--

CREATE TABLE `tbl_test` (
  `Test_Id` int(11) NOT NULL,
  `Test_Name` text NOT NULL,
  `Test_Code` int(50) NOT NULL,
  `Test_Status` varchar(2) NOT NULL,
  `Test_Date` datetime(6) NOT NULL DEFAULT CURRENT_TIMESTAMP(6)
) ENGINE=InnoDB DEFAULT CHARSET=utf8mb4;

--
-- Dumping data for table `tbl_test`
--

INSERT INTO `tbl_test` (`Test_Id`, `Test_Name`, `Test_Code`, `Test_Status`, `Test_Date`) VALUES
(1, 'Hb%,TC,DC,ESR,Platetets,CRP.', 1, '1', '2021-09-16 23:39:53.524604'),
(3, 'Hb%,TC,DC,ESR,Platetets,Mantoux Test with 5 TU, 25 OH Vitamine D3, TSH, Urine RE,ME.', 2, '1', '2021-09-20 22:35:39.403173'),
(4, 'Hb%,TC,DC,ESR,Platetets, MP,Widal Test, Urine RE,ME,C/S.', 3, '1', '2021-09-20 22:35:59.985852'),
(5, 'Hb%,TC,DC,ESR,Platetets,Periferal Smear', 4, '1', '2021-10-06 17:06:22.801799'),
(6, 'Hb%,TC,DC,ESR,Platetets,MP,Typhidot(IgM&IgG) Urine RE,ME,C/S', 5, '1', '2021-10-18 05:12:50.466964'),
(7, ' Hb%,TC,DC,ESR,Platetets,Urea,Creatinine,Total Protine,Albumine,Globuline,Cholesterol, Urine RE,ME,', 6, '1', '2021-10-20 06:43:58.200436'),
(8, 'Hb%,TC,DC,ESR,Platetets,PT,APTT,BT ,CT', 7, '1', '2021-10-20 06:44:33.959679'),
(9, 'Hb%,TC,DC,Platelet,LFT, HbsAg,Anti HCV', 8, '1', '2021-10-20 06:45:20.328132'),
(10, 'Serum Bilirubin,conjugated & unconjugated.Serum TSH,T4.', 9, '1', '2021-10-20 06:45:49.208641'),
(11, 'USG whole abdomen.', 10, '1', '2021-10-20 06:50:33.444650'),
(12, 'Digital chest x ray PA view.', 11, '1', '2021-10-20 06:53:39.417959'),
(13, 'USG KUB', 12, '1', '2021-10-20 06:54:04.374751'),
(14, 'CT Scan of brain', 13, '1', '2021-10-20 06:54:32.379042'),
(15, 'Echocardiography', 14, '1', '2021-10-20 06:54:52.087300'),
(16, 'EEG', 15, '1', '2021-10-20 06:55:13.062948'),
(17, '25 OH Cholecalciferol,Hb%,Mantoux Test with 5TU,TSH.', 16, '1', '2021-10-20 06:56:25.090415'),
(18, 'Uriine RE,ME,C/S.', 17, '1', '2021-10-20 06:56:50.119320'),
(19, 'Uriine RE,ME.', 18, '1', '2021-10-20 06:57:10.536659'),
(20, 'MRI Brain Screening', 19, '1', '2021-10-20 06:57:30.843074');

-- --------------------------------------------------------

--
-- Table structure for table `tbl_test_for_generate_prescription`
--

CREATE TABLE `tbl_test_for_generate_prescription` (
  `TG_Id` int(11) NOT NULL,
  `User_Id` int(11) NOT NULL,
  `Test_Id` int(11) NOT NULL,
  `TG_Suggest` text NOT NULL,
  `TG_Date` datetime(6) NOT NULL DEFAULT CURRENT_TIMESTAMP(6)
) ENGINE=InnoDB DEFAULT CHARSET=utf8mb4;

--
-- Dumping data for table `tbl_test_for_generate_prescription`
--

INSERT INTO `tbl_test_for_generate_prescription` (`TG_Id`, `User_Id`, `Test_Id`, `TG_Suggest`, `TG_Date`) VALUES
(7, 3, 1, 'Test', '2021-09-21 23:49:13.304577'),
(8, 3, 3, 'yyty', '2021-09-21 23:49:19.178391'),
(9, 4, 1, 'Digis ADD', '2021-09-22 16:44:04.691510'),
(12, 2, 3, 'Test', '2021-09-23 06:18:34.933686'),
(13, 6, 3, 'test', '2021-10-08 06:29:46.725292'),
(15, 9, 3, 'test', '2021-10-15 13:38:31.314451'),
(16, 10, 1, '', '2021-10-18 05:13:47.557870'),
(17, 10, 3, '', '2021-10-18 05:13:51.760094'),
(18, 11, 1, 'hfghfhfg', '2021-10-19 03:27:16.001761'),
(22, 16, 3, '', '2021-10-21 18:45:42.589358'),
(23, 16, 3, '', '2021-10-21 18:45:50.178788'),
(25, 19, 3, '', '2021-10-25 17:28:50.013156'),
(26, 20, 3, '', '2021-10-25 17:42:33.439967'),
(27, 18, 1, '', '2021-10-27 16:05:30.125128'),
(28, 22, 3, '', '2021-10-27 16:14:00.093480'),
(29, 22, 3, '', '2021-10-27 16:40:52.931322'),
(30, 23, 1, '', '2021-10-27 17:11:55.974662'),
(31, 25, 3, '', '2021-10-28 17:55:32.605877'),
(32, 26, 3, '', '2021-10-29 12:30:38.512174'),
(33, 27, 15, 'hfghfhfg', '2021-10-30 16:37:24.859520'),
(34, 27, 1, 'tst', '2021-10-30 16:37:42.639245'),
(35, 27, 3, '', '2021-10-30 17:10:55.277496'),
(37, 18, 12, '', '2021-11-03 16:31:12.099472'),
(41, 18, 19, '', '2021-11-06 17:57:31.635320'),
(42, 34, 4, '', '2021-11-09 05:17:10.503680'),
(43, 35, 12, '', '2021-11-09 05:22:27.667289'),
(44, 38, 3, '', '2021-11-09 05:39:05.857045'),
(45, 42, 3, '', '2021-11-09 06:02:51.046233'),
(46, 42, 20, '', '2021-11-09 06:03:48.238531'),
(47, 44, 12, '', '2021-11-09 06:08:10.870698'),
(48, 55, 1, '', '2021-11-09 06:59:19.737671'),
(49, 60, 4, '', '2021-11-09 07:29:06.499944'),
(50, 65, 4, '', '2021-11-09 07:52:00.315272'),
(51, 82, 11, '', '2021-11-09 09:09:01.858677'),
(52, 114, 4, '', '2021-11-10 04:57:30.079525'),
(53, 126, 16, '', '2021-11-10 06:01:14.555170'),
(54, 136, 3, '', '2021-11-10 06:54:18.869601'),
(55, 179, 4, '', '2021-11-10 10:48:21.150909'),
(56, 196, 4, '', '2021-11-11 04:49:31.555659'),
(57, 197, 12, '', '2021-11-11 04:54:19.683800'),
(58, 197, 20, '', '2021-11-11 04:54:36.532548'),
(59, 208, 4, '', '2021-11-11 05:50:39.273685'),
(60, 217, 1, '', '2021-11-11 06:46:52.672505'),
(61, 227, 11, '', '2021-11-11 07:47:15.689117'),
(62, 235, 16, '', '2021-11-11 08:30:30.769725'),
(63, 238, 11, '', '2021-11-11 08:47:47.941648'),
(64, 250, 18, '', '2021-11-11 12:14:28.941721'),
(65, 254, 19, '', '2021-11-12 05:02:12.816901'),
(66, 288, 19, '', '2021-11-12 08:03:30.271016'),
(67, 295, 4, '', '2021-11-12 08:51:29.648709'),
(68, 305, 11, '', '2021-11-12 10:12:18.490671'),
(69, 344, 4, '', '2021-11-13 05:32:41.236692'),
(70, 357, 4, '', '2021-11-13 06:38:27.810376'),
(71, 357, 11, '', '2021-11-13 06:39:52.758638'),
(72, 364, 4, '', '2021-11-13 07:12:41.437804'),
(73, 367, 4, '', '2021-11-13 07:29:56.146553'),
(74, 402, 16, '', '2021-11-13 11:12:45.974677'),
(75, 433, 12, '', '2021-11-15 06:00:57.130056'),
(76, 437, 18, '', '2021-11-15 06:23:35.523128'),
(77, 443, 3, '', '2021-11-15 06:59:35.386642'),
(78, 445, 4, '', '2021-11-15 07:08:39.299936'),
(79, 454, 4, '', '2021-11-15 07:49:47.850068'),
(80, 479, 12, '', '2021-11-15 10:49:15.935866'),
(81, 480, 4, '', '2021-11-15 10:55:04.316692'),
(82, 490, 4, '', '2021-11-15 11:56:53.474842'),
(83, 514, 11, '', '2021-11-16 05:11:59.852080'),
(84, 518, 19, '', '2021-11-16 05:24:36.474472'),
(85, 518, 17, '', '2021-11-16 05:25:57.799769'),
(86, 519, 4, '', '2021-11-16 05:36:02.567864'),
(87, 523, 16, '', '2021-11-16 06:06:23.238841'),
(88, 538, 16, '', '2021-11-16 07:49:23.887338'),
(89, 554, 4, '', '2021-11-16 09:47:59.514372'),
(90, 555, 4, '', '2021-11-16 09:54:57.833671'),
(91, 559, 19, '', '2021-11-16 10:21:09.517682'),
(92, 568, 4, '', '2021-11-16 11:08:42.261769'),
(93, 579, 3, '', '2021-11-16 13:25:49.898391'),
(94, 596, 12, '', '2021-11-17 06:23:00.845610'),
(95, 613, 11, '', '2021-11-17 07:47:39.483669'),
(96, 619, 11, '', '2021-11-17 08:22:42.717901'),
(97, 638, 4, '', '2021-11-17 11:03:58.987516'),
(98, 650, 17, '', '2021-11-17 12:05:05.659077'),
(99, 650, 1, '', '2021-11-17 12:05:27.985262'),
(100, 656, 1, '', '2021-11-18 05:00:17.611586'),
(102, 661, 18, '', '2021-11-18 05:25:42.401799'),
(103, 663, 4, '', '2021-11-18 05:38:22.540775'),
(104, 684, 7, '', '2021-11-18 07:37:00.912674'),
(105, 688, 4, '', '2021-11-18 07:53:15.933216'),
(106, 689, 4, '', '2021-11-18 07:55:47.936690'),
(107, 694, 8, '', '2021-11-18 08:20:26.152136'),
(108, 698, 4, '', '2021-11-18 08:37:51.423232'),
(110, 724, 18, '', '2021-11-18 12:48:57.776389'),
(111, 730, 4, '', '2021-11-18 13:24:27.475220'),
(112, 752, 4, '', '2021-11-19 05:25:22.523826'),
(113, 760, 8, '', '2021-11-19 06:10:50.293493'),
(114, 763, 18, '', '2021-11-19 06:26:12.556312'),
(115, 772, 11, '', '2021-11-19 07:13:24.642814'),
(116, 797, 18, '', '2021-11-19 10:06:35.804962'),
(117, 837, 4, '', '2021-11-20 05:21:03.925171'),
(118, 838, 14, '', '2021-11-20 05:29:15.117284'),
(119, 844, 16, '', '2021-11-20 05:58:46.712431'),
(120, 849, 3, '', '2021-11-20 06:25:48.624848'),
(121, 882, 11, '', '2021-11-20 09:00:11.646201'),
(122, 899, 3, '', '2021-11-20 11:03:12.381744'),
(123, 915, 4, '', '2021-11-20 13:44:59.538509'),
(124, 918, 14, '', '2021-11-20 13:50:06.012655');

--
-- Indexes for dumped tables
--

--
-- Indexes for table `tbl_admin`
--
ALTER TABLE `tbl_admin`
  ADD PRIMARY KEY (`Admin_Id`);

--
-- Indexes for table `tbl_advice`
--
ALTER TABLE `tbl_advice`
  ADD PRIMARY KEY (`Advice_Id`);

--
-- Indexes for table `tbl_advice_for_generate_prescription`
--
ALTER TABLE `tbl_advice_for_generate_prescription`
  ADD PRIMARY KEY (`AG_Id`);

--
-- Indexes for table `tbl_advice_medicine`
--
ALTER TABLE `tbl_advice_medicine`
  ADD PRIMARY KEY (`AM_ID`);

--
-- Indexes for table `tbl_digis`
--
ALTER TABLE `tbl_digis`
  ADD PRIMARY KEY (`Digis_Id`);

--
-- Indexes for table `tbl_digis_for_generate_prescription`
--
ALTER TABLE `tbl_digis_for_generate_prescription`
  ADD PRIMARY KEY (`DG_Id`);

--
-- Indexes for table `tbl_dosage_type`
--
ALTER TABLE `tbl_dosage_type`
  ADD PRIMARY KEY (`Dosage_Id`);

--
-- Indexes for table `tbl_medicine_for_generate_prescription`
--
ALTER TABLE `tbl_medicine_for_generate_prescription`
  ADD PRIMARY KEY (`MG_Id`);

--
-- Indexes for table `tbl_medicine_master`
--
ALTER TABLE `tbl_medicine_master`
  ADD PRIMARY KEY (`M_Id`);

--
-- Indexes for table `tbl_medicine_type`
--
ALTER TABLE `tbl_medicine_type`
  ADD PRIMARY KEY (`MT_Id`);

--
-- Indexes for table `tbl_patient_details`
--
ALTER TABLE `tbl_patient_details`
  ADD PRIMARY KEY (`Patient_Id`);

--
-- Indexes for table `tbl_test`
--
ALTER TABLE `tbl_test`
  ADD PRIMARY KEY (`Test_Id`);

--
-- Indexes for table `tbl_test_for_generate_prescription`
--
ALTER TABLE `tbl_test_for_generate_prescription`
  ADD PRIMARY KEY (`TG_Id`);

--
-- AUTO_INCREMENT for dumped tables
--

--
-- AUTO_INCREMENT for table `tbl_admin`
--
ALTER TABLE `tbl_admin`
  MODIFY `Admin_Id` int(11) NOT NULL AUTO_INCREMENT, AUTO_INCREMENT=3;

--
-- AUTO_INCREMENT for table `tbl_advice`
--
ALTER TABLE `tbl_advice`
  MODIFY `Advice_Id` int(11) NOT NULL AUTO_INCREMENT, AUTO_INCREMENT=25;

--
-- AUTO_INCREMENT for table `tbl_advice_for_generate_prescription`
--
ALTER TABLE `tbl_advice_for_generate_prescription`
  MODIFY `AG_Id` int(11) NOT NULL AUTO_INCREMENT, AUTO_INCREMENT=350;

--
-- AUTO_INCREMENT for table `tbl_advice_medicine`
--
ALTER TABLE `tbl_advice_medicine`
  MODIFY `AM_ID` int(11) NOT NULL AUTO_INCREMENT, AUTO_INCREMENT=4;

--
-- AUTO_INCREMENT for table `tbl_digis`
--
ALTER TABLE `tbl_digis`
  MODIFY `Digis_Id` int(11) NOT NULL AUTO_INCREMENT, AUTO_INCREMENT=78;

--
-- AUTO_INCREMENT for table `tbl_digis_for_generate_prescription`
--
ALTER TABLE `tbl_digis_for_generate_prescription`
  MODIFY `DG_Id` int(11) NOT NULL AUTO_INCREMENT, AUTO_INCREMENT=1052;

--
-- AUTO_INCREMENT for table `tbl_dosage_type`
--
ALTER TABLE `tbl_dosage_type`
  MODIFY `Dosage_Id` int(11) NOT NULL AUTO_INCREMENT, AUTO_INCREMENT=242;

--
-- AUTO_INCREMENT for table `tbl_medicine_for_generate_prescription`
--
ALTER TABLE `tbl_medicine_for_generate_prescription`
  MODIFY `MG_Id` int(11) NOT NULL AUTO_INCREMENT, AUTO_INCREMENT=4702;

--
-- AUTO_INCREMENT for table `tbl_medicine_master`
--
ALTER TABLE `tbl_medicine_master`
  MODIFY `M_Id` int(11) NOT NULL AUTO_INCREMENT, AUTO_INCREMENT=199;

--
-- AUTO_INCREMENT for table `tbl_medicine_type`
--
ALTER TABLE `tbl_medicine_type`
  MODIFY `MT_Id` int(11) NOT NULL AUTO_INCREMENT, AUTO_INCREMENT=15;

--
-- AUTO_INCREMENT for table `tbl_patient_details`
--
ALTER TABLE `tbl_patient_details`
  MODIFY `Patient_Id` int(11) NOT NULL AUTO_INCREMENT, AUTO_INCREMENT=920;

--
-- AUTO_INCREMENT for table `tbl_test`
--
ALTER TABLE `tbl_test`
  MODIFY `Test_Id` int(11) NOT NULL AUTO_INCREMENT, AUTO_INCREMENT=21;

--
-- AUTO_INCREMENT for table `tbl_test_for_generate_prescription`
--
ALTER TABLE `tbl_test_for_generate_prescription`
  MODIFY `TG_Id` int(11) NOT NULL AUTO_INCREMENT, AUTO_INCREMENT=125;
COMMIT;

/*!40101 SET CHARACTER_SET_CLIENT=@OLD_CHARACTER_SET_CLIENT */;
/*!40101 SET CHARACTER_SET_RESULTS=@OLD_CHARACTER_SET_RESULTS */;
/*!40101 SET COLLATION_CONNECTION=@OLD_COLLATION_CONNECTION */;
